SA2_code,y.breast.female,sd.breast.female
11001,-0.1743533871447778,0.08895580976774378
11002,-0.020202707317519466,0.040036538490558826
11003,0.16551443847757333,0.10863367206258762
11004,0.02955880224154443,0.04273973625788716
11005,-0.10536051565782628,0.10238300788885267
11006,-0.030459207484708574,0.05480624929634539
11007,0,0.05782075780969555
11008,0.009950330853168092,0.07064779299240058
11009,0.009950330853168092,0.0662304140418319
11010,0.01980262729617973,0.0612037321831525
11011,0.02955880224154443,0.03816388422586654
11012,0.01980262729617973,0.0612037321831525
11013,-0.020202707317519466,0.06812826154312385
11014,0.08617769624105241,0.10914637561698252
11015,0.009950330853168092,0.05727923564851073
11016,0,0.07130711345671359
11017,0.04879016416943205,0.093021202445895207
11018,0,0.08010395347431873
11019,-0.040821994520255166,0.08767870251360162
11020,-0.06187540371808753,0.06129811828676702
11021,0.009950330853168092,0.08794450303101352
11022,0,0.05782075780969555
11023,-0.06187540371808753,0.09842023781861813
11024,0.01980262729617973,0.05674777301542054
11025,-0.09431067947124129,0.08263741221686538
11026,0.02955880224154443,0.08637349821613304
11027,0.01980262729617973,0.07434276080683347
11028,0.04879016416943205,0.08072653327290515
11029,0,0.07130711345671359
11030,0.009950330853168092,0.043550943342426957
11031,0.04879016416943205,0.05521101257154727
11032,0.058268908123975824,0.059022652550746
11033,0.03922071315328133,0.07301063451054758
11034,0.04879016416943205,0.06812826154312375
11035,0.03922071315328133,0.06874111937252891
11036,0.04879016416943205,0.06385874640510507
11037,0.058268908123975824,0.08002166912906615
11038,0.02955880224154443,0.08637349821613304
11039,0.02955880224154443,0.06936512052858618
11040,0.03922071315328133,0.06443557414504694
11041,0.058268908123975824,0.07172548501081089
11042,0.01980262729617973,0.0612037321831525
11043,0.03922071315328133,0.06443557414504694
11044,-0.030459207484708574,0.0641680547393028
11045,-0.06187540371808753,0.06129811828676702
11046,-0.18632957819149348,0.07952569934019639
11047,0.03922071315328133,0.06009338553897111
11048,-0.06187540371808753,0.07083492084398772
11049,-0.020202707317519466,0.04957334104777952
11050,-0.06187540371808753,0.06608880213872571
11051,0.04879016416943205,0.06812826154312375
11052,-0.08338160893905101,0.11384875067051513
11053,-0.09431067947124129,0.08263741221686538
11054,-0.18632957819149348,0.08993838894795511
11055,0.03922071315328133,0.07301063451054758
11056,-0.09431067947124129,0.07301063451054762
11057,-0.05129329438755058,0.07479769091422221
11058,0.01980262729617973,0.07434276080683347
11059,-0.040821994520255166,0.09213466168133358
11060,-0.05129329438755058,0.05106298905968502
11061,-0.040821994520255166,0.06009338553897121
11062,-0.05129329438755058,0.055899082914044086
11063,-0.1743533871447778,0.10403683131955216
11064,-0.05129329438755058,0.05106298905968502
11065,-0.01005033585350145,0.05837262815191036
11066,-0.020202707317519466,0.06812826154312385
11067,0.02955880224154443,0.08637349821613304
11068,-0.05129329438755058,0.06068976676600278
11069,-0.05129329438755058,0.055899082914044086
11070,-0.10536051565782628,0.10238300788885267
11071,-0.06187540371808753,0.06608880213872571
11072,-0.08338160893905101,0.10036239502349709
11073,-0.08338160893905101,0.06255220514914916
11074,-0.06187540371808753,0.05157965146498411
11076,-0.06187540371808753,0.07553729589752038
11077,-0.07257069283483537,0.07629170100559375
11078,-0.020202707317519466,0.08161461719014189
11079,-0.06187540371808753,0.046650105081444876
11080,-0.040821994520255166,0.08767870251360162
11081,0,0.04396821236788388
11082,0.01980262729617973,0.06562111113372117
11083,0,0.05782075780969555
11084,0.02955880224154443,0.06936512052858618
11085,0.009950330853168092,0.07502725405943704
11086,0.01980262729617973,0.05674777301542054
11087,0.01980262729617973,0.07000057220075763
11088,-0.020202707317519466,0.07715865802240994
11089,0,0.062355935063392404
11090,0.02955880224154443,0.08217426396280882
11091,0.058268908123975824,0.08002166912906615
11092,-0.07257069283483537,0.06191880459401399
11093,-0.05129329438755058,0.06543588547126479
11094,-0.07257069283483537,0.05703643162659016
11095,-0.07257069283483537,0.06675489844837307
11096,-0.09431067947124129,0.06319871515958456
11097,-0.040821994520255166,0.08767870251360162
11098,-0.040821994520255166,0.055347266833709205
11099,-0.05129329438755058,0.055899082914044086
11100,-0.07257069283483537,0.07629170100559375
11101,-0.01005033585350145,0.07643483583094902
11102,0.009950330853168092,0.08367498789299484
11103,-0.05129329438755058,0.05106298905968502
11104,-0.09431067947124129,0.06812826154312379
11105,-0.06187540371808753,0.05646202443240795
11106,-0.08338160893905101,0.07227067197093207
11107,-0.07257069283483537,0.05703643162659016
11108,-0.040821994520255166,0.06479576059250386
11109,-0.05129329438755058,0.041251069708721944
11110,-0.06187540371808753,0.05157965146498411
11111,-0.05129329438755058,0.06068976676600278
11112,-0.09431067947124129,0.08263741221686538
11113,-0.07257069283483537,0.052106885243050925
11114,-0.07257069283483537,0.06675489844837307
11115,-0.05129329438755058,0.06068976676600278
11116,-0.05129329438755058,0.06068976676600278
11117,-0.08338160893905101,0.05762265876560992
11118,-0.030459207484708574,0.0641680547393028
11119,-0.06187540371808753,0.08019672628694513
11120,-0.10536051565782628,0.08348439988867455
11121,-0.040821994520255166,0.07407245400229491
11122,-0.08338160893905101,0.06255220514914916
11123,-0.030459207484708574,0.0641680547393028
11124,-0.040821994520255166,0.08767870251360162
11125,-0.07257069283483537,0.052106885243050925
11126,-0.06187540371808753,0.08938984133933205
11127,-0.08338160893905101,0.07227067197093207
11128,-0.040821994520255166,0.10957923553249652
11129,-0.08338160893905101,0.04254163721380154
11130,-0.040821994520255166,0.06009338553897121
11131,0.009950330853168092,0.05727923564851073
11132,-0.030459207484708574,0.06878531775966909
11133,-0.030459207484708574,0.07789634704538657
11134,-0.040821994520255166,0.055347266833709205
11135,-0.01005033585350145,0.04439355968858666
11136,0.01980262729617973,0.05674777301542054
11137,-0.01005033585350145,0.07197887666321708
11138,0.08617769624105241,0.0898911062379789
11139,0.0769610411361284,0.08268156088488343
11140,0.02955880224154443,0.06502293192251035
11141,0.01980262729617973,0.05674777301542054
11142,0.01980262729617973,0.08291782117233411
11143,0.01980262729617973,0.07864830603431543
11144,0.01980262729617973,0.06562111113372117
11145,-0.01005033585350145,0.06748365743762784
11146,-0.01005033585350145,0.05837262815191036
11147,0.009950330853168092,0.06177445487409995
11148,0.009950330853168092,0.07064779299240058
11149,-0.020202707317519466,0.06355240951110323
11150,-0.040821994520255166,0.06945519098192862
11151,-0.08338160893905101,0.06255220514914916
11152,-0.05129329438755058,0.07941495393458849
11153,-0.030459207484708574,0.06878531775966909
11154,-0.05129329438755058,0.09302120244589519
11155,-0.12783337150988489,0.0949501426703371
11156,-0.040821994520255166,0.055347266833709205
11157,-0.030459207484708574,0.0823915662709758
11158,0.058268908123975824,0.08818510859153614
11159,0.01980262729617973,0.07000057220075763
11160,0,0.11384875067051518
11162,0.01980262729617973,0.0612037321831525
11163,0.12221763272424911,0.06756356410680185
11164,0.02955880224154443,0.06936512052858618
11165,-0.040821994520255166,0.06009338553897121
11166,-0.01005033585350145,0.06294848018393098
11167,-0.08338160893905101,0.06255220514914916
11168,-0.030459207484708574,0.07336116979168972
11169,-0.09431067947124129,0.06812826154312379
11170,-0.040821994520255166,0.0505565829817505
11171,-0.10536051565782628,0.08827508374063324
11172,-0.05129329438755058,0.06068976676600278
11173,-0.07257069283483537,0.06675489844837307
11174,-0.06187540371808753,0.06129811828676702
11175,-0.040821994520255166,0.0505565829817505
11176,-0.07257069283483537,0.07154558230033174
11177,0.009950330853168092,0.07064779299240058
11178,0.009950330853168092,0.0662304140418319
11179,-0.020202707317519466,0.04957334104777952
11180,-0.020202707317519466,0.09041145720774703
11181,-0.01005033585350145,0.04909593474211932
11182,0.06765864847381486,0.10712912659411464
11183,0,0.04396821236788388
11184,-0.01005033585350145,0.07643483583094902
11185,-0.040821994520255166,0.055347266833709205
11186,-0.07257069283483537,0.07629170100559375
11187,-0.040821994520255166,0.0505565829817505
11188,-0.06187540371808753,0.06129811828676702
11189,-0.06187540371808753,0.05157965146498411
11190,-0.020202707317519466,0.06812826154312385
11191,-0.11653381625595151,0.0794665966373637
11192,-0.05129329438755058,0.05106298905968502
11193,-0.09431067947124129,0.06319871515958456
11194,-0.040821994520255166,0.04572048912739144
11195,-0.08338160893905101,0.10489757227719394
11196,-0.08338160893905101,0.05762265876560992
11197,-0.13926206733350766,0.11031791248450819
11198,-0.07257069283483537,0.052106885243050925
11199,-0.11653381625595151,0.11270093447969101
11200,-0.07257069283483537,0.06675489844837307
11201,-0.06187540371808753,0.07083492084398772
11202,-0.040821994520255166,0.07407245400229491
11203,0.03922071315328133,0.07301063451054758
11204,-0.030459207484708574,0.0823915662709758
11205,-0.05129329438755058,0.04618061609226118
11206,0.03922071315328133,0.06443557414504694
11207,0.14842000511827322,0.1138487506705152
11208,0.009950330853168092,0.052744058394813866
11209,0.009950330853168092,0.052744058394813866
11210,0,0.062355935063392404
11211,0.04879016416943205,0.08895580976774374
11212,-0.13926206733350766,0.1007811099272875
11213,0.06765864847381486,0.07523098527710746
11214,0.03922071315328133,0.06009338553897111
11215,-0.030459207484708574,0.0641680547393028
11216,-0.020202707317519466,0.1033287061793235
11217,-0.030459207484708574,0.0641680547393028
11218,-0.05129329438755058,0.05106298905968502
11219,-0.05129329438755058,0.06543588547126479
11220,-0.08338160893905101,0.08650984958168542
11221,-0.040821994520255166,0.06009338553897121
11222,-0.01005033585350145,0.05837262815191036
11223,-0.05129329438755058,0.06068976676600278
11224,-0.030459207484708574,0.05950862434987806
11225,0.01980262729617973,0.0612037321831525
11226,-0.020202707317519466,0.058935146490736945
11227,-0.040821994520255166,0.06009338553897121
11228,-0.020202707317519466,0.06812826154312385
11229,-0.01005033585350145,0.07643483583094902
11230,-0.05129329438755058,0.08852598322030597
11231,-0.030459207484708574,0.05950862434987806
11232,-0.10536051565782628,0.08827508374063324
11233,0.009950330853168092,0.05727923564851073
11234,-0.05129329438755058,0.06543588547126479
11235,-0.020202707317519466,0.0726634387968207
11236,-0.01005033585350145,0.07643483583094902
11237,0.009950330853168092,0.05727923564851073
11238,-0.040821994520255166,0.06479576059250386
11239,-0.06187540371808753,0.07083492084398772
11240,-0.07257069283483537,0.07154558230033174
11241,-0.020202707317519466,0.06812826154312385
11242,-0.040821994520255166,0.07864830603431554
11243,-0.030459207484708574,0.0641680547393028
11244,0.13976194237515863,0.10036239502349707
11245,0.01980262729617973,0.05225255378983132
11246,-0.020202707317519466,0.08161461719014189
11247,-0.040821994520255166,0.0505565829817505
11248,0.01980262729617973,0.08291782117233411
11249,-0.020202707317519466,0.04957334104777952
11250,-0.030459207484708574,0.06878531775966909
11251,-0.020202707317519466,0.1033287061793235
11252,-0.040821994520255166,0.04572048912739144
11253,-0.06187540371808753,0.06608880213872571
11254,-0.040821994520255166,0.055347266833709205
11255,-0.07257069283483537,0.06191880459401399
11256,0.009950330853168092,0.08794450303101352
11257,-0.020202707317519466,0.04482722234251752
11258,-0.020202707317519466,0.08603199614071055
11259,-0.01005033585350145,0.05375536513154408
11260,-0.020202707317519466,0.058935146490736945
11261,-0.07257069283483537,0.10387701798022418
11262,-0.01005033585350145,0.05375536513154408
11263,0.01980262729617973,0.06562111113372117
11264,0.01980262729617973,0.0612037321831525
11265,0.009950330853168092,0.07064779299240058
11266,-0.01005033585350145,0.05375536513154408
11267,0.03922071315328133,0.06874111937252891
11268,0.01980262729617973,0.08291782117233411
11269,0.009950330853168092,0.0662304140418319
11270,0.03922071315328133,0.07301063451054758
11271,0,0.04396821236788388
11272,-0.01005033585350145,0.05837262815191036
11273,-0.020202707317519466,0.08161461719014189
11274,-0.030459207484708574,0.07336116979168972
11275,0,0.05324490577767493
11276,0.009950330853168092,0.07502725405943704
11277,-0.08338160893905101,0.07227067197093207
11278,0.02955880224154443,0.06936512052858618
11279,-0.030459207484708574,0.07336116979168972
11280,-0.030459207484708574,0.07789634704538657
11281,-0.01005033585350145,0.05837262815191036
11282,0.01980262729617973,0.08715190424105611
11283,-0.01005033585350145,0.06294848018393098
11284,0.009950330853168092,0.0662304140418319
11285,0,0.06685115428898164
11286,-0.040821994520255166,0.06009338553897121
11287,-0.020202707317519466,0.0726634387968207
11288,0.009950330853168092,0.048168206362793245
11289,-0.020202707317519466,0.05427571610131218
11290,-0.040821994520255166,0.055347266833709205
11291,-0.030459207484708574,0.05480624929634539
11292,0,0.04862764275730864
11293,-0.030459207484708574,0.050060130591083385
11294,-0.030459207484708574,0.0641680547393028
11295,-0.030459207484708574,0.050060130591083385
11296,0.01980262729617973,0.05225255378983132
11297,0.01980262729617973,0.03852426148374755
11298,0.02955880224154443,0.07367066575606815
11299,-0.020202707317519466,0.05427571610131218
11300,-0.01005033585350145,0.05375536513154408
11301,0.01980262729617973,0.0612037321831525
11302,-0.020202707317519466,0.05427571610131218
11303,-0.08338160893905101,0.05762265876560992
11304,-0.08338160893905101,0.052645018487362624
11305,-0.07257069283483537,0.052106885243050925
11306,-0.07257069283483537,0.05703643162659016
11307,-0.030459207484708574,0.05480624929634539
11308,-0.08338160893905101,0.047618336628683214
11309,-0.040821994520255166,0.055347266833709205
11310,-0.05129329438755058,0.06068976676600278
11311,-0.07257069283483537,0.05703643162659016
11312,-0.06187540371808753,0.041672464803197584
11313,-0.06187540371808753,0.06608880213872571
11314,-0.08338160893905101,0.05762265876560992
11315,-0.040821994520255166,0.06009338553897121
11316,-0.11653381625595151,0.05945602870201608
11317,-0.08338160893905101,0.05762265876560992
11318,-0.08338160893905101,0.052645018487362624
11319,-0.07257069283483537,0.05703643162659016
11320,0.01980262729617973,0.08715190424105611
11321,-0.01005033585350145,0.07643483583094902
11322,0.01980262729617973,0.05225255378983132
11323,0.02955880224154443,0.06064347085547387
11325,-0.01005033585350145,0.06748365743762784
11326,-0.08338160893905101,0.05762265876560992
11327,-0.020202707317519466,0.06355240951110323
11328,-0.030459207484708574,0.05950862434987806
11329,0.04879016416943205,0.06812826154312375
11330,0.02955880224154443,0.06064347085547387
11331,-0.05129329438755058,0.06543588547126479
11332,-0.05129329438755058,0.05106298905968502
11333,0.12221763272424911,0.06756356410680185
11334,-0.06187540371808753,0.06608880213872571
11335,0.009950330853168092,0.048168206362793245
11336,0.009950330853168092,0.0662304140418319
11337,0.009950330853168092,0.06177445487409995
11338,0.009950330853168092,0.06177445487409995
11339,0.11332868530700327,0.06009338553897111
11340,0.20701416938432612,0.06968139541109732
11341,0.11332868530700327,0.06009338553897111
11343,0.1823215567939546,0.05247825787740198
11344,0.14842000511827322,0.08860382349532653
11345,0.0769610411361284,0.053755365131543976
11346,0.20701416938432612,0.07686748718749478
11347,0.11332868530700327,0.07209874136049872
11348,0.08617769624105241,0.061651261807792714
11349,0.009950330853168092,0.052744058394813866
11350,0.02955880224154443,0.06502293192251035
11351,0.04879016416943205,0.050831551504510804
11352,0.058268908123975824,0.059022652550746
11353,-0.10536051565782628,0.053755365131544025
11354,-0.10536051565782628,0.04862764275730858
11355,-0.11653381625595151,0.06453272811689775
11356,-0.09431067947124129,0.05319439302265785
11357,-0.13926206733350766,0.0555116631881628
11358,-0.08338160893905101,0.06255220514914916
11359,-0.01005033585350145,0.05837262815191036
11360,-0.08338160893905101,0.06255220514914916
11361,-0.10536051565782628,0.053755365131544025
11362,-0.09431067947124129,0.04811769360777617
11363,-0.08338160893905101,0.05762265876560992
11364,-0.07257069283483537,0.04712924496480362
11365,-0.15082288973458366,0.061410041964221986
11366,-0.13926206733350766,0.0555116631881628
11367,-0.13926206733350766,0.060744571436728664
11368,-0.06187540371808753,0.05157965146498411
11369,-0.07257069283483537,0.05703643162659016
11370,-0.10536051565782628,0.053755365131544025
11371,-0.05129329438755058,0.07479769091422221
11372,-0.08338160893905101,0.06743457811657298
11373,-0.10536051565782628,0.05883206454642571
11374,-0.01005033585350145,0.05837262815191036
11375,-0.020202707317519466,0.04957334104777952
11376,-0.020202707317519466,0.04957334104777952
11377,-0.08338160893905101,0.05762265876560992
11378,0.009950330853168092,0.0662304140418319
11379,0.02955880224154443,0.06502293192251035
11380,-0.020202707317519466,0.06355240951110323
11381,0.009950330853168092,0.0662304140418319
11382,0.02955880224154443,0.06936512052858618
11383,-0.01005033585350145,0.06294848018393098
11384,-0.07257069283483537,0.06675489844837307
11385,0.03922071315328133,0.08974013595084906
11386,-0.040821994520255166,0.06009338553897121
11387,0.01980262729617973,0.0955160929021155
11388,0.009950330853168092,0.052744058394813866
11389,0.009950330853168092,0.07502725405943704
11390,-0.06187540371808753,0.05646202443240795
11391,-0.10536051565782628,0.05883206454642571
11392,-0.10536051565782628,0.05883206454642571
11393,-0.09431067947124129,0.05319439302265785
11394,-0.06187540371808753,0.05157965146498411
11395,0.009950330853168092,0.0662304140418319
11396,-0.12783337150988489,0.06522110791320658
11397,-0.11653381625595151,0.04914852496858778
11398,0.01980262729617973,0.05674777301542054
11399,0.08617769624105241,0.061651261807792714
11400,0.08617769624105241,0.061651261807792714
11401,0.03922071315328133,0.06443557414504694
11402,0.058268908123975824,0.059022652550746
11403,0.01980262729617973,0.05674777301542054
11404,0.009950330853168092,0.08367498789299484
11405,0.02955880224154443,0.06064347085547387
11406,0.03922071315328133,0.06009338553897111
11407,0.19885085874516517,0.051660068216924995
11408,0.12221763272424911,0.04739476882280427
11409,0.13976194237515863,0.0625522051491492
11410,0.17395330712343798,0.05674777301542066
11411,0.09531017980432493,0.04439355968858656
11412,0.06765864847381486,0.054231968698787304
11413,0.06765864847381486,0.06273556690552798
11414,0.04879016416943205,0.06385874640510507
11415,0.2151113796169455,0.06915586326337951
11416,-0.08338160893905101,0.07706135582289075
11417,-0.040821994520255166,0.08767870251360162
11418,0.17395330712343798,0.06812826154312385
11419,0.2151113796169455,0.06555016570057723
11420,0.131028262406404,0.09376657011919878
11421,0.1906203596086497,0.081651281634959
11422,0.20701416938432612,0.08042293071611384
11423,0.17395330712343798,0.07186603710030388
11424,0.16551443847757333,0.061053318242902624
11425,0.20701416938432612,0.05870884172693219
11426,0.16551443847757333,0.061053318242902624
11427,0.1823215567939546,0.06009338553897121
11428,0.19885085874516517,0.051660068216924995
11429,0.17395330712343798,0.06436290067698988
11430,0.1823215567939546,0.05630002916778849
11431,0.19885085874516517,0.06655759612114037
11432,0.17395330712343798,0.06436290067698988
11433,-0.020202707317519466,0.06355240951110323
11434,0.01980262729617973,0.07434276080683347
11435,-0.020202707317519466,0.05427571610131218
11436,-0.030459207484708574,0.0641680547393028
11437,-0.020202707317519466,0.058935146490736945
11438,-0.01005033585350145,0.06294848018393098
11440,-0.040821994520255166,0.0505565829817505
11441,-0.040821994520255166,0.06009338553897121
11442,-0.01005033585350145,0.06748365743762784
11443,-0.06187540371808753,0.06129811828676702
11444,-0.020202707317519466,0.06355240951110323
11445,-0.020202707317519466,0.06812826154312385
11446,-0.01005033585350145,0.05375536513154408
11447,-0.01005033585350145,0.05837262815191036
11448,-0.030459207484708574,0.05480624929634539
11449,-0.030459207484708574,0.0641680547393028
11450,0.04879016416943205,0.06812826154312375
11451,0,0.05324490577767493
11452,-0.01005033585350145,0.06294848018393098
11453,0.058268908123975824,0.06752625075748667
11454,0.009950330853168092,0.052744058394813866
11455,0,0.06685115428898164
11456,-0.01005033585350145,0.03964744098332466
11457,-0.13926206733350766,0.06592435279592153
11458,-0.09431067947124129,0.04811769360777617
11459,-0.030459207484708574,0.050060130591083385
11460,-0.01005033585350145,0.07197887666321708
11461,-0.05129329438755058,0.06068976676600278
11462,-0.09431067947124129,0.06319871515958456
11463,-0.040821994520255166,0.04572048912739144
11464,-0.09431067947124129,0.05822107488133725
11465,-0.06187540371808753,0.06608880213872571
11466,-0.01005033585350145,0.07197887666321708
11467,0.009950330853168092,0.06177445487409995
11468,-0.030459207484708574,0.05950862434987806
11469,-0.06187540371808753,0.06608880213872571
11470,-0.07257069283483537,0.07154558230033174
11471,-0.09431067947124129,0.04298997123354074
11472,-0.11653381625595151,0.04914852496858778
11473,-0.08338160893905101,0.05762265876560992
11474,-0.10536051565782628,0.04862764275730858
11475,-0.11653381625595151,0.07453705025382446
11476,0.03922071315328133,0.04684058635363402
11477,0.009950330853168092,0.052744058394813866
11478,0.04879016416943205,0.06385874640510507
11479,-0.11653381625595151,0.05432830632778065
11480,-0.12783337150988489,0.05491360417977827
11481,-0.09431067947124129,0.05822107488133725
11482,-0.08338160893905101,0.047618336628683214
11483,-0.11653381625595151,0.05432830632778065
11484,-0.08338160893905101,0.05762265876560992
11485,-0.10536051565782628,0.053755365131544025
11486,-0.09431067947124129,0.06812826154312379
11487,-0.10536051565782628,0.07864830603431548
11488,-0.09431067947124129,0.05319439302265785
11489,-0.020202707317519466,0.05427571610131218
11490,-0.05129329438755058,0.06068976676600278
11491,-0.06187540371808753,0.05157965146498411
11492,-0.07257069283483537,0.04712924496480362
11493,-0.040821994520255166,0.055347266833709205
11494,-0.030459207484708574,0.05950862434987806
11495,0.04879016416943205,0.05521101257154727
11496,0.04879016416943205,0.050831551504510804
11497,0,0.05324490577767493
11498,0.17395330712343798,0.06812826154312385
11499,0.1823215567939546,0.07864830603431547
11500,0.06765864847381486,0.04992642347130534
11501,0.13976194237515863,0.05464190589610571
11502,0.09531017980432493,0.052826877010632774
11503,0.01980262729617973,0.07000057220075763
11504,-0.11653381625595151,0.05945602870201608
11505,-0.09431067947124129,0.04811769360777617
11506,-0.040821994520255166,0.04572048912739144
11507,-0.10536051565782628,0.053755365131544025
11508,-0.13926206733350766,0.06592435279592153
11509,-0.13926206733350766,0.0555116631881628
11510,-0.10536051565782628,0.04862764275730858
11511,-0.16251892949777494,0.05134873764269766
11512,-0.13926206733350766,0.0555116631881628
11513,-0.13926206733350766,0.05022452694553698
11514,-0.15082288973458366,0.07182273157198071
11515,-0.11653381625595151,0.05945602870201608
11516,-0.15082288973458366,0.061410041964221986
11517,-0.13926206733350766,0.0555116631881628
11518,-0.08338160893905101,0.05762265876560992
11519,-0.10536051565782628,0.053755365131544025
11520,-0.12783337150988489,0.05491360417977827
11521,-0.08338160893905101,0.06255220514914916
11522,-0.07257069283483537,0.05703643162659016
11523,-0.06187540371808753,0.05157965146498411
11524,-0.040821994520255166,0.0505565829817505
11525,-0.16251892949777494,0.05134873764269766
11526,-0.08338160893905101,0.047618336628683214
11527,0.10436001532424286,0.06466923757099173
11528,0.04879016416943205,0.06812826154312375
11529,0.02955880224154443,0.056226091904905205
11530,0.01980262729617973,0.07000057220075763
11531,0.04879016416943205,0.059553201177623104
11532,-0.01005033585350145,0.06294848018393098
11533,0.009950330853168092,0.0662304140418319
11534,-0.09431067947124129,0.10593845141747173
11535,0,0.05324490577767493
11536,0.03922071315328133,0.06443557414504694
11537,0.02955880224154443,0.06064347085547387
11538,0.09531017980432493,0.05699183141836796
21001,-0.020202707317519466,0.06355240951110323
21002,-0.030459207484708574,0.0641680547393028
21003,-0.05129329438755058,0.06068976676600278
21004,-0.06187540371808753,0.05646202443240795
21005,-0.040821994520255166,0.06945519098192862
21006,-0.07257069283483537,0.07629170100559375
21007,-0.05129329438755058,0.06543588547126479
21008,-0.030459207484708574,0.0641680547393028
21009,-0.020202707317519466,0.04957334104777952
21010,-0.05129329438755058,0.05106298905968502
21011,-0.030459207484708574,0.05950862434987806
21012,-0.05129329438755058,0.055899082914044086
21013,-0.030459207484708574,0.05950862434987806
21014,-0.05129329438755058,0.055899082914044086
21015,-0.030459207484708574,0.05950862434987806
21016,-0.030459207484708574,0.1042920992898707
21017,-0.020202707317519466,0.058935146490736945
21018,0.01980262729617973,0.0612037321831525
21019,0.01980262729617973,0.07000057220075763
21020,0.058268908123975824,0.06329216768876468
21021,0,0.06685115428898164
21022,0,0.062355935063392404
21023,0.009950330853168092,0.0662304140418319
21024,0.03922071315328133,0.07301063451054758
21025,0.009950330853168092,0.07064779299240058
21026,-0.01005033585350145,0.05375536513154408
21027,0.009950330853168092,0.09637782035305974
21028,-0.020202707317519466,0.04957334104777952
21029,-0.020202707317519466,0.058935146490736945
21030,-0.030459207484708574,0.05950862434987806
21031,-0.030459207484708574,0.05480624929634539
21032,0.009950330853168092,0.052744058394813866
21033,-0.01005033585350145,0.04909593474211932
21034,0.009950330853168092,0.06177445487409995
21035,-0.020202707317519466,0.05427571610131218
21036,0.009950330853168092,0.052744058394813866
21037,0.058268908123975824,0.06752625075748667
21038,0,0.05782075780969555
21039,0.058268908123975824,0.059022652550746
21040,0.01980262729617973,0.0612037321831525
21041,0.01980262729617973,0.05225255378983132
21042,0.02955880224154443,0.056226091904905205
21043,-0.020202707317519466,0.05427571610131218
21044,0.03922071315328133,0.07724471757926958
21045,0.01980262729617973,0.06562111113372117
21046,0.0769610411361284,0.07048486657184545
21047,0.009950330853168092,0.0662304140418319
21048,0.04879016416943205,0.07236234461184575
21049,0,0.07130711345671359
21050,0.01980262729617973,0.05674777301542054
21051,-0.05129329438755058,0.09302120244589519
21052,0,0.08875168730787653
21053,0.01980262729617973,0.06562111113372117
21054,0,0.05782075780969555
21055,0.01980262729617973,0.05225255378983132
21056,-0.020202707317519466,0.06812826154312385
21057,-0.01005033585350145,0.05375536513154408
21058,-0.01005033585350145,0.05837262815191036
21059,-0.01005033585350145,0.08957386445462999
21060,-0.020202707317519466,0.04957334104777952
21061,-0.020202707317519466,0.0726634387968207
21062,-0.01005033585350145,0.06294848018393098
21063,-0.020202707317519466,0.09475364581382285
21064,0.009950330853168092,0.06177445487409995
21065,0.009950330853168092,0.0662304140418319
21066,-0.020202707317519466,0.08603199614071055
21067,0,0.04862764275730864
21068,-0.020202707317519466,0.0726634387968207
21069,-0.01005033585350145,0.05837262815191036
21070,-0.020202707317519466,0.05427571610131218
21071,-0.040821994520255166,0.07407245400229491
21072,-0.030459207484708574,0.05480624929634539
21073,-0.05129329438755058,0.07013826052479745
21074,-0.030459207484708574,0.05950862434987806
21075,-0.040821994520255166,0.06479576059250386
21076,-0.040821994520255166,0.055347266833709205
21077,-0.030459207484708574,0.0452694467391247
21078,-0.040821994520255166,0.06009338553897121
21079,-0.030459207484708574,0.05950862434987806
21081,-0.030459207484708574,0.0823915662709758
21082,-0.030459207484708574,0.050060130591083385
21084,-0.01005033585350145,0.06748365743762784
21085,-0.030459207484708574,0.06878531775966909
21086,-0.030459207484708574,0.07789634704538657
21087,-0.01005033585350145,0.06748365743762784
21088,-0.05129329438755058,0.14001879882742876
21089,-0.020202707317519466,0.06355240951110323
21090,-0.01005033585350145,0.05837262815191036
21091,0.2151113796169455,0.09711924923021373
21092,-0.01005033585350145,0.1428966699319192
21093,0.02955880224154443,0.06064347085547387
21094,-0.05129329438755058,0.055899082914044086
21095,-0.030459207484708574,0.05950862434987806
21096,-0.020202707317519466,0.06812826154312385
21097,-0.06187540371808753,0.06129811828676702
21098,-0.01005033585350145,0.05837262815191036
21099,-0.020202707317519466,0.058935146490736945
21100,-0.030459207484708574,0.05950862434987806
21101,-0.020202707317519466,0.05427571610131218
21102,-0.040821994520255166,0.06009338553897121
21103,-0.030459207484708574,0.06878531775966909
21104,-0.05129329438755058,0.07013826052479745
21105,-0.030459207484708574,0.05950862434987806
21106,-0.020202707317519466,0.058935146490736945
21107,-0.030459207484708574,0.050060130591083385
21108,-0.040821994520255166,0.04572048912739144
21109,-0.01005033585350145,0.06294848018393098
21110,0.058268908123975824,0.06752625075748667
21111,-0.040821994520255166,0.055347266833709205
21112,-0.020202707317519466,0.05427571610131218
21113,-0.06187540371808753,0.05157965146498411
21114,0.01980262729617973,0.05674777301542054
21115,-0.09431067947124129,0.05822107488133725
21116,0.02955880224154443,0.06502293192251035
21117,-0.05129329438755058,0.055899082914044086
21118,-0.05129329438755058,0.07013826052479745
21119,0,0.05324490577767493
21120,-0.09431067947124129,0.07784672836490669
21121,-0.13926206733350766,0.07105207517015696
21122,-0.05129329438755058,0.06543588547126479
21123,-0.09431067947124129,0.05822107488133725
21124,-0.07257069283483537,0.05703643162659016
21125,0.08617769624105241,0.061651261807792714
21126,0.01980262729617973,0.05225255378983132
21128,0.04879016416943205,0.06385874640510507
21129,0.0769610411361284,0.06635363686132538
21130,0.009950330853168092,0.07502725405943704
21131,-0.01005033585350145,0.06294848018393098
21132,0,0.07130711345671359
21133,0.058268908123975824,0.06329216768876468
21134,0.06765864847381486,0.054231968698787304
21135,0.0769610411361284,0.057989448200265976
21136,0.0769610411361284,0.053755365131543976
21137,0.03922071315328133,0.05571392447193464
21138,0.0769610411361284,0.057989448200265976
21139,0.01980262729617973,0.0612037321831525
21140,-0.030459207484708574,0.05480624929634539
21141,0.01980262729617973,0.05674777301542054
21142,-0.020202707317519466,0.058935146490736945
21143,-0.01005033585350145,0.05375536513154408
21144,0.01980262729617973,0.05225255378983132
21145,0.02955880224154443,0.05177013273717325
21146,0.03922071315328133,0.07724471757926958
21147,0.03922071315328133,0.05571392447193464
21148,0.01980262729617973,0.047717376536134455
21149,0.03922071315328133,0.06009338553897111
21150,0.06765864847381486,0.04992642347130534
21151,0.03922071315328133,0.05571392447193464
21152,0.06765864847381486,0.058501483836805986
21153,0.03922071315328133,0.04684058635363402
21154,0.01980262729617973,0.0612037321831525
21155,0.058268908123975824,0.054717107323264035
21156,0,0.05782075780969555
21157,-0.020202707317519466,0.04957334104777952
21158,0.01980262729617973,0.047717376536134455
21159,0.01980262729617973,0.05225255378983132
21160,0.03922071315328133,0.05571392447193464
21161,0.009950330853168092,0.048168206362793245
21162,0.02955880224154443,0.06064347085547387
21163,0.009950330853168092,0.05727923564851073
21164,0.03922071315328133,0.04684058635363402
21165,0.01980262729617973,0.047717376536134455
21166,0.01980262729617973,0.05225255378983132
21167,0.06765864847381486,0.058501483836805986
21168,0.11332868530700327,0.06412664038953911
21169,0.0769610411361284,0.057989448200265976
21170,0.058268908123975824,0.0503749187171882
21171,0.08617769624105241,0.061651261807792714
21172,0.058268908123975824,0.054717107323264035
21173,0.131028262406404,0.06700816431688116
21174,0.01980262729617973,0.05674777301542054
21175,0,0.04862764275730864
21176,0.04879016416943205,0.059553201177623104
21177,0.08617769624105241,0.04905299007801132
21178,0.058268908123975824,0.06329216768876468
21179,0.0769610411361284,0.053755365131543976
21180,-0.01005033585350145,0.06748365743762784
21181,0.03922071315328133,0.06874111937252891
21182,0.058268908123975824,0.054717107323264035
21183,-0.05129329438755058,0.07013826052479745
21184,-0.040821994520255166,0.06945519098192862
21185,-0.07257069283483537,0.05703643162659016
21186,-0.05129329438755058,0.07013826052479745
21187,-0.040821994520255166,0.06945519098192862
21188,0.0769610411361284,0.053755365131543976
21189,-0.020202707317519466,0.06355240951110323
21190,0.11332868530700327,0.07209874136049872
21191,0.01980262729617973,0.047717376536134455
21193,0.058268908123975824,0.07172548501081089
21194,0.09531017980432493,0.048627642757308555
21195,0.04879016416943205,0.04641417255394213
21196,-0.030459207484708574,0.05950862434987806
21197,0.03922071315328133,0.05571392447193464
21198,-0.01005033585350145,0.05837262815191036
21199,-0.020202707317519466,0.04957334104777952
21200,0.009950330853168092,0.048168206362793245
21201,0.009950330853168092,0.06177445487409995
21202,0.009950330853168092,0.05727923564851073
21203,0.04879016416943205,0.050831551504510804
21204,0,0.05782075780969555
21205,0.009950330853168092,0.05727923564851073
21206,-0.040821994520255166,0.04572048912739144
21207,-0.030459207484708574,0.05480624929634539
21208,-0.05129329438755058,0.05106298905968502
21209,0.02955880224154443,0.05177013273717325
21210,0.01980262729617973,0.07000057220075763
21211,0.009950330853168092,0.06177445487409995
21212,0.009950330853168092,0.048168206362793245
21213,0,0.04862764275730864
21214,0.03922071315328133,0.06443557414504694
21215,0.02955880224154443,0.06502293192251035
21216,-0.040821994520255166,0.06009338553897121
21217,-0.020202707317519466,0.06355240951110323
21218,-0.040821994520255166,0.0505565829817505
21219,-0.05129329438755058,0.05106298905968502
21220,0.009950330853168092,0.06177445487409995
21221,-0.030459207484708574,0.05480624929634539
21222,0,0.05782075780969555
21223,-0.06187540371808753,0.046650105081444876
21224,-0.01005033585350145,0.05837262815191036
21225,0.01980262729617973,0.05674777301542054
21226,-0.040821994520255166,0.06009338553897121
21228,-0.05129329438755058,0.04618061609226118
21229,-0.07257069283483537,0.052106885243050925
21230,-0.030459207484708574,0.07336116979168972
21231,-0.01005033585350145,0.05837262815191036
21232,-0.040821994520255166,0.0505565829817505
21233,-0.030459207484708574,0.07336116979168972
21234,-0.040821994520255166,0.06479576059250386
21235,-0.040821994520255166,0.04572048912739144
21236,-0.06187540371808753,0.05646202443240795
21237,-0.040821994520255166,0.055347266833709205
21238,-0.040821994520255166,0.04572048912739144
21239,-0.07257069283483537,0.06191880459401399
21240,-0.040821994520255166,0.06009338553897121
21241,-0.05129329438755058,0.05106298905968502
21242,-0.06187540371808753,0.06608880213872571
21243,-0.06187540371808753,0.046650105081444876
21244,-0.030459207484708574,0.050060130591083385
21245,-0.05129329438755058,0.055899082914044086
21246,-0.040821994520255166,0.0505565829817505
21247,-0.06187540371808753,0.06608880213872571
21248,-0.05129329438755058,0.06543588547126479
21249,-0.05129329438755058,0.055899082914044086
21250,-0.06187540371808753,0.07083492084398772
21251,0.02955880224154443,0.06502293192251035
21252,-0.020202707317519466,0.04482722234251752
21253,0.009950330853168092,0.052744058394813866
21254,-0.01005033585350145,0.04909593474211932
21255,-0.040821994520255166,0.055347266833709205
21256,-0.020202707317519466,0.06812826154312385
21257,-0.01005033585350145,0.07197887666321708
21258,-0.06187540371808753,0.05157965146498411
21259,0.04879016416943205,0.05521101257154727
21260,0.009950330853168092,0.052744058394813866
21261,0.04879016416943205,0.050831551504510804
21262,0.03922071315328133,0.05129654552136597
21263,0.02955880224154443,0.056226091904905205
21264,0.02955880224154443,0.04727491351158402
21265,0.06765864847381486,0.054231968698787304
21266,0.03922071315328133,0.04684058635363402
21267,0.08617769624105241,0.05748630740005753
21268,0.10436001532424286,0.07667459339251934
21269,0.01980262729617973,0.05674777301542054
21270,0.009950330853168092,0.0662304140418319
21271,0.01980262729617973,0.0612037321831525
21272,0.03922071315328133,0.05571392447193464
21273,0.03922071315328133,0.05129654552136597
21274,-0.040821994520255166,0.06009338553897121
21275,0.01980262729617973,0.05225255378983132
21276,-0.020202707317519466,0.058935146490736945
21277,0.009950330853168092,0.06177445487409995
21278,-0.01005033585350145,0.05375536513154408
21279,-0.020202707317519466,0.06355240951110323
21280,-0.01005033585350145,0.06294848018393098
21281,-0.01005033585350145,0.05375536513154408
21282,-0.020202707317519466,0.04957334104777952
21283,-0.020202707317519466,0.06355240951110323
21284,0.009950330853168092,0.0662304140418319
21285,-0.01005033585350145,0.06294848018393098
21286,-0.040821994520255166,0.055347266833709205
21287,-0.030459207484708574,0.050060130591083385
21288,-0.06187540371808753,0.06608880213872571
21289,-0.030459207484708574,0.0452694467391247
21290,-0.030459207484708574,0.050060130591083385
21291,-0.030459207484708574,0.06878531775966909
21292,-0.040821994520255166,0.06479576059250386
21293,0,0.05782075780969555
21294,-0.030459207484708574,0.05480624929634539
21295,-0.13926206733350766,0.06592435279592153
21296,-0.11653381625595151,0.05432830632778065
21297,-0.10536051565782628,0.053755365131544025
21298,-0.06187540371808753,0.05157965146498411
21299,-0.06187540371808753,0.046650105081444876
21300,-0.08338160893905101,0.05762265876560992
21301,-0.030459207484708574,0.05950862434987806
21302,-0.07257069283483537,0.052106885243050925
21303,-0.06187540371808753,0.05646202443240795
21304,-0.09431067947124129,0.05822107488133725
21305,-0.07257069283483537,0.052106885243050925
21306,-0.11653381625595151,0.05945602870201608
21307,-0.020202707317519466,0.06355240951110323
21308,-0.07257069283483537,0.06675489844837307
21309,-0.05129329438755058,0.05106298905968502
21310,-0.10536051565782628,0.05883206454642571
21311,-0.11653381625595151,0.038628480477396095
21312,-0.11653381625595151,0.04914852496858778
21313,-0.06187540371808753,0.05646202443240795
21314,-0.11653381625595151,0.05432830632778065
21315,-0.16251892949777494,0.05674777301542059
21316,-0.12783337150988489,0.06009338553897114
21317,-0.12783337150988489,0.05491360417977827
21318,-0.13926206733350766,0.060744571436728664
21319,0.01980262729617973,0.05225255378983132
21320,-0.08338160893905101,0.052645018487362624
21321,0.009950330853168092,0.048168206362793245
21322,0,0.04396821236788388
21323,-0.030459207484708574,0.05480624929634539
21324,-0.05129329438755058,0.055899082914044086
21325,-0.05129329438755058,0.04618061609226118
21326,-0.030459207484708574,0.050060130591083385
21327,-0.01005033585350145,0.05375536513154408
21328,-0.10536051565782628,0.05883206454642571
21329,-0.11653381625595151,0.06955940997557716
21330,-0.09431067947124129,0.05319439302265785
21331,-0.08338160893905101,0.052645018487362624
21332,-0.09431067947124129,0.05319439302265785
21333,-0.09431067947124129,0.05822107488133725
21334,-0.12783337150988489,0.06522110791320658
21335,-0.11653381625595151,0.05945602870201608
21336,-0.08338160893905101,0.06255220514914916
21337,-0.08338160893905101,0.052645018487362624
21338,-0.09431067947124129,0.05319439302265785
21339,-0.07257069283483537,0.06191880459401399
21340,-0.040821994520255166,0.0505565829817505
21341,-0.08338160893905101,0.06743457811657298
21342,-0.13926206733350766,0.07105207517015696
21343,-0.07257069283483537,0.052106885243050925
21344,-0.030459207484708574,0.06878531775966909
21345,-0.09431067947124129,0.0967453363650848
21346,0,0.07572449240728225
21347,-0.08338160893905101,0.05762265876560992
21348,-0.11653381625595151,0.05432830632778065
21349,-0.06187540371808753,0.05157965146498411
21350,-0.08338160893905101,0.07706135582289075
21351,-0.08338160893905101,0.052645018487362624
21352,-0.05129329438755058,0.06068976676600278
21353,0.02955880224154443,0.06064347085547387
21354,-0.07257069283483537,0.05703643162659016
21355,-0.08338160893905101,0.052645018487362624
21356,-0.01005033585350145,0.05375536513154408
21357,0.01980262729617973,0.05225255378983132
21358,0,0.07572449240728225
21359,-0.05129329438755058,0.055899082914044086
21360,-0.05129329438755058,0.06068976676600278
21361,-0.040821994520255166,0.06009338553897121
21362,0.009950330853168092,0.06177445487409995
21363,-0.08338160893905101,0.05762265876560992
21364,-0.09431067947124129,0.06319871515958456
21365,-0.01005033585350145,0.05375536513154408
21366,-0.040821994520255166,0.06009338553897121
21367,-0.01005033585350145,0.05375536513154408
21368,-0.020202707317519466,0.06355240951110323
21369,-0.020202707317519466,0.06355240951110323
21370,-0.06187540371808753,0.05646202443240795
21371,-0.05129329438755058,0.06068976676600278
21372,-0.05129329438755058,0.06068976676600278
21373,-0.040821994520255166,0.06479576059250386
21374,-0.06187540371808753,0.05157965146498411
21375,-0.07257069283483537,0.06675489844837307
21376,-0.07257069283483537,0.06191880459401399
21377,-0.06187540371808753,0.07553729589752038
21378,-0.06187540371808753,0.06129811828676702
21379,-0.040821994520255166,0.07407245400229491
21380,-0.08338160893905101,0.06743457811657298
21381,-0.05129329438755058,0.07013826052479745
21382,-0.05129329438755058,0.06543588547126479
21383,0.009950330853168092,0.07502725405943704
21384,-0.05129329438755058,0.06543588547126479
21385,-0.06187540371808753,0.046650105081444876
21386,-0.020202707317519466,0.09041145720774703
21387,-0.040821994520255166,0.06009338553897121
21388,0.01980262729617973,0.08715190424105611
21389,-0.020202707317519466,0.058935146490736945
21390,-0.020202707317519466,0.06355240951110323
21391,-0.030459207484708574,0.05950862434987806
21392,-0.030459207484708574,0.05480624929634539
21393,-0.05129329438755058,0.055899082914044086
21394,0,0.05782075780969555
21395,0.009950330853168092,0.0662304140418319
21396,0.01980262729617973,0.07864830603431543
21397,0.04879016416943205,0.059553201177623104
21398,-0.01005033585350145,0.04439355968858666
21399,0.04879016416943205,0.08072653327290515
21400,-0.01005033585350145,0.05837262815191036
21401,0.009950330853168092,0.06177445487409995
21402,0.12221763272424911,0.11655063208618378
21403,-0.020202707317519466,0.09475364581382285
21404,0.01980262729617973,0.08715190424105611
21405,-0.020202707317519466,0.05427571610131218
21406,0.01980262729617973,0.05674777301542054
21407,0,0.062355935063392404
21408,0.009950330853168092,0.06177445487409995
21409,0,0.062355935063392404
21410,0.009950330853168092,0.05727923564851073
21411,-0.020202707317519466,0.07715865802240994
21412,0.009950330853168092,0.048168206362793245
21413,0,0.04862764275730864
21414,0.009950330853168092,0.08367498789299484
21415,0.009950330853168092,0.07936944266551288
21416,0.009950330853168092,0.0662304140418319
21417,0,0.06685115428898164
21418,0.01980262729617973,0.05674777301542054
21419,0,0.05324490577767493
21420,-0.05129329438755058,0.06068976676600278
21421,0.0769610411361284,0.09459348129151157
21422,-0.040821994520255166,0.10527369030501454
21423,-0.01005033585350145,0.05375536513154408
21424,-0.06187540371808753,0.09842023781861813
21425,0,0.093021202445895207
21426,-0.01005033585350145,0.06294848018393098
21427,-0.05129329438755058,0.055899082914044086
21428,-0.040821994520255166,0.06479576059250386
21429,-0.030459207484708574,0.05950862434987806
21430,-0.05129329438755058,0.06068976676600278
21431,0,0.08444614208039455
21432,-0.030459207484708574,0.07336116979168972
21433,-0.06187540371808753,0.07553729589752038
31001,0.09531017980432493,0.06112306112888804
31002,0.058268908123975824,0.054717107323264035
31003,0,0.06685115428898164
31004,0.02955880224154443,0.056226091904905205
31005,-0.09431067947124129,0.12384218601505843
31006,0.10436001532424286,0.08061441282818786
31007,0.09531017980432493,0.06928650059135802
31008,0.0769610411361284,0.08268156088488343
31009,0.01980262729617973,0.0612037321831525
31010,0.03922071315328133,0.08560890624032898
31011,0.009950330853168092,0.048168206362793245
31012,0.03922071315328133,0.05571392447193464
31013,-0.020202707317519466,0.06812826154312385
31014,0.0769610411361284,0.10238300788885263
31015,0.09531017980432493,0.07732137659551065
31016,0.06765864847381486,0.06273556690552798
31017,0.03922071315328133,0.07301063451054758
31018,0.02955880224154443,0.056226091904905205
31019,0.0769610411361284,0.07864830603431543
31020,0.12221763272424911,0.07150338354247038
31021,0.03922071315328133,0.06443557414504694
31022,0.01980262729617973,0.05225255378983132
31023,0.04879016416943205,0.059553201177623104
31024,0.04879016416943205,0.06385874640510507
31025,0.0769610411361284,0.062188682453590195
31026,0.04879016416943205,0.05521101257154727
31027,0.06765864847381486,0.054231968698787304
31028,0.08617769624105241,0.061651261807792714
31029,0.06765864847381486,0.06273556690552798
31030,0.058268908123975824,0.06329216768876468
31031,0.06765864847381486,0.054231968698787304
31032,0.06765864847381486,0.058501483836805986
31033,0.04879016416943205,0.059553201177623104
31034,0.058268908123975824,0.06329216768876468
31035,0.02955880224154443,0.06064347085547387
31036,0.0769610411361284,0.07048486657184545
31037,0.09531017980432493,0.09687181756598853
31038,0.04879016416943205,0.06385874640510507
31039,0.04879016416943205,0.07236234461184575
31040,0.08617769624105241,0.05748630740005753
31041,0.01980262729617973,0.0612037321831525
31042,0.01980262729617973,0.07000057220075763
31043,0.009950330853168092,0.07502725405943704
31044,0.009950330853168092,0.0662304140418319
31045,0.02955880224154443,0.056226091904905205
31046,0.058268908123975824,0.06329216768876468
31047,0.06765864847381486,0.06273556690552798
31048,0.04879016416943205,0.07656157886516997
31049,0.02955880224154443,0.06064347085547387
31050,0.04879016416943205,0.059553201177623104
31051,0.009950330853168092,0.052744058394813866
31052,0.058268908123975824,0.06329216768876468
31053,0.058268908123975824,0.06329216768876468
31054,0.01980262729617973,0.07434276080683347
31055,0.03922071315328133,0.06009338553897111
31056,0.09531017980432493,0.06112306112888804
31057,0.04879016416943205,0.06385874640510507
31058,0.01980262729617973,0.0612037321831525
31059,0.0769610411361284,0.062188682453590195
31060,0.009950330853168092,0.048168206362793245
31061,0.04879016416943205,0.06812826154312375
31062,0.02955880224154443,0.056226091904905205
31063,0.03922071315328133,0.05129654552136597
31064,0.03922071315328133,0.04684058635363402
31065,0.01980262729617973,0.05674777301542054
31066,0.009950330853168092,0.06177445487409995
31067,0.04879016416943205,0.07656157886516997
31068,0.10436001532424286,0.06466923757099173
31069,0.058268908123975824,0.07172548501081089
31070,0.04879016416943205,0.050831551504510804
31071,0.058268908123975824,0.059022652550746
31072,0.03922071315328133,0.06443557414504694
31073,0.02955880224154443,0.04727491351158402
31074,0.02955880224154443,0.056226091904905205
31075,0.04879016416943205,0.06385874640510507
31076,0.04879016416943205,0.050831551504510804
31077,0,0.062355935063392404
31078,0.03922071315328133,0.06443557414504694
31079,0.06765864847381486,0.058501483836805986
31080,0.058268908123975824,0.06329216768876468
31081,-0.040821994520255166,0.08767870251360162
31082,-0.030459207484708574,0.07336116979168972
31083,0,0.08010395347431873
31084,-0.030459207484708574,0.07336116979168972
31085,0,0.093021202445895207
31086,0.0769610411361284,0.07864830603431543
31087,0.06765864847381486,0.058501483836805986
31088,0.11332868530700327,0.07209874136049872
31089,0.11332868530700327,0.0838280873935083
31090,0.11332868530700327,0.06812826154312375
31091,0.04879016416943205,0.06812826154312375
31092,0.06765864847381486,0.09142930074373008
31093,0.0769610411361284,0.07458291335616396
31094,0.10436001532424286,0.06870249242155974
31095,0.08617769624105241,0.0698805383026313
31096,0.16551443847757333,0.09804081928277682
31097,0.12221763272424911,0.08314352525990477
31098,0.09531017980432493,0.05699183141836796
31099,0.058268908123975824,0.07172548501081089
31100,0.058268908123975824,0.06329216768876468
31101,0.09531017980432493,0.06928650059135802
31103,0.08617769624105241,0.05748630740005753
31104,0.03922071315328133,0.06443557414504694
31105,0.08617769624105241,0.0698805383026313
31106,0.04879016416943205,0.08072653327290515
31107,-0.020202707317519466,0.09475364581382285
31108,-0.040821994520255166,0.08318348328801238
31109,0.03922071315328133,0.08560890624032898
31110,-0.01005033585350145,0.08085221478151769
31111,0.0769610411361284,0.07864830603431543
31112,-0.020202707317519466,0.1033287061793235
31113,0.13976194237515863,0.093021202445895207
31114,0.14842000511827322,0.08489323200089816
31115,0.03922071315328133,0.07301063451054758
31116,0.09531017980432493,0.08129185641288562
31117,0.08617769624105241,0.061651261807792714
31118,0.06765864847381486,0.0669348011588522
31119,0.08617769624105241,0.0698805383026313
31120,0.10436001532424286,0.06870249242155974
31121,0.09531017980432493,0.07331975544192601
31122,0.11332868530700327,0.06812826154312375
31123,0.0769610411361284,0.062188682453590195
31124,0.14842000511827322,0.08860382349532653
31125,0.10436001532424286,0.08061441282818786
31126,0.08617769624105241,0.061651261807792714
31127,0.09531017980432493,0.06522110791320655
31128,0.058268908123975824,0.06752625075748667
31129,0.09531017980432493,0.07331975544192601
31130,0.10436001532424286,0.06870249242155974
31131,0.09531017980432493,0.06112306112888804
31132,0.11332868530700327,0.05602799286081964
31133,0.08617769624105241,0.08595128680231037
31134,0.12221763272424911,0.06756356410680185
31135,0.08617769624105241,0.07394593098078278
31136,0.08617769624105241,0.06578249151831278
31137,0.12221763272424911,0.08314352525990477
31138,0.09531017980432493,0.07732137659551065
31139,0.009950330853168092,0.07064779299240058
31140,0.03922071315328133,0.07724471757926958
31141,0.03922071315328133,0.06443557414504694
31142,0.03922071315328133,0.0814439518325938
31143,0.0769610411361284,0.08268156088488343
31144,0.03922071315328133,0.10193683026388704
31145,0.02955880224154443,0.07367066575606815
31146,0.058268908123975824,0.07589043941854608
31147,0.04879016416943205,0.07656157886516997
31148,0.02955880224154443,0.06502293192251035
31149,0.058268908123975824,0.06329216768876468
31151,0.03922071315328133,0.08560890624032898
31152,0.06765864847381486,0.07109975556658737
31153,0.03922071315328133,0.07301063451054758
31154,0.04879016416943205,0.059553201177623104
31155,0.03922071315328133,0.07301063451054758
31156,0.0769610411361284,0.06635363686132538
31157,0.03922071315328133,0.07724471757926958
31158,-0.05129329438755058,0.07941495393458849
31159,0,0.093021202445895207
31160,-0.030459207484708574,0.0641680547393028
31161,-0.07257069283483537,0.08099407605912642
31163,-0.01005033585350145,0.10238300788885263
31164,-0.040821994520255166,0.07864830603431554
31165,0,0.07572449240728225
31166,-0.05129329438755058,0.07941495393458849
31167,-0.07257069283483537,0.05703643162659016
31168,0.009950330853168092,0.0662304140418319
31169,-0.020202707317519466,0.058935146490736945
31170,-0.020202707317519466,0.0726634387968207
31171,-0.07257069283483537,0.052106885243050925
31172,-0.040821994520255166,0.055347266833709205
31173,-0.030459207484708574,0.08684752543870776
31174,-0.06187540371808753,0.05157965146498411
31175,-0.07257069283483537,0.06675489844837307
31176,-0.020202707317519466,0.1159269779091049
31177,-0.06187540371808753,0.05157965146498411
31178,-0.06187540371808753,0.05646202443240795
31179,-0.020202707317519466,0.04957334104777952
31180,-0.040821994520255166,0.06009338553897121
31181,-0.05129329438755058,0.055899082914044086
31182,-0.07257069283483537,0.06675489844837307
31183,-0.040821994520255166,0.0505565829817505
31184,-0.05129329438755058,0.06543588547126479
31185,-0.05129329438755058,0.07013826052479745
31186,-0.040821994520255166,0.0505565829817505
31187,0.10436001532424286,0.11108341012493386
31188,-0.01005033585350145,0.07197887666321708
31189,-0.01005033585350145,0.07643483583094902
31190,-0.06187540371808753,0.06608880213872571
31191,-0.07257069283483537,0.052106885243050925
31192,-0.15082288973458366,0.11147017255530538
31193,-0.06187540371808753,0.07553729589752038
31194,-0.06187540371808753,0.05157965146498411
31195,-0.01005033585350145,0.11487842626043211
31196,-0.05129329438755058,0.09302120244589519
31197,-0.06187540371808753,0.08938984133933205
31198,-0.08338160893905101,0.07706135582289075
31199,-0.06187540371808753,0.08938984133933205
31200,-0.05129329438755058,0.055899082914044086
31201,-0.08338160893905101,0.09116927997111017
31203,-0.06187540371808753,0.08019672628694513
31204,-0.06187540371808753,0.08938984133933205
31205,-0.07257069283483537,0.07154558230033174
31206,-0.040821994520255166,0.055347266833709205
31207,-0.030459207484708574,0.09126490438927642
31208,-0.040821994520255166,0.07407245400229491
31209,-0.06187540371808753,0.07553729589752038
31210,-0.030459207484708574,0.07789634704538657
31211,-0.07257069283483537,0.08099407605912642
31212,-0.07257069283483537,0.08099407605912642
31213,-0.06187540371808753,0.06608880213872571
31214,-0.08338160893905101,0.07227067197093207
31215,-0.09431067947124129,0.07301063451054762
31216,-0.06187540371808753,0.06129811828676702
31217,-0.05129329438755058,0.06543588547126479
31218,-0.05129329438755058,0.06068976676600278
31219,-0.05129329438755058,0.055899082914044086
31220,-0.05129329438755058,0.055899082914044086
31221,-0.05129329438755058,0.13592075204311024
31222,-0.040821994520255166,0.08767870251360162
31223,-0.020202707317519466,0.0726634387968207
31224,0.058268908123975824,0.054717107323264035
31225,0.02955880224154443,0.056226091904905205
31226,0.03922071315328133,0.05571392447193464
31227,0.06765864847381486,0.0669348011588522
31228,0.058268908123975824,0.059022652550746
31229,0.03922071315328133,0.07301063451054758
31230,-0.05129329438755058,0.08852598322030597
31231,-0.040821994520255166,0.06945519098192862
31232,-0.01005033585350145,0.06294848018393098
31233,-0.040821994520255166,0.06479576059250386
31234,-0.040821994520255166,0.06009338553897121
31235,0.04879016416943205,0.059553201177623104
31236,0.0769610411361284,0.07048486657184545
31237,0.058268908123975824,0.06329216768876468
31238,0.03922071315328133,0.06443557414504694
31239,0.11332868530700327,0.0838280873935083
31240,0.0769610411361284,0.07864830603431543
31241,0,0.04862764275730864
31242,-0.040821994520255166,0.0505565829817505
31243,-0.01005033585350145,0.04909593474211932
31244,0.04879016416943205,0.05521101257154727
31245,0.03922071315328133,0.06874111937252891
31246,0.04879016416943205,0.05521101257154727
31247,0.02955880224154443,0.07794018089408683
31248,0.06765864847381486,0.04992642347130534
31249,0.01980262729617973,0.0612037321831525
31250,0.02955880224154443,0.06064347085547387
31251,-0.01005033585350145,0.06294848018393098
31252,0,0.05324490577767493
31253,0.01980262729617973,0.08715190424105611
31254,-0.01005033585350145,0.06748365743762784
31255,-0.030459207484708574,0.05480624929634539
31256,0,0.05782075780969555
31257,-0.020202707317519466,0.07715865802240994
31258,-0.030459207484708574,0.050060130591083385
31259,0.03922071315328133,0.06443557414504694
31260,0.02955880224154443,0.06502293192251035
31261,0.03922071315328133,0.05129654552136597
31262,0.058268908123975824,0.07172548501081089
31263,0.058268908123975824,0.054717107323264035
31264,0.03922071315328133,0.06443557414504694
31265,0.058268908123975824,0.06752625075748667
31266,0.02955880224154443,0.04727491351158402
31267,0.0769610411361284,0.07048486657184545
31268,0.058268908123975824,0.06329216768876468
31269,0.0769610411361284,0.11761411153664915
31270,0.04879016416943205,0.059553201177623104
31271,0,0.06685115428898164
31272,0.03922071315328133,0.06874111937252891
31273,0.0769610411361284,0.062188682453590195
31274,-0.020202707317519466,0.06812826154312385
31275,0.009950330853168092,0.06177445487409995
31276,0.02955880224154443,0.06064347085547387
31277,-0.030459207484708574,0.0452694467391247
31278,-0.01005033585350145,0.04909593474211932
31280,0,0.05324490577767493
31281,0.01980262729617973,0.0612037321831525
31282,0,0.05324490577767493
31283,0,0.07130711345671359
31284,-0.01005033585350145,0.05837262815191036
31285,-0.020202707317519466,0.06812826154312385
31286,0,0.062355935063392404
31287,-0.020202707317519466,0.06812826154312385
31288,0.01980262729617973,0.0612037321831525
31289,0.02955880224154443,0.06064347085547387
31290,0.01980262729617973,0.06562111113372117
31291,-0.040821994520255166,0.06945519098192862
31292,0,0.062355935063392404
31293,-0.020202707317519466,0.06355240951110323
31294,0,0.05324490577767493
31295,0.01980262729617973,0.07434276080683347
31296,0.06765864847381486,0.0669348011588522
31297,0.0769610411361284,0.06635363686132538
31298,0.058268908123975824,0.08818510859153614
31299,0.06765864847381486,0.07523098527710746
31300,0.08617769624105241,0.0698805383026313
31302,0.02955880224154443,0.06936512052858618
31303,0.06765864847381486,0.08339442473957744
31304,0.03922071315328133,0.06443557414504694
31305,-0.030459207484708574,0.0641680547393028
31306,-0.040821994520255166,0.06945519098192862
31307,-0.040821994520255166,0.06009338553897121
31308,-0.030459207484708574,0.07336116979168972
31309,-0.05129329438755058,0.07479769091422221
31310,-0.01005033585350145,0.05837262815191036
31311,-0.020202707317519466,0.058935146490736945
31312,0.009950330853168092,0.052744058394813866
31313,-0.020202707317519466,0.058935146490736945
31314,-0.01005033585350145,0.06294848018393098
31316,0.009950330853168092,0.0662304140418319
31317,0,0.06685115428898164
31318,-0.040821994520255166,0.07407245400229491
31319,0.01980262729617973,0.07000057220075763
31320,-0.020202707317519466,0.04957334104777952
31321,-0.030459207484708574,0.0452694467391247
31322,-0.01005033585350145,0.05837262815191036
31323,-0.01005033585350145,0.05837262815191036
31324,0,0.05782075780969555
31325,-0.01005033585350145,0.05837262815191036
31326,-0.030459207484708574,0.05480624929634539
31327,0.01980262729617973,0.0612037321831525
31328,-0.020202707317519466,0.06812826154312385
31329,0,0.06685115428898164
31330,0,0.06685115428898164
31331,0,0.062355935063392404
31332,0,0.05782075780969555
31333,0.009950330853168092,0.052744058394813866
31334,0.009950330853168092,0.07064779299240058
31335,0,0.05782075780969555
31336,-0.030459207484708574,0.0641680547393028
31337,-0.11653381625595151,0.10808367145932471
31338,-0.040821994520255166,0.0505565829817505
31339,-0.07257069283483537,0.06191880459401399
31340,-0.05129329438755058,0.055899082914044086
31341,-0.10536051565782628,0.09772357749942791
31342,0.12221763272424911,0.07150338354247038
31343,0.131028262406404,0.09376657011919878
31344,0.09531017980432493,0.07331975544192601
31346,0.0769610411361284,0.09850311024333255
31347,0.131028262406404,0.09747716161362716
31348,0.09531017980432493,0.06112306112888804
31349,0.12221763272424911,0.090758652921474
31350,0.08617769624105241,0.07394593098078278
31351,-0.01005033585350145,0.07643483583094902
31352,-0.020202707317519466,0.08603199614071055
31353,0.01980262729617973,0.05674777301542054
31354,0.08617769624105241,0.0938007351897999
31355,0.12221763272424911,0.090758652921474
31356,0.12221763272424911,0.090758652921474
31357,0.02955880224154443,0.06502293192251035
31358,0.0769610411361284,0.09065366185584305
31359,-0.030459207484708574,0.11699493174993558
31361,-0.030459207484708574,0.0823915662709758
31362,0.04879016416943205,0.06385874640510507
31363,0.131028262406404,0.07479769091422223
31364,-0.05129329438755058,0.06543588547126479
31365,-0.040821994520255166,0.055347266833709205
31366,-0.05129329438755058,0.06068976676600278
31367,0.009950330853168092,0.0662304140418319
31368,-0.06187540371808753,0.07083492084398772
31369,0,0.06685115428898164
31370,0,0.04862764275730864
31371,0,0.05324490577767493
31372,-0.020202707317519466,0.06355240951110323
31373,-0.01005033585350145,0.05375536513154408
31374,-0.020202707317519466,0.06812826154312385
31375,-0.020202707317519466,0.05427571610131218
31376,-0.020202707317519466,0.06355240951110323
31377,0.0769610411361284,0.09065366185584305
31378,0.0769610411361284,0.07864830603431543
31379,0.04879016416943205,0.07656157886516997
31380,0.009950330853168092,0.05727923564851073
31381,0.01980262729617973,0.08291782117233411
31382,0.058268908123975824,0.059022652550746
31383,0.01980262729617973,0.0612037321831525
31384,-0.01005033585350145,0.04909593474211932
31385,0.02955880224154443,0.06502293192251035
31386,0.06765864847381486,0.04992642347130534
31387,0.03922071315328133,0.05129654552136597
31388,-0.030459207484708574,0.050060130591083385
31389,0.009950330853168092,0.06177445487409995
31390,0.01980262729617973,0.0612037321831525
31391,-0.020202707317519466,0.07715865802240994
31392,0.01980262729617973,0.05225255378983132
31393,-0.030459207484708574,0.07789634704538657
31394,0.009950330853168092,0.05727923564851073
31395,-0.11653381625595151,0.11270093447969101
31396,-0.10536051565782628,0.07376593306689164
31397,-0.08338160893905101,0.06743457811657298
31398,-0.10536051565782628,0.09772357749942791
31399,-0.15082288973458366,0.11147017255530538
31400,-0.05129329438755058,0.055899082914044086
31401,-0.15082288973458366,0.10667948870334668
31402,-0.2231435513142097,0.14836846927960437
31403,-0.020202707317519466,0.13225490193266295
31404,-0.10536051565782628,0.05883206454642571
31405,-0.11653381625595151,0.10342424106989996
31406,-0.11653381625595151,0.06955940997557716
31407,-0.08338160893905101,0.05762265876560992
31408,-0.07257069283483537,0.05703643162659016
31409,-0.07257069283483537,0.06675489844837307
31410,-0.09431067947124129,0.05319439302265785
31411,-0.07257069283483537,0.052106885243050925
31412,-0.07257069283483537,0.08099407605912642
31413,0.12221763272424911,0.05959146313584225
31414,0.10436001532424286,0.05650579810852175
31415,0.06765864847381486,0.06273556690552798
31416,0.04879016416943205,0.06812826154312375
31417,0.009950330853168092,0.07064779299240058
31418,0.02955880224154443,0.07794018089408683
31419,0.058268908123975824,0.07172548501081089
31420,0.02955880224154443,0.056226091904905205
31421,0.08617769624105241,0.0698805383026313
31422,0.04879016416943205,0.093021202445895207
31423,0.01980262729617973,0.06562111113372117
31424,0.01980262729617973,0.07864830603431543
31425,0.06765864847381486,0.07523098527710746
31426,0.08617769624105241,0.06578249151831278
31427,0.09531017980432493,0.06112306112888804
31428,0.09531017980432493,0.06112306112888804
31429,0.04879016416943205,0.06812826154312375
31430,0.0769610411361284,0.07048486657184545
31431,0.06765864847381486,0.058501483836805986
31432,0.0769610411361284,0.057989448200265976
31433,0.058268908123975824,0.0503749187171882
31434,0.08617769624105241,0.0819808069849354
31435,0.10436001532424286,0.06466923757099173
31436,0.10436001532424286,0.06466923757099173
31437,0.08617769624105241,0.08595128680231037
31438,0.09531017980432493,0.08129185641288562
31439,0.02955880224154443,0.06064347085547387
31440,0.01980262729617973,0.05225255378983132
31441,0,0.08010395347431873
31442,0.04879016416943205,0.059553201177623104
31443,0.01980262729617973,0.05225255378983132
31444,0.058268908123975824,0.054717107323264035
31445,-0.06187540371808753,0.06608880213872571
31446,-0.07257069283483537,0.06191880459401399
31447,-0.06187540371808753,0.06129811828676702
31448,-0.05129329438755058,0.0839908059666091
31449,-0.040821994520255166,0.06945519098192862
31450,0,0.062355935063392404
31451,-0.030459207484708574,0.0452694467391247
31452,-0.08338160893905101,0.07227067197093207
31453,-0.040821994520255166,0.06009338553897121
31454,-0.040821994520255166,0.06009338553897121
31455,-0.08338160893905101,0.07227067197093207
31456,-0.040821994520255166,0.055347266833709205
31457,-0.020202707317519466,0.06812826154312385
31458,-0.05129329438755058,0.06068976676600278
31459,-0.020202707317519466,0.06812826154312385
31460,-0.09431067947124129,0.11047362867116857
31461,-0.040821994520255166,0.07407245400229491
31462,-0.07257069283483537,0.10833297714795613
31463,-0.07257069283483537,0.04712924496480362
31464,-0.12783337150988489,0.11384875067051521
31465,-0.08338160893905101,0.06255220514914916
31466,-0.08338160893905101,0.13129332452167805
31467,-0.040821994520255166,0.06945519098192862
31468,-0.040821994520255166,0.06479576059250386
31469,-0.05129329438755058,0.07479769091422221
31470,-0.05129329438755058,0.06068976676600278
31471,-0.040821994520255166,0.06945519098192862
31472,-0.030459207484708574,0.05950862434987806
31473,-0.06187540371808753,0.07083492084398772
31474,-0.030459207484708574,0.0641680547393028
31475,-0.05129329438755058,0.06068976676600278
31476,-0.030459207484708574,0.0641680547393028
31477,-0.040821994520255166,0.06945519098192862
31478,-0.040821994520255166,0.06945519098192862
31479,-0.05129329438755058,0.07479769091422221
31480,-0.040821994520255166,0.07407245400229491
31481,-0.030459207484708574,0.06878531775966909
31482,-0.05129329438755058,0.07013826052479745
31483,0,0.12991949917019427
31484,-0.040821994520255166,0.06479576059250386
31485,-0.030459207484708574,0.07336116979168972
31486,-0.05129329438755058,0.06068976676600278
31487,-0.07257069283483537,0.07629170100559375
31488,-0.06187540371808753,0.07553729589752038
31489,-0.05129329438755058,0.055899082914044086
31490,-0.08338160893905101,0.08180747452815275
31491,-0.06187540371808753,0.07083492084398772
31492,-0.01005033585350145,0.07643483583094902
31493,0,0.062355935063392404
31494,-0.020202707317519466,0.06812826154312385
31495,-0.020202707317519466,0.06355240951110323
31496,-0.020202707317519466,0.07715865802240994
31497,-0.040821994520255166,0.06479576059250386
31498,-0.030459207484708574,0.05950862434987806
31499,-0.020202707317519466,0.05427571610131218
31500,-0.05129329438755058,0.07013826052479745
31501,-0.05129329438755058,0.07479769091422221
31502,-0.01005033585350145,0.06294848018393098
31503,-0.030459207484708574,0.05480624929634539
31504,-0.05129329438755058,0.06543588547126479
31505,-0.07257069283483537,0.10387701798022418
31506,-0.040821994520255166,0.06479576059250386
31507,-0.030459207484708574,0.0641680547393028
31508,-0.030459207484708574,0.05950862434987806
31509,-0.020202707317519466,0.058935146490736945
31510,-0.040821994520255166,0.07407245400229491
31511,0.04879016416943205,0.07236234461184575
31512,0,0.08444614208039455
31513,-0.040821994520255166,0.09213466168133358
31514,-0.020202707317519466,0.04957334104777952
31515,-0.020202707317519466,0.05427571610131218
31516,-0.030459207484708574,0.07336116979168972
31517,-0.020202707317519466,0.08603199614071055
31518,-0.020202707317519466,0.0726634387968207
31519,0,0.10975070388619668
31520,0,0.07130711345671359
31521,-0.07257069283483537,0.090270769468917475
31522,-0.06187540371808753,0.06129811828676702
31523,-0.05129329438755058,0.08852598322030597
31524,-0.01005033585350145,0.06748365743762784
31525,-0.030459207484708574,0.050060130591083385
31526,-0.06187540371808753,0.08481398930731142
41001,0.03922071315328133,0.04684058635363402
41002,0.04879016416943205,0.059553201177623104
41003,-0.01005033585350145,0.04439355968858666
41004,0.03922071315328133,0.05129654552136597
41005,0.009950330853168092,0.06177445487409995
41006,0.009950330853168092,0.05727923564851073
41007,0,0.06685115428898164
41008,0.009950330853168092,0.048168206362793245
41009,0,0.08010395347431873
41010,0.02955880224154443,0.04727491351158402
41011,0.02955880224154443,0.05177013273717325
41012,0.058268908123975824,0.0503749187171882
41013,0.0769610411361284,0.053755365131543976
41014,0.04879016416943205,0.06812826154312375
41015,0,0.05782075780969555
41016,0.0769610411361284,0.053755365131543976
41017,0.03922071315328133,0.06009338553897111
41018,0.03922071315328133,0.05571392447193464
41019,0.02955880224154443,0.05177013273717325
41020,0.02955880224154443,0.06502293192251035
41021,0.04879016416943205,0.059553201177623104
41022,0.02955880224154443,0.056226091904905205
41023,0.04879016416943205,0.050831551504510804
41024,0.06765864847381486,0.054231968698787304
41025,-0.040821994520255166,0.06009338553897121
41026,-0.07257069283483537,0.06191880459401399
41027,-0.05129329438755058,0.07013826052479745
41028,-0.05129329438755058,0.06543588547126479
41029,-0.08338160893905101,0.06743457811657298
41030,-0.05129329438755058,0.06068976676600278
41031,-0.040821994520255166,0.06009338553897121
41032,-0.06187540371808753,0.06129811828676702
41033,-0.020202707317519466,0.05427571610131218
41034,-0.05129329438755058,0.06543588547126479
41035,-0.07257069283483537,0.06675489844837307
41036,0.01980262729617973,0.05225255378983132
41037,-0.030459207484708574,0.05480624929634539
41038,0,0.04396821236788388
41040,-0.020202707317519466,0.05427571610131218
41041,-0.020202707317519466,0.05427571610131218
41042,-0.040821994520255166,0.06479576059250386
41043,-0.07257069283483537,0.06675489844837307
41044,-0.07257069283483537,0.06191880459401399
41045,-0.040821994520255166,0.055347266833709205
41046,-0.05129329438755058,0.055899082914044086
41047,-0.030459207484708574,0.050060130591083385
41048,-0.09431067947124129,0.06319871515958456
41049,0,0.05782075780969555
41050,-0.020202707317519466,0.07715865802240994
41051,0.009950330853168092,0.052744058394813866
41052,-0.01005033585350145,0.05837262815191036
41053,-0.030459207484708574,0.05480624929634539
41054,0.009950330853168092,0.06177445487409995
41055,0.009950330853168092,0.06177445487409995
41056,-0.01005033585350145,0.06748365743762784
41057,0.02955880224154443,0.06064347085547387
41058,0.058268908123975824,0.054717107323264035
41059,0.03922071315328133,0.06443557414504694
41060,0.04879016416943205,0.06385874640510507
41061,0.04879016416943205,0.050831551504510804
41062,0.03922071315328133,0.06009338553897111
41063,0.009950330853168092,0.06177445487409995
41064,0.01980262729617973,0.0612037321831525
41065,0.04879016416943205,0.05521101257154727
41066,0.02955880224154443,0.06502293192251035
41067,0.009950330853168092,0.05727923564851073
41068,0.06765864847381486,0.058501483836805986
41069,0.06765864847381486,0.054231968698787304
41070,0.03922071315328133,0.05571392447193464
41071,0.009950330853168092,0.0662304140418319
41072,0.06765864847381486,0.0669348011588522
41073,0.02955880224154443,0.06502293192251035
41074,0.058268908123975824,0.07172548501081089
41075,0.03922071315328133,0.04684058635363402
41076,0.03922071315328133,0.06874111937252891
41077,0.03922071315328133,0.05571392447193464
41078,0.02955880224154443,0.06064347085547387
41079,0.01980262729617973,0.07434276080683347
41080,0.02955880224154443,0.06064347085547387
41082,0.04879016416943205,0.07236234461184575
41083,0.02955880224154443,0.06064347085547387
41084,0.03922071315328133,0.06443557414504694
41085,0.02955880224154443,0.06502293192251035
41086,0.03922071315328133,0.05571392447193464
41087,0.01980262729617973,0.0612037321831525
41088,0.03922071315328133,0.06874111937252891
41089,0.04879016416943205,0.059553201177623104
41090,-0.01005033585350145,0.06294848018393098
41091,0.02955880224154443,0.06064347085547387
41092,0.01980262729617973,0.0612037321831525
41093,0,0.04862764275730864
41094,0,0.06685115428898164
41095,0.009950330853168092,0.06177445487409995
41096,0.058268908123975824,0.06329216768876468
41097,0,0.05782075780969555
41099,0.03922071315328133,0.07301063451054758
41100,0.02955880224154443,0.0946696823343883
41101,0.009950330853168092,0.0662304140418319
41102,-0.030459207484708574,0.05480624929634539
41103,0.009950330853168092,0.13657214578832216
41105,0.02955880224154443,0.08217426396280882
41106,0.009950330853168092,0.06177445487409995
41107,0.009950330853168092,0.052744058394813866
41108,0.02955880224154443,0.05177013273717325
41109,0,0.07572449240728225
41110,-0.030459207484708574,0.05480624929634539
41111,-0.05129329438755058,0.05106298905968502
41112,-0.040821994520255166,0.06009338553897121
41113,-0.05129329438755058,0.06543588547126479
41114,-0.020202707317519466,0.07715865802240994
41115,-0.05129329438755058,0.07941495393458849
41116,-0.12783337150988489,0.1184660136908815
41117,-0.06187540371808753,0.07083492084398772
41118,-0.05129329438755058,0.06068976676600278
41119,-0.06187540371808753,0.05646202443240795
41120,-0.08338160893905101,0.06743457811657298
41121,-0.09431067947124129,0.06812826154312379
41122,-0.18632957819149348,0.10014281073707224
41123,-0.09431067947124129,0.07301063451054762
41124,-0.08338160893905101,0.08180747452815275
41125,-0.07257069283483537,0.090270769468917475
41126,-0.08338160893905101,0.08650984958168542
41127,-0.11653381625595151,0.0794665966373637
41128,-0.16251892949777494,0.12218365848668537
41129,-0.11653381625595151,0.13076314215872967
41130,-0.040821994520255166,0.08767870251360162
41131,-0.09431067947124129,0.06812826154312379
41132,-0.08338160893905101,0.07706135582289075
41133,0.04879016416943205,0.0970544572964632
41134,-0.10536051565782628,0.0688363866833524
41135,-0.08338160893905101,0.06743457811657298
41136,-0.23572233352106983,0.09409644853750983
41138,-0.09431067947124129,0.06812826154312379
41139,-0.01005033585350145,0.1230418657229021
41140,-0.10536051565782628,0.07864830603431548
41141,-0.06187540371808753,0.03664578294451818
41142,-0.07257069283483537,0.09938179875463495
41143,-0.05129329438755058,0.11919125060280876
41144,0.01980262729617973,0.06562111113372117
41145,-0.12783337150988489,0.1184660136908815
41146,0.009950330853168092,0.08367498789299484
41147,0.01980262729617973,0.05225255378983132
41148,0.03922071315328133,0.07724471757926958
41149,0,0.06685115428898164
41150,-0.030459207484708574,0.07336116979168972
41151,-0.07257069283483537,0.07154558230033174
41152,-0.030459207484708574,0.11699493174993558
41153,0.01980262729617973,0.08291782117233411
41154,-0.07257069283483537,0.11712981716556127
41155,-0.07257069283483537,0.06675489844837307
41156,-0.07257069283483537,0.07154558230033174
41157,-0.06187540371808753,0.05646202443240795
41158,-0.06187540371808753,0.07553729589752038
41159,-0.040821994520255166,0.06945519098192862
41160,-0.030459207484708574,0.09564436545631289
41161,-0.05129329438755058,0.055899082914044086
41162,0.009950330853168092,0.09217858609973552
41163,-0.030459207484708574,0.05950862434987806
41164,-0.05129329438755058,0.055899082914044086
41165,-0.13926206733350766,0.09106264310550458
41166,-0.040821994520255166,0.06009338553897121
41167,0.02955880224154443,0.09053845262386821
41168,-0.030459207484708574,0.05950862434987806
41169,-0.030459207484708574,0.05950862434987806
41170,-0.06187540371808753,0.05646202443240795
51001,0.009950330853168092,0.08367498789299484
51002,0.01980262729617973,0.07434276080683347
51003,-0.01005033585350145,0.06294848018393098
51004,0.058268908123975824,0.09621998459568877
51005,0.01980262729617973,0.07000057220075763
51006,0.04879016416943205,0.07236234461184575
51007,0,0.062355935063392404
51008,0.009950330853168092,0.07064779299240058
51009,-0.030459207484708574,0.05950862434987806
51010,-0.020202707317519466,0.058935146490736945
51011,-0.01005033585350145,0.07643483583094902
51012,-0.040821994520255166,0.07864830603431554
51013,0.03922071315328133,0.0814439518325938
51014,-0.020202707317519466,0.06812826154312385
51015,-0.01005033585350145,0.06748365743762784
51016,-0.01005033585350145,0.07643483583094902
51017,-0.01005033585350145,0.06294848018393098
51018,-0.040821994520255166,0.06009338553897121
51019,0.02955880224154443,0.11483847761838589
51020,-0.020202707317519466,0.058935146490736945
51021,-0.01005033585350145,0.09814892482013064
51022,0.02955880224154443,0.0946696823343883
51023,0.04879016416943205,0.06812826154312375
51024,0.08617769624105241,0.0938007351897999
51025,0.11332868530700327,0.07603856079616725
51026,0.06765864847381486,0.07523098527710746
51027,0.03922071315328133,0.06009338553897111
51028,0.06765864847381486,0.07523098527710746
51029,0,0.062355935063392404
51030,0.0769610411361284,0.07048486657184545
51031,0.08617769624105241,0.0698805383026313
51032,0.04879016416943205,0.08072653327290515
51033,0.04879016416943205,0.06385874640510507
51034,0.058268908123975824,0.08002166912906615
51035,0.06765864847381486,0.0669348011588522
51036,0.058268908123975824,0.059022652550746
51037,0.03922071315328133,0.08974013595084906
51038,0.01980262729617973,0.0612037321831525
51039,-0.020202707317519466,0.058935146490736945
51040,-0.020202707317519466,0.06355240951110323
51041,0,0.05782075780969555
51042,0.06765864847381486,0.058501483836805986
51043,0.02955880224154443,0.056226091904905205
51044,-0.030459207484708574,0.07336116979168972
51045,-0.05129329438755058,0.06068976676600278
51046,-0.040821994520255166,0.08767870251360162
51047,-0.01005033585350145,0.05837262815191036
51048,-0.020202707317519466,0.06355240951110323
51049,-0.030459207484708574,0.07336116979168972
51050,0,0.062355935063392404
51051,0,0.06685115428898164
51052,-0.01005033585350145,0.06748365743762784
51053,0.009950330853168092,0.06177445487409995
51054,0,0.05782075780969555
51056,-0.030459207484708574,0.05950862434987806
51057,-0.030459207484708574,0.05480624929634539
51058,-0.020202707317519466,0.06355240951110323
51059,-0.05129329438755058,0.06543588547126479
51060,-0.030459207484708574,0.0641680547393028
51061,0.03922071315328133,0.06009338553897111
51062,-0.030459207484708574,0.0641680547393028
51063,-0.020202707317519466,0.058935146490736945
51065,-0.040821994520255166,0.055347266833709205
51066,-0.01005033585350145,0.06294848018393098
51067,-0.030459207484708574,0.0641680547393028
51068,-0.040821994520255166,0.06945519098192862
51070,0.01980262729617973,0.05674777301542054
51071,0.01980262729617973,0.06562111113372117
51072,0.06765864847381486,0.054231968698787304
51073,0.02955880224154443,0.04727491351158402
51074,0.009950330853168092,0.0662304140418319
51075,0.06765864847381486,0.06273556690552798
51076,0.02955880224154443,0.07794018089408683
51077,0,0.05782075780969555
51078,0.02955880224154443,0.05177013273717325
51079,0.04879016416943205,0.06812826154312375
51080,0.009950330853168092,0.0662304140418319
51081,0.04879016416943205,0.05521101257154727
51082,0.0769610411361284,0.06635363686132538
51083,0.02955880224154443,0.06064347085547387
51084,0.009950330853168092,0.052744058394813866
51085,-0.040821994520255166,0.055347266833709205
51086,-0.020202707317519466,0.04957334104777952
51088,0.009950330853168092,0.05727923564851073
51089,0.058268908123975824,0.0503749187171882
51090,-0.01005033585350145,0.05837262815191036
51091,0.01980262729617973,0.07000057220075763
51092,0.0769610411361284,0.057989448200265976
51093,0.01980262729617973,0.05225255378983132
51094,0.09531017980432493,0.06928650059135802
51095,0.009950330853168092,0.05727923564851073
51096,0.02955880224154443,0.06064347085547387
51097,-0.01005033585350145,0.05837262815191036
51098,-0.040821994520255166,0.06009338553897121
51099,-0.05129329438755058,0.07479769091422221
51100,-0.07257069283483537,0.08099407605912642
51101,-0.020202707317519466,0.0726634387968207
51102,-0.040821994520255166,0.06945519098192862
51103,0.009950330853168092,0.05727923564851073
51104,-0.020202707317519466,0.06355240951110323
51105,-0.05129329438755058,0.07479769091422221
51107,-0.06187540371808753,0.07553729589752038
51108,-0.020202707317519466,0.05427571610131218
51109,-0.040821994520255166,0.06009338553897121
51110,-0.01005033585350145,0.06294848018393098
51112,0.01980262729617973,0.07000057220075763
51113,0.009950330853168092,0.05727923564851073
51114,0,0.05782075780969555
51115,0.04879016416943205,0.06385874640510507
51116,0,0.06685115428898164
51117,0.009950330853168092,0.07064779299240058
51118,0.06765864847381486,0.07109975556658737
51119,0.02955880224154443,0.06064347085547387
51121,0.02955880224154443,0.07367066575606815
51122,0.03922071315328133,0.06443557414504694
51123,0.009950330853168092,0.07502725405943704
51124,0.02955880224154443,0.05177013273717325
51125,-0.030459207484708574,0.07789634704538657
51127,0.01980262729617973,0.06562111113372117
51128,0.02955880224154443,0.056226091904905205
51129,0.02955880224154443,0.06064347085547387
51130,0.01980262729617973,0.0612037321831525
51131,0.08617769624105241,0.061651261807792714
51132,-0.020202707317519466,0.05427571610131218
51133,0,0.062355935063392404
51134,-0.020202707317519466,0.058935146490736945
51135,-0.01005033585350145,0.06294848018393098
51136,0.009950330853168092,0.05727923564851073
51137,-0.020202707317519466,0.05427571610131218
51138,0.01980262729617973,0.05225255378983132
51139,0.01980262729617973,0.07000057220075763
51140,0.04879016416943205,0.05521101257154727
51141,0.009950330853168092,0.052744058394813866
51142,0.009950330853168092,0.07502725405943704
51143,0.009950330853168092,0.052744058394813866
51144,-0.01005033585350145,0.06294848018393098
51145,0,0.07130711345671359
51146,0.01980262729617973,0.08715190424105611
51147,0.058268908123975824,0.06752625075748667
51148,-0.01005033585350145,0.05375536513154408
51149,0.009950330853168092,0.07064779299240058
51150,0,0.07130711345671359
51152,0,0.05782075780969555
51153,0.009950330853168092,0.0662304140418319
51154,0,0.07130711345671359
51155,0.009950330853168092,0.07936944266551288
51156,0.009950330853168092,0.0662304140418319
51157,0,0.08010395347431873
51158,0,0.07572449240728225
51159,0.009950330853168092,0.052744058394813866
51160,-0.01005033585350145,0.06294848018393098
51161,0,0.05782075780969555
51162,0,0.06685115428898164
51163,0.01980262729617973,0.06562111113372117
51164,0.0769610411361284,0.09065366185584305
51165,0.058268908123975824,0.06752625075748667
51166,0,0.05782075780969555
51168,0.009950330853168092,0.06177445487409995
51169,0.01980262729617973,0.0612037321831525
51170,0.01980262729617973,0.0612037321831525
51171,0.009950330853168092,0.07064779299240058
51172,0.01980262729617973,0.0612037321831525
51173,0.01980262729617973,0.07864830603431543
51174,0.03922071315328133,0.07724471757926958
51175,0.04879016416943205,0.08072653327290515
51176,0.03922071315328133,0.06874111937252891
51177,0.04879016416943205,0.07236234461184575
51178,0.04879016416943205,0.059553201177623104
51179,0.06765864847381486,0.058501483836805986
51180,0.03922071315328133,0.05571392447193464
51181,0.04879016416943205,0.06385874640510507
51182,0.02955880224154443,0.05177013273717325
51183,0.04879016416943205,0.07236234461184575
51184,0.03922071315328133,0.06443557414504694
51185,0.01980262729617973,0.047717376536134455
51186,-0.030459207484708574,0.07336116979168972
51187,0.03922071315328133,0.06874111937252891
51188,0.02955880224154443,0.06502293192251035
51189,0,0.062355935063392404
51190,-0.01005033585350145,0.07643483583094902
51191,0.058268908123975824,0.07589043941854608
51192,-0.06187540371808753,0.07083492084398772
51193,-0.020202707317519466,0.07715865802240994
51194,-0.030459207484708574,0.10856161442788936
51195,-0.030459207484708574,0.07789634704538657
51196,-0.06187540371808753,0.12032077083751302
51197,-0.05129329438755058,0.07941495393458849
51198,-0.09431067947124129,0.0967453363650848
51199,-0.09431067947124129,0.08738353092212739
51200,-0.09431067947124129,0.0967453363650848
51202,-0.07257069283483537,0.052106885243050925
51203,-0.10536051565782628,0.05883206454642571
51205,-0.07257069283483537,0.11712981716556127
51206,-0.13926206733350766,0.07612877458503865
51207,-0.12783337150988489,0.07532448918676767
51208,-0.13926206733350766,0.08613309672196534
51209,-0.12783337150988489,0.0949501426703371
51210,0.11332868530700327,0.0838280873935083
51211,0.009950330853168092,0.08367498789299484
51212,0.01980262729617973,0.08715190424105611
51213,0.03922071315328133,0.08560890624032898
51214,-0.020202707317519466,0.09905919104130483
51215,-0.05129329438755058,0.055899082914044086
51216,-0.030459207484708574,0.06878531775966909
51217,0,0.062355935063392404
51218,-0.06187540371808753,0.07553729589752038
51219,-0.11653381625595151,0.05432830632778065
51220,-0.09431067947124129,0.1149688478967578
51221,-0.1743533871447778,0.123475528376833
51222,-0.16251892949777494,0.11264685592946468
51223,-0.10536051565782628,0.09302120244589525
51224,-0.13926206733350766,0.1007811099272875
51225,0.02955880224154443,0.07794018089408683
51226,0.009950330853168092,0.07064779299240058
51227,0.009950330853168092,0.08367498789299484
51228,-0.020202707317519466,0.08603199614071055
51229,-0.020202707317519466,0.0726634387968207
51230,-0.030459207484708574,0.07789634704538657
51231,-0.01005033585350145,0.06294848018393098
51232,0.009950330853168092,0.09217858609973552
51233,0.01980262729617973,0.08291782117233411
51234,0.009950330853168092,0.07502725405943704
51236,-0.030459207484708574,0.06878531775966909
51237,-0.030459207484708574,0.05950862434987806
51238,-0.030459207484708574,0.06878531775966909
51239,-0.040821994520255166,0.06945519098192862
51240,-0.01005033585350145,0.07197887666321708
51241,-0.030459207484708574,0.05950862434987806
51242,-0.040821994520255166,0.0505565829817505
51243,-0.020202707317519466,0.058935146490736945
51244,-0.030459207484708574,0.0641680547393028
51245,-0.01005033585350145,0.06748365743762784
51246,-0.020202707317519466,0.058935146490736945
51247,-0.030459207484708574,0.05950862434987806
51248,-0.020202707317519466,0.058935146490736945
51249,-0.06187540371808753,0.12032077083751302
51250,-0.040821994520255166,0.06009338553897121
61001,-0.05129329438755058,0.07013826052479745
61002,-0.040821994520255166,0.07407245400229491
61003,-0.030459207484708574,0.07789634704538657
61004,0.058268908123975824,0.08411971591338466
61005,0,0.06685115428898164
61006,0.01980262729617973,0.0955160929021155
61007,0,0.07572449240728225
61008,-0.01005033585350145,0.07643483583094902
61009,-0.01005033585350145,0.08085221478151769
61010,-0.01005033585350145,0.07643483583094902
61011,-0.020202707317519466,0.09905919104130483
61012,-0.07257069283483537,0.12577755099911905
61013,-0.08338160893905101,0.10489757227719394
61014,-0.06187540371808753,0.08019672628694513
61015,-0.12783337150988489,0.09011404881597802
61016,0.0769610411361284,0.09065366185584305
61017,0.058268908123975824,0.07172548501081089
61018,0.02955880224154443,0.0946696823343883
61019,0.058268908123975824,0.07589043941854608
61020,-0.08338160893905101,0.07706135582289075
61021,0.01980262729617973,0.08715190424105611
61022,0.04879016416943205,0.07236234461184575
61023,0.06765864847381486,0.08339442473957744
61024,0.03922071315328133,0.07301063451054758
61026,0.06765864847381486,0.08742767959014544
61027,0.08617769624105241,0.0698805383026313
61028,0.06765864847381486,0.0669348011588522
61029,0.058268908123975824,0.07172548501081089
61030,0.08617769624105241,0.07797918583135077
61031,0.08617769624105241,0.0819808069849354
61032,0.0769610411361284,0.07458291335616396
61033,0.0769610411361284,0.08668318203846807
61034,-0.05129329438755058,0.0839908059666091
61035,-0.020202707317519466,0.06355240951110323
61036,0.01980262729617973,0.13921785034012263
61037,-0.10536051565782628,0.0688363866833524
61038,-0.08338160893905101,0.08650984958168542
61039,-0.020202707317519466,0.09475364581382285
61040,-0.040821994520255166,0.1009315016989387
61041,-0.06187540371808753,0.08481398930731142
61042,-0.10536051565782628,0.07376593306689164
61043,-0.10536051565782628,0.07864830603431548
61044,-0.06187540371808753,0.07083492084398772
61045,-0.07257069283483537,0.08565350644855117
61046,-0.05129329438755058,0.07013826052479745
61047,-0.10536051565782628,0.07376593306689164
61048,-0.07257069283483537,0.06675489844837307
61049,-0.06187540371808753,0.07553729589752038
61050,-0.09431067947124129,0.07301063451054762
61051,-0.08338160893905101,0.08180747452815275
61052,-0.08338160893905101,0.06743457811657298
61053,-0.06187540371808753,0.09842023781861813
61054,-0.020202707317519466,0.06355240951110323
61055,-0.040821994520255166,0.06945519098192862
61056,-0.05129329438755058,0.0839908059666091
61057,-0.040821994520255166,0.06479576059250386
61058,-0.07257069283483537,0.06191880459401399
61059,-0.030459207484708574,0.09126490438927642
61060,-0.040821994520255166,0.06479576059250386
61061,-0.05129329438755058,0.055899082914044086
61062,-0.05129329438755058,0.06543588547126479
61063,-0.06187540371808753,0.08481398930731142
61064,-0.05129329438755058,0.07013826052479745
61065,-0.030459207484708574,0.0641680547393028
61066,-0.05129329438755058,0.06543588547126479
61067,-0.030459207484708574,0.05950862434987806
61069,0,0.10561947417567659
61070,0.01980262729617973,0.09135113849438033
61071,-0.01005033585350145,0.1270751205734701
61072,0.01980262729617973,0.07864830603431543
61073,-0.08338160893905101,0.13129332452167805
61074,-0.040821994520255166,0.06945519098192862
61075,-0.05129329438755058,0.09302120244589519
61076,-0.040821994520255166,0.06009338553897121
61077,-0.020202707317519466,0.08603199614071055
61078,-0.06187540371808753,0.08019672628694513
61079,-0.05129329438755058,0.1018945405641958
61080,-0.06187540371808753,0.08481398930731142
61081,0,0.07572449240728225
61082,0,0.093021202445895207
61083,-0.10536051565782628,0.10238300788885267
61084,0.02955880224154443,0.0987677291187068
61085,0.09531017980432493,0.09687181756598853
61086,0,0.09725528551461719
61087,-0.040821994520255166,0.06945519098192862
61088,0.01980262729617973,0.09135113849438033
61089,-0.020202707317519466,0.0726634387968207
61090,-0.020202707317519466,0.08161461719014189
61091,-0.030459207484708574,0.05950862434987806
61092,-0.020202707317519466,0.0726634387968207
61093,-0.07257069283483537,0.1467765675774392
61094,-0.040821994520255166,0.10527369030501454
61095,-0.07257069283483537,0.13848038345918395
61096,-0.020202707317519466,0.06812826154312385
61097,-0.020202707317519466,0.0726634387968207
71001,-0.09431067947124129,0.07301063451054762
71002,-0.07257069283483537,0.10833297714795613
71003,-0.08338160893905101,0.11384875067051513
71004,-0.08338160893905101,0.08650984958168542
71005,-0.10536051565782628,0.11611130019493643
71006,-0.09431067947124129,0.08263741221686538
71007,-0.08338160893905101,0.09116927997111017
71008,-0.08338160893905101,0.09116927997111017
71009,-0.09431067947124129,0.07784672836490669
71010,-0.09431067947124129,0.08738353092212739
71011,-0.08338160893905101,0.09116927997111017
71012,-0.09431067947124129,0.06812826154312379
71013,-0.08338160893905101,0.08650984958168542
71015,-0.08338160893905101,0.09578654299147647
71016,-0.10536051565782628,0.08348439988867455
71017,-0.08338160893905101,0.10036239502349709
71018,-0.09431067947124129,0.08263741221686538
71019,-0.11653381625595151,0.09872186601636729
71020,-0.10536051565782628,0.08827508374063324
71021,-0.09431067947124129,0.1013625993854511
71022,-0.09431067947124129,0.06812826154312379
71023,-0.09431067947124129,0.08263741221686538
71024,-0.09431067947124129,0.08263741221686538
71025,-0.07257069283483537,0.10833297714795613
71026,-0.09431067947124129,0.07784672836490669
71027,-0.07257069283483537,0.09938179875463495
71028,-0.09431067947124129,0.07784672836490669
71029,-0.09431067947124129,0.08738353092212739
71030,-0.09431067947124129,0.08263741221686538
71031,-0.08338160893905101,0.06743457811657298
71032,-0.10536051565782628,0.08348439988867455
71033,-0.10536051565782628,0.07864830603431548
71034,-0.09431067947124129,0.08738353092212739
71035,-0.09431067947124129,0.08263741221686538
71036,-0.05129329438755058,0.0839908059666091
71037,-0.08338160893905101,0.08650984958168542
71038,-0.07257069283483537,0.07629170100559375
71039,-0.07257069283483537,0.090270769468917475
71040,-0.07257069283483537,0.08565350644855117
71041,-0.06187540371808753,0.08019672628694513
71042,-0.07257069283483537,0.07629170100559375
71043,-0.05129329438755058,0.09302120244589519
71044,-0.06187540371808753,0.0939250185930289
71045,-0.07257069283483537,0.090270769468917475
71046,-0.06187540371808753,0.08938984133933205
71047,-0.09431067947124129,0.08263741221686538
71048,-0.08338160893905101,0.08650984958168542
71049,-0.06187540371808753,0.08019672628694513
71050,-0.10536051565782628,0.06385874640510511
71051,-0.10536051565782628,0.09772357749942791
71052,-0.10536051565782628,0.05883206454642571
71053,-0.11653381625595151,0.05945602870201608
71054,-0.10536051565782628,0.08348439988867455
71055,-0.12783337150988489,0.06009338553897114
71056,-0.16251892949777494,0.12688603354021802
71057,-0.12783337150988489,0.07532448918676767
71058,-0.13926206733350766,0.08115545644371806
71059,-0.13926206733350766,0.14235918862687055
71060,-0.12783337150988489,0.13652822136992018
71061,-0.13926206733350766,0.09594501607292842
71062,-0.09431067947124129,0.13686938091565268
71063,-0.15082288973458366,0.08705383521977725
71064,-0.15082288973458366,0.1347712117559117
71065,-0.13926206733350766,0.06592435279592153
71066,-0.12783337150988489,0.07029780732808825
71067,-0.11653381625595151,0.08434896960478752
71068,-0.12783337150988489,0.06522110791320658
81001,0.08617769624105241,0.06578249151831278
81002,0.0769610411361284,0.062188682453590195
81003,0.04879016416943205,0.06385874640510507
81004,0.058268908123975824,0.07589043941854608
81005,0.08617769624105241,0.07797918583135077
81006,0.06765864847381486,0.0669348011588522
81007,0.09531017980432493,0.07331975544192601
81008,0.08617769624105241,0.06578249151831278
81009,0.058268908123975824,0.07589043941854608
81010,0.0769610411361284,0.07864830603431543
81011,0.04879016416943205,0.08895580976774374
81013,0.10436001532424286,0.07270411357514436
81014,0.09531017980432493,0.06522110791320655
81015,0.04879016416943205,0.07656157886516997
81016,0.03922071315328133,0.06443557414504694
81017,0.058268908123975824,0.06752625075748667
81019,0.058268908123975824,0.07172548501081089
81020,0.0769610411361284,0.06635363686132538
81021,0.09531017980432493,0.08523167584855415
81022,0.0769610411361284,0.07048486657184545
81023,0.08617769624105241,0.0698805383026313
81024,0.0769610411361284,0.07458291335616396
81025,0.12221763272424911,0.090758652921474
81026,0.08617769624105241,0.06578249151831278
81027,0.04879016416943205,0.050831551504510804
81028,0.06765864847381486,0.04992642347130534
81029,0.01980262729617973,0.0612037321831525
81030,0.04879016416943205,0.050831551504510804
81031,0.02955880224154443,0.06936512052858618
81032,0.02955880224154443,0.08217426396280882
81033,0.03922071315328133,0.05571392447193464
81034,0.01980262729617973,0.07434276080683347
81035,0.009950330853168092,0.09217858609973552
81036,0.03922071315328133,0.09383818273516757
81037,0.02955880224154443,0.07367066575606815
81038,0.01980262729617973,0.07434276080683347
81039,-0.01005033585350145,0.08957386445462999
81040,0.009950330853168092,0.05727923564851073
81041,0.01980262729617973,0.05225255378983132
81042,0.02955880224154443,0.06064347085547387
81043,0.06765864847381486,0.10324922894859456
81044,-0.030459207484708574,0.0823915662709758
81045,0.009950330853168092,0.0662304140418319
81046,0.02955880224154443,0.07367066575606815
81047,0.02955880224154443,0.06936512052858618
81048,0,0.08010395347431873
81049,0.06765864847381486,0.07523098527710746
81050,0.08617769624105241,0.06578249151831278
81051,0.0769610411361284,0.07048486657184545
81052,0.08617769624105241,0.07394593098078278
81053,0.06765864847381486,0.07932903206142597
81054,0.06765864847381486,0.06273556690552798
81055,0.03922071315328133,0.07724471757926958
81056,0.06765864847381486,0.07523098527710746
81057,0.04879016416943205,0.050831551504510804
81058,0.06765864847381486,0.058501483836805986
81059,0.0769610411361284,0.07864830603431543
81060,0.06765864847381486,0.07109975556658737
81061,0.03922071315328133,0.06874111937252891
81062,0.06765864847381486,0.07109975556658737
81063,0.058268908123975824,0.08002166912906615
81064,0.058268908123975824,0.07172548501081089
81065,0.03922071315328133,0.08974013595084906
81067,0.04879016416943205,0.08072653327290515
81069,0.058268908123975824,0.06329216768876468
81070,0.058268908123975824,0.08002166912906615
81071,0.009950330853168092,0.08794450303101352
81072,0.01980262729617973,0.06562111113372117
81073,0.01980262729617973,0.0612037321831525
81074,0.009950330853168092,0.07502725405943704
81075,-0.01005033585350145,0.07643483583094902
81076,0.01980262729617973,0.07434276080683347
81077,0.02955880224154443,0.07794018089408683
81078,0,0.06685115428898164
81079,0.01980262729617973,0.06562111113372117
81080,0.03922071315328133,0.06009338553897111
81081,0.009950330853168092,0.06177445487409995
81082,0.06765864847381486,0.07109975556658737
81083,0.009950330853168092,0.10877205125563351
81084,0.02955880224154443,0.06502293192251035
81086,0.02955880224154443,0.09053845262386821
81087,0.009950330853168092,0.0662304140418319
81088,0.009950330853168092,0.07502725405943704
81089,0.01980262729617973,0.047717376536134455
81090,0.03922071315328133,0.06443557414504694
81091,0.02955880224154443,0.07367066575606815
81092,0.04879016416943205,0.08072653327290515
81093,0.04879016416943205,0.07656157886516997
81094,0.058268908123975824,0.07589043941854608
81095,0.04879016416943205,0.07656157886516997
81096,0.03922071315328133,0.06874111937252891
81097,0.02955880224154443,0.07367066575606815
81098,0.04879016416943205,0.06385874640510507
81099,0.04879016416943205,0.07236234461184575
81100,0.04879016416943205,0.06385874640510507
81101,0.08617769624105241,0.0938007351897999
81102,0.06765864847381486,0.07109975556658737
81103,0.06765864847381486,0.07109975556658737
81104,0.058268908123975824,0.08411971591338466
81105,0.04879016416943205,0.07236234461184575
81106,0.06765864847381486,0.07109975556658737
81107,0.058268908123975824,0.07172548501081089
81108,0.058268908123975824,0.08002166912906615
81109,0.04879016416943205,0.06385874640510507
81110,0.04879016416943205,0.093021202445895207
91003,-0.020202707317519466,0.09475364581382285
