SA2_code,y.cervical.female,sd.cervical.female
11001,-0.11653381625595151,0.2629132327618976
11002,-0.10536051565782628,0.11157612294123957
11003,-0.11653381625595151,0.3118520704551319
11004,-0.10536051565782628,0.11611130019493643
11005,0.058268908123975824,0.2813758487229176
11006,-0.040821994520255166,0.14677656757743926
11007,-0.10536051565782628,0.16760411580205922
11008,-0.06187540371808753,0.20323859200984715
11009,-0.10536051565782628,0.1954042103347479
11010,-0.12783337150988489,0.18313525126187324
11011,-0.12783337150988489,0.12304186572290213
11012,-0.16251892949777494,0.18437234094027555
11013,-0.18632957819149348,0.18808731376808577
11014,-0.2613647641344075,0.3193917743481208
11015,-0.13926206733350766,0.15549821725055152
11016,-0.19845093872383832,0.198505764455351
11017,0,0.26469071092610585
11018,0.009950330853168092,0.23789992252204267
11019,0.03922071315328133,0.2655076912153782
11020,-0.15082288973458366,0.1784049737141576
11021,0.2151113796169455,0.2589768383594614
11022,-0.10536051565782628,0.17970438448436332
11023,-0.07257069283483537,0.28630138145587053
11024,-0.01005033585350145,0.16200767122523582
11025,-0.09431067947124129,0.2481391669628903
11026,-0.020202707317519466,0.2627035454865441
11027,-0.07257069283483537,0.2195128250544139
11028,-0.12783337150988489,0.22954942381581536
11029,0.01980262729617973,0.20352434059285987
11030,0.009950330853168092,0.12484279975531258
11031,-0.13926206733350766,0.15549821725055152
11032,0.11332868530700327,0.1690597632420625
11033,-0.01005033585350145,0.20514919572934956
11034,-0.11653381625595151,0.19722497625969984
11035,-0.05129329438755058,0.19418216404599536
11036,-0.09431067947124129,0.17006509180701082
11037,0.12221763272424911,0.22896016013341258
11038,-0.13926206733350766,0.24995864231973317
11039,-0.12783337150988489,0.19908042651906938
11040,0.2700271372130602,0.18701514890739326
11041,-0.10536051565782628,0.1992548254548412
11042,-0.01005033585350145,0.18042859196100935
11043,-0.08338160893905101,0.1994215860648019
11044,0.08617769624105241,0.18617240975467567
11045,0.17395330712343798,0.17289302005368662
11046,0.131028262406404,0.20984491245865192
11047,-0.09431067947124129,0.17006509180701082
11048,0.04879016416943205,0.18873478096364948
11049,0.06765864847381486,0.1515226862827012
11050,0.22314355131420976,0.18886902753241053
11051,-0.030459207484708574,0.18355252787107598
11052,0.41871033485818504,0.3116883073076393
11053,0.13976194237515863,0.23141066474621214
11054,0.25464221837358075,0.23632529325343674
11055,0.04879016416943205,0.20524768121978812
11056,0.058268908123975824,0.19387041979958136
11057,0.10436001532424286,0.20225269009604402
11058,-0.37106368139083207,0.23328641715912474
11059,-0.35667494393873245,0.2577015046209213
11060,-0.10536051565782628,0.13820150721193858
11061,-0.07257069283483537,0.17479481124892632
11062,0.16551443847757333,0.16168964835036706
11063,-0.18632957819149348,0.301936064438601
11064,-0.07257069283483537,0.15087461436175773
11065,0.009950330853168092,0.1592516164877271
11066,-0.040821994520255166,0.20331450958779135
11067,0.01980262729617973,0.22969438874977344
11068,0.13976194237515863,0.17482867697404803
11069,0.01980262729617973,0.15051434313461934
11070,0.14842000511827322,0.26761452455313905
11071,-0.030459207484708574,0.1761581363901746
11072,0.06765864847381486,0.2765851648709589
11073,0.058268908123975824,0.18053099117492713
11074,0.10436001532424286,0.14331754360530716
11076,-0.05129329438755058,0.20865700952008495
11077,0.3293037471426003,0.2105273457075393
11078,0.04879016416943205,0.2306046549709475
11079,0.04879016416943205,0.13572478350540895
11080,-0.1743533871447778,0.26062531824795443
11081,-0.06187540371808753,0.14131978741583318
11082,-0.18632957819149348,0.20068558549786714
11083,0,0.1643283159026088
11084,-0.12783337150988489,0.21454233952689028
11085,-0.08338160893905101,0.2142111456940122
11086,-0.08338160893905101,0.16849065656662082
11087,-0.040821994520255166,0.19973411537419616
11088,-0.15082288973458366,0.22627168555989985
11089,-0.09431067947124129,0.18976653881098002
11090,-0.01005033585350145,0.23200824342599347
11091,-0.19845093872383832,0.215099229611249
11092,0.11332868530700327,0.16577869674701637
11093,0.1906203596086497,0.18239849433726424
11094,0.23111172096338664,0.17340195184813836
11095,0.23901690047049992,0.17794375736307097
11096,0.12221763272424911,0.1645245859883656
11097,0.28517894223366247,0.23546377819097583
11098,0.06765864847381486,0.14438684854048697
11099,0.10436001532424286,0.15362504733873547
11100,0.16551443847757333,0.21827163612253117
11101,0.2468600779315258,0.2042056959831697
11102,0.17395330712343798,0.2251185367177528
11103,0.14842000511827322,0.14457265883023704
11104,0.131028262406404,0.19783955663712427
11105,0.3074846997479607,0.17858944039226196
11106,0.0769610411361284,0.20371078462257314
11107,0.058268908123975824,0.16683341462585155
11108,0.0769610411361284,0.1876146837374068
11109,0.12221763272424911,0.1129449345233815
11110,0.04879016416943205,0.14311917498631033
11111,0.16551443847757333,0.17413426729126458
11112,-0.040821994520255166,0.2242847522845015
11113,0.009950330853168092,0.13657214578832216
11114,0.20701416938432612,0.1828059386049665
11115,0,0.15687994885100037
11116,0.009950330853168092,0.17741026194828968
11117,0.02955880224154443,0.15658848692840227
11118,0.14842000511827322,0.17667154934583357
11119,0.058268908123975824,0.23798960245459505
11120,0.0769610411361284,0.23743022943328232
11121,0.02955880224154443,0.23419449621281963
11122,0.2468600779315258,0.18515586412722881
11123,0.06765864847381486,0.16893748545079232
11124,0.17395330712343798,0.2545873296525448
11125,0.09531017980432493,0.1548295613025729
11126,-0.05129329438755058,0.24314338254688506
11127,-0.030459207484708574,0.20158281687378463
11128,0.10436001532424286,0.3054783143310564
11129,0.03922071315328133,0.12931066367833607
11130,0.13976194237515863,0.17166950848021076
11131,-0.030459207484708574,0.15718925718519805
11132,0,0.1965624493829821
11133,0.08617769624105241,0.21152938350583506
11134,0.12221763272424911,0.1645245859883656
11135,-0.01005033585350145,0.11897647304475062
11136,-0.05129329438755058,0.16781889336011743
11137,0.01980262729617973,0.20015664465849659
11138,0.08617769624105241,0.2615606147181896
11139,0.01980262729617973,0.23287324066336326
11140,-0.05129329438755058,0.17166950848021076
11141,0.03922071315328133,0.17306924620763453
11142,0.08617769624105241,0.22676048715363162
11143,0.08617769624105241,0.22975289503750818
11144,0.04879016416943205,0.17166950848021065
11145,0,0.20345720405988152
11146,0.01980262729617973,0.16880318587601512
11147,-0.11653381625595151,0.18140342690125075
11148,-0.040821994520255166,0.21040079130241743
11149,0.0769610411361284,0.17436188455206972
11150,0.10436001532424286,0.1928908846530867
11151,0.058268908123975824,0.17714091835927986
11152,0.10436001532424286,0.2438038798614392
11153,0.06765864847381486,0.19562090351347033
11154,-0.020202707317519466,0.27195221109499146
11155,0.08617769624105241,0.2615606147181896
11156,0.058268908123975824,0.1563133701346599
11157,0.1823215567939546,0.2344552700910409
11158,0.34358970439007686,0.26062531824795443
11159,0.17395330712343798,0.19967372547276657
11160,-0.15082288973458366,0.32622597171084416
11162,-0.12783337150988489,0.19514060708340084
11163,-0.21072103131565253,0.20053193270898323
11164,-0.16251892949777494,0.20886684052515347
11165,-0.01005033585350145,0.16574544678241585
11166,-0.10536051565782628,0.20686995311641043
11167,0.06765864847381486,0.17235023450732118
11168,0.058268908123975824,0.21006873526620398
11169,0.1823215567939546,0.20116928954593838
11170,0.058268908123975824,0.1455718348296434
11171,0.14842000511827322,0.26500477931499095
11172,-0.21072103131565253,0.17436188455206966
11173,-0.2231435513142097,0.20686995311641035
11174,-0.23572233352106983,0.18262243175781578
11175,-0.19845093872383832,0.14521869130861773
11176,-0.13926206733350766,0.21270092037336083
11177,-0.040821994520255166,0.19249705670483064
11178,-0.21072103131565253,0.1832352226703703
11179,-0.09431067947124129,0.1411388960536714
11180,-0.10536051565782628,0.25721256919142554
11181,-0.05129329438755058,0.14408419150558022
11182,-0.2484613592984996,0.30206686922886555
11183,-0.11653381625595151,0.13076314215872967
11184,-0.13926206733350766,0.22037330678384068
11185,-0.030459207484708574,0.15330935953967798
11186,0.08617769624105241,0.20530730539674413
11187,0.01980262729617973,0.13921785034012263
11188,0.10436001532424286,0.18013511822175135
11189,0.03922071315328133,0.14431774796726116
11190,-0.01005033585350145,0.18042859196100935
11191,0.09531017980432493,0.2280684239903249
11192,0.03922071315328133,0.14060715647283278
11193,0.11332868530700327,0.17877823006384538
11194,-0.01005033585350145,0.1270751205734701
11195,-0.020202707317519466,0.2987329165140714
11196,0.10436001532424286,0.15362504733873547
11197,0.371563556432483,0.29596648942804255
11198,0.131028262406404,0.1534459969485377
11199,0.03922071315328133,0.3020668692288655
11200,0.09531017980432493,0.19117012726602586
11201,0.14842000511827322,0.18896621851882361
11202,0.02955880224154443,0.2052161296857109
11203,0.02955880224154443,0.2052161296857109
11204,0.0769610411361284,0.23743022943328232
11205,0.04879016416943205,0.12822164708209496
11206,0.06765864847381486,0.18577743262843008
11207,0.37843643572024505,0.3079806309652618
11208,-0.05129329438755058,0.16002936676277635
11209,0.17395330712343798,0.14138893481468304
11210,0.11332868530700327,0.17877823006384538
11211,-0.01005033585350145,0.2606253182479544
11212,-0.05129329438755058,0.29689874767842905
11213,0.06765864847381486,0.2116160718216724
11214,0.1570037488096647,0.18761468373740683
11215,0.3074846997479607,0.17858944039226196
11216,-0.11653381625595151,0.3055918191327777
11217,0.28517894223366247,0.17385688195552698
11218,0.08617769624105241,0.14560503070991357
11219,0.1906203596086497,0.18533916000907547
11220,-0.01005033585350145,0.24172671024777637
11221,0.19885085874516517,0.1692741797535741
11222,0.01980262729617973,0.16880318587601512
11223,0.2468600779315258,0.17394213620948634
11224,0.1906203596086497,0.15202023225001082
11225,0.2468600779315258,0.15370476049906215
11226,0.20701416938432612,0.15602523318588654
11227,0.30010459245033816,0.1770401273511226
11228,0.03922071315328133,0.18685938518106276
11229,0.04879016416943205,0.21490482912056305
11230,0.1570037488096647,0.2580021552375368
11231,0.37843643572024505,0.16816293741502594
11232,0.01980262729617973,0.2545873296525448
11233,0.26236426446749106,0.16318946703325135
11234,0.29266961396282004,0.18614815762957862
11235,0.1570037488096647,0.20541430567640712
11236,-0.020202707317519466,0.23718802478518633
11237,-0.10536051565782628,0.1716695084802107
11238,-0.09431067947124129,0.18976653881098002
11239,-0.06187540371808753,0.2068699531164104
11240,-0.030459207484708574,0.20862022612497635
11241,-0.040821994520255166,0.19973411537419616
11242,-0.040821994520255166,0.22769750134103037
11243,0.058268908123975824,0.18053099117492713
11244,-0.07257069283483537,0.276823633714577
11245,-0.05129329438755058,0.15608954732710784
11246,-0.10536051565782628,0.2468351792745262
11247,0.09531017980432493,0.15139383059780548
11248,-0.19845093872383832,0.2390194264984176
11249,-0.08338160893905101,0.14816111138947813
11250,0.12221763272424911,0.20837276445812308
11251,0.27763173659827955,0.28108167396319833
11252,0.11332868530700327,0.1317524852681019
11253,0.06765864847381486,0.19562090351347033
11254,0.08617769624105241,0.15948899169199762
11255,0.19885085874516517,0.17819926008394002
11256,-0.030459207484708574,0.24892043598142044
11257,0.01980262729617973,0.13154546392964278
11258,-0.08338160893905101,0.23910408659678362
11259,-0.040821994520255166,0.15859649578230375
11260,-0.15082288973458366,0.16570214125409266
11261,-0.08338160893905101,0.3162627446191936
11262,-0.06187540371808753,0.16148858269983077
11263,0.009950330853168092,0.18096570547690874
11264,-0.07257069283483537,0.17479481124892632
11265,-0.01005033585350145,0.20514919572934956
11266,-0.05129329438755058,0.16781889336011743
11267,-0.16251892949777494,0.20486521937156882
11268,-0.10536051565782628,0.23979777002333447
11269,-0.12783337150988489,0.20299005547089036
11270,0.02955880224154443,0.2052161296857109
11271,-0.07257069283483537,0.13004706613713773
11272,-0.01005033585350145,0.16574544678241585
11273,0.13976194237515863,0.22000898174009142
11274,0.08617769624105241,0.21461219700377523
11275,-0.020202707317519466,0.15580696405672548
11276,0.16551443847757333,0.22108268500567893
11277,0.12221763272424911,0.1900401066897234
11278,0.13976194237515863,0.19338359746939232
11279,0.22314355131420976,0.2163059646654738
11280,0.13976194237515863,0.22000898174009142
11281,0.131028262406404,0.16328946783357792
11282,-0.1743533871447778,0.2855182591507259
11283,0.058268908123975824,0.19387041979958136
11284,-0.07257069283483537,0.19014045167610893
11285,-0.06187540371808753,0.18089031514332019
11286,-0.030459207484708574,0.17242036083299456
11287,-0.10536051565782628,0.20686995311641043
11288,-0.06187540371808753,0.1330236032975779
11289,-0.06187540371808753,0.14948322687830315
11290,-0.2231435513142097,0.15311458798486638
11291,-0.2613647641344075,0.153359937391678
11292,-0.2484613592984996,0.1516589405448631
11293,-0.2484613592984996,0.1516589405448631
11294,-0.23572233352106983,0.17808725450411894
11295,-0.23572233352106983,0.1547862153035126
11296,-0.2876820724517809,0.16185758912924764
11297,-0.13926206733350766,0.11967971792746561
11298,-0.12783337150988489,0.20299005547089036
11299,-0.020202707317519466,0.15580696405672548
11300,0.02955880224154443,0.1529310943372734
11301,-0.05129329438755058,0.17166950848021076
11302,-0.08338160893905101,0.15639038788431672
11303,-0.11653381625595151,0.15671131421663326
11304,0.058268908123975824,0.15275792660604084
11305,0.01980262729617973,0.1579087346155207
11306,0.2700271372130602,0.16494883064524193
11307,-0.16251892949777494,0.1497689754613158
11308,-0.01005033585350145,0.1428966699319192
11309,-0.1743533871447778,0.15580696405672542
11310,-0.16251892949777494,0.16302177464665288
11311,-0.07257069283483537,0.1549400070399092
11312,0.02955880224154443,0.1226879260058754
11313,0.19885085874516517,0.18113992575575125
11314,0.10436001532424286,0.17035454877903694
11315,0.10436001532424286,0.16705224545984437
11316,0.28517894223366247,0.17112119667930994
11317,0.19885085874516517,0.16019018759362172
11318,0.01980262729617973,0.14301120671130532
11319,0.14842000511827322,0.15765553159214402
11320,0.3074846997479607,0.24539421460015795
11321,0.28517894223366247,0.18996992891996514
11322,0.17395330712343798,0.14784730056566442
11323,0.25464221837358075,0.16427099282163932
11325,0.12221763272424911,0.1869195827012356
11326,-0.040821994520255166,0.14677656757743926
11327,-0.05129329438755058,0.17166950848021076
11328,0.131028262406404,0.1600293667627764
11329,0.3920420877760237,0.19759325970661942
11330,0.11332868530700327,0.16247639342782377
11331,0.01980262729617973,0.16880318587601512
11332,-0.05129329438755058,0.13178952233259014
11333,0.19885085874516517,0.1752415469796921
11334,-0.08338160893905101,0.1724611363839958
11335,0.13976194237515863,0.13556283965969684
11336,0.19885085874516517,0.1752415469796921
11337,0.131028262406404,0.15674830026773026
11338,0.13976194237515863,0.15883350866584595
11339,0.058268908123975824,0.17714091835927986
11340,0.02955880224154443,0.1814814278311737
11341,0.131028262406404,0.16328946783357792
11343,0.10436001532424286,0.13983490836530726
11344,-0.030459207484708574,0.24892043598142044
11345,0.1570037488096647,0.14019319776320058
11346,0.0769610411361284,0.2100096804502768
11347,0.09531017980432493,0.20376839899580718
11348,0.2468600779315258,0.16536707584398572
11349,0.08617769624105241,0.14207419252390655
11350,0.412109650826833,0.1873547071296759
11351,0.20701416938432612,0.14987812169804235
11352,0.30010459245033816,0.1579902954951817
11353,-0.2231435513142097,0.14357778542764568
11354,0.01980262729617973,0.14301120671130532
11355,-0.15082288973458366,0.16570214125409266
11356,-0.05129329438755058,0.16002936676277635
11357,-0.2744368457017603,0.1550998203792371
11358,-0.2613647641344075,0.1865942752340053
11359,0.009950330853168092,0.15554102499329872
11360,-0.10536051565782628,0.17970438448436332
11361,-0.06187540371808753,0.1575181028824558
11362,-0.10536051565782628,0.14250705243942055
11363,0.06765864847381486,0.16893748545079232
11364,-0.15082288973458366,0.13019535972389107
11365,-0.21072103131565253,0.17436188455206966
11366,-0.2484613592984996,0.16128571825118085
11367,-0.16251892949777494,0.15864231357961642
11368,-0.12783337150988489,0.14966724999360115
11369,-0.16251892949777494,0.1716695084802107
11370,-0.19845093872383832,0.15449538471840876
11371,-0.16251892949777494,0.20886684052515347
11372,-0.16251892949777494,0.2008319645210008
11373,-0.13926206733350766,0.18080277905635364
11374,-0.07257069283483537,0.1669453628614368
11375,0,0.14164884520320387
11376,-0.07257069283483537,0.15087461436175773
11377,-0.09431067947124129,0.17006509180701082
11378,0.10436001532424286,0.183354082095866
11379,0.20701416938432612,0.17403430567620481
11380,0.04879016416943205,0.17512853245234267
11381,-0.13926206733350766,0.18080277905635364
11382,0.16551443847757333,0.1952076377714869
11383,-0.19845093872383832,0.1769749713480161
11384,-0.16251892949777494,0.18017310668695136
11385,-0.4780358009429998,0.2784155354167422
11386,-0.2876820724517809,0.1716695084802107
11387,-0.21072103131565253,0.2864172974126642
11388,-0.05129329438755058,0.15211906750973286
11389,0.09531017980432493,0.21606306816879725
11390,-0.08338160893905101,0.1522923410999982
11391,-0.11653381625595151,0.16091054846995748
11392,-0.020202707317519466,0.17463581963603708
11393,-0.06187540371808753,0.15351648172887117
11394,-0.030459207484708574,0.14545991115218845
11395,0.009950330853168092,0.1738298677346945
11396,-0.16251892949777494,0.1716695084802107
11397,-0.1743533871447778,0.13292402213562765
11398,-0.2231435513142097,0.1716695084802107
11399,-0.31471074483970024,0.1805772744862151
11400,-0.31471074483970024,0.18545964745363894
11401,-0.21072103131565253,0.19195687234348258
11402,-0.11653381625595151,0.17737017205068273
11403,-0.31471074483970024,0.16056670655086747
11404,-0.3285040669720361,0.2433286082093415
11405,-0.31471074483970024,0.17564772810267587
11406,-0.3285040669720361,0.17268081521694092
11407,-0.4155154439616658,0.1582423103591018
11408,-0.2613647641344075,0.14843039100813876
11409,-0.4462871026284195,0.18515586412722881
11410,-0.4942963218147801,0.17524154697969205
11411,-0.31471074483970024,0.1397391583262475
11412,-0.2613647641344075,0.1726152067706816
11413,-0.2231435513142097,0.1716695084802107
11414,-0.2484613592984996,0.18001090541976655
11415,-0.06187540371808753,0.22114232660743396
11416,-0.19845093872383832,0.20686995311641043
11417,-0.18632957819149348,0.25568383573037096
11418,-0.342490308946776,0.2092596721533627
11419,-0.2613647641344075,0.20465648291304397
11420,-0.030459207484708574,0.2951941918338756
11421,-0.23572233352106983,0.25803544425210717
11422,-0.040821994520255166,0.2574265360981609
11423,-0.08338160893905101,0.2356214513567837
11424,-0.3011050927839216,0.18335408209586604
11425,-0.23572233352106983,0.18711765098340502
11426,-0.19845093872383832,0.19000216624861035
11427,-0.37106368139083207,0.18419048241700542
11428,-0.3856624808119846,0.15974070815160676
11429,-0.3011050927839216,0.19289088465308674
11430,-0.3856624808119846,0.17059652368593572
11431,-0.16251892949777494,0.21677713977819693
11432,-0.35667494393873245,0.19208039348720007
11433,-0.11653381625595151,0.16920673258821275
11434,-0.10536051565782628,0.1992548254548412
11435,0.14842000511827322,0.14787496214942963
11436,0.1823215567939546,0.1777074970756203
11437,0.2468600779315258,0.16536707584398572
11438,0.14842000511827322,0.1672521295296421
11440,0.1570037488096647,0.14349550108239315
11441,0.1906203596086497,0.17046335169710838
11442,0.19885085874516517,0.18406373938278445
11443,0.14842000511827322,0.1735510253573458
11444,0.06765864847381486,0.17235023450732118
11445,-0.06187540371808753,0.1921868079378169
11446,-0.01005033585350145,0.1350472215444297
11447,-0.040821994520255166,0.15468686683048277
11448,-0.10536051565782628,0.14677656757743923
11449,-0.10536051565782628,0.17570276333077867
11450,-0.11653381625595151,0.18937552787221035
11451,-0.05129329438755058,0.1481174463561482
11452,-0.05129329438755058,0.18304999700791394
11453,-0.07257069283483537,0.18634709530492624
11454,-0.08338160893905101,0.14399615698174295
11455,-0.07257069283483537,0.1939058125422429
11456,-0.08338160893905101,0.11384875067051513
11457,0.17395330712343798,0.181977012213639
11458,0.04879016416943205,0.13943537499983732
11459,-0.06187540371808753,0.1454178342001517
11460,-0.09431067947124129,0.19361715393107334
11461,0,0.17166950848021068
11462,0.06765864847381486,0.1655017547460249
11463,-0.07257069283483537,0.12577755099911905
11464,0.06765864847381486,0.17235023450732118
11465,-0.11653381625595151,0.18540504805483538
11466,-0.05129329438755058,0.20507661530648977
11467,-0.06187540371808753,0.1693380310873203
11468,-0.040821994520255166,0.15468686683048277
11469,-0.05129329438755058,0.17549127977059725
11470,-0.06187540371808753,0.1958973994322453
11471,0.09531017980432493,0.12304186572290202
11472,-0.10536051565782628,0.14677656757743923
11473,-0.09431067947124129,0.16196644427829135
11474,-0.040821994520255166,0.14677656757743926
11475,-0.12783337150988489,0.20299005547089036
11476,-0.3285040669720361,0.14677656757743926
11477,-0.18632957819149348,0.1619172656111722
11478,-0.19845093872383832,0.1769749713480161
11479,-0.020202707317519466,0.15962873534711197
11480,0.03922071315328133,0.15165894054486304
11481,-0.06187540371808753,0.16542840213549928
11482,-0.11653381625595151,0.13518052110929835
11483,0.03922071315328133,0.16247639342782375
11484,-0.030459207484708574,0.14939973058785697
11485,-0.12783337150988489,0.1453250613875253
11486,-0.05129329438755058,0.19049836405952236
11487,-0.020202707317519466,0.20686995311641038
11488,-0.16251892949777494,0.1497689754613158
11489,-0.21072103131565253,0.15613837302039665
11490,-0.2876820724517809,0.18129628618652846
11491,-0.19845093872383832,0.14521869130861773
11492,-0.05129329438755058,0.14001879882742876
11493,-0.05129329438755058,0.16002936676277635
11494,-0.16251892949777494,0.17593902361822936
11495,-0.3011050927839216,0.1587017467536172
11496,-0.31471074483970024,0.1397391583262475
11497,-0.23572233352106983,0.140277064629771
11498,-0.11653381625595151,0.21633597755301645
11499,-0.08338160893905101,0.25280166314585917
11500,-0.2613647641344075,0.13842606887121206
11501,-0.18632957819149348,0.16637322477890415
11502,-0.09431067947124129,0.17006509180701082
11503,-0.15082288973458366,0.1988978521454508
11504,-0.10536051565782628,0.1635060690177407
11505,-0.13926206733350766,0.14235918862687055
11506,-0.030459207484708574,0.13748781018122883
11507,-0.16251892949777494,0.1497689754613158
11508,-0.1743533871447778,0.1777074970756203
11509,-0.15082288973458366,0.15705440742053486
11510,-0.15082288973458366,0.14380160823519778
11511,0.10436001532424286,0.15362504733873547
11512,0.009950330853168092,0.1518032494361187
11513,0.08617769624105241,0.14911160177509827
11514,-0.21072103131565253,0.19195687234348258
11515,-0.020202707317519466,0.1634220917182947
11516,0.01980262729617973,0.16880318587601512
11517,-0.13926206733350766,0.1725065949380984
11518,-0.08338160893905101,0.1604557805624682
11519,-0.05129329438755058,0.1481174463561482
11520,-0.08338160893905101,0.16849065656662082
11521,-0.08338160893905101,0.18031058477148532
11522,0.03922071315328133,0.15165894054486304
11523,0,0.1454994603232972
11524,0.10436001532424286,0.13983490836530726
11525,0.02955880224154443,0.13803356643305803
11526,0.009950330853168092,0.1404227609084155
11527,-0.2231435513142097,0.1939527041448339
11528,-0.16251892949777494,0.21677713977819693
11529,-0.3285040669720361,0.18761468373740686
11530,-0.40047756659712525,0.20940198849504763
11531,-0.2231435513142097,0.18069990495949678
11532,-0.2876820724517809,0.18129628618652846
11533,-0.18632957819149348,0.20068558549786714
11534,-0.23572233352106983,0.30275345805759474
11535,-0.12783337150988489,0.1582423103591018
11536,-0.342490308946776,0.19963289444704493
11537,-0.23572233352106983,0.18262243175781578
11538,-0.3285040669720361,0.17268081521694092
21001,-0.07257069283483537,0.1786747088944464
21002,-0.07257069283483537,0.18252532401453972
21003,-0.11653381625595151,0.17330477937253125
21004,-0.06187540371808753,0.16542840213549928
21005,-0.12783337150988489,0.20299005547089036
21006,-0.12783337150988489,0.20299005547089036
21007,-0.09431067947124129,0.17803719277797042
21008,-0.07257069283483537,0.1939058125422429
21009,-0.1743533871447778,0.14220071554541872
21010,-0.06187540371808753,0.1454178342001517
21011,-0.13926206733350766,0.16407327761605214
21012,-0.12783337150988489,0.1539727952210831
21013,-0.10536051565782628,0.1716695084802107
21014,-0.06187540371808753,0.16148858269983077
21015,-0.10536051565782628,0.17570276333077867
21016,0,0.30832447288435183
21017,-0.09431067947124129,0.17406671296059545
21018,-0.09431067947124129,0.17406671296059545
21019,-0.06187540371808753,0.20323859200984715
21020,-0.06187540371808753,0.1846836715145029
21021,-0.030459207484708574,0.18720992046220483
21022,-0.030459207484708574,0.1908412815687681
21023,-0.07257069283483537,0.19764358809942295
21024,-0.030459207484708574,0.19802737334516554
21025,-0.06187540371808753,0.2104756506792127
21026,-0.07257069283483537,0.15087461436175773
21027,0.02955880224154443,0.29044780553426514
21028,-0.07257069283483537,0.1467765675774392
21029,-0.01005033585350145,0.17313983826331722
21030,-0.16251892949777494,0.17593902361822936
21031,-0.23572233352106983,0.168894139451732
21032,-0.06187540371808753,0.1454178342001517
21033,-0.07257069283483537,0.1467765675774392
21034,-0.1743533871447778,0.1690597632420625
21035,-0.16251892949777494,0.1407385789820297
21036,-0.2231435513142097,0.1624763934278238
21037,-0.1743533871447778,0.19457528394342039
21038,-0.09431067947124129,0.17006509180701082
21039,-0.2231435513142097,0.17620468573390757
21040,-0.16251892949777494,0.1673639632527287
21041,-0.21072103131565253,0.15613837302039665
21042,-0.12783337150988489,0.166675627681148
21043,-0.07257069283483537,0.1589732618904772
21044,-0.09431067947124129,0.23060465497094754
21045,-0.10536051565782628,0.1992548254548412
21046,-0.1743533871447778,0.20280456043825898
21047,-0.15082288973458366,0.19079920461673133
21048,-0.13926206733350766,0.22416666315502337
21049,-0.23572233352106983,0.21752178220904056
21050,-0.2231435513142097,0.17620468573390757
21051,-0.06187540371808753,0.28084460129426453
21052,-0.16251892949777494,0.250929937061416
21053,-0.2231435513142097,0.1939527041448339
21054,-0.12783337150988489,0.1582423103591018
21055,0,0.1531145879848664
21056,-0.1743533871447778,0.19041032953568518
21057,-0.07257069283483537,0.1549400070399092
21058,0,0.17166950848021068
21059,-0.05129329438755058,0.2530505692086716
21060,-0.07257069283483537,0.1467765675774392
21061,-0.13926206733350766,0.20491139377601975
21062,-0.09431067947124129,0.17006509180701082
21063,-0.19845093872383832,0.30127195229584797
21064,-0.040821994520255166,0.17394213620948637
21065,-0.040821994520255166,0.19249705670483064
21066,-0.07257069283483537,0.26062531824795443
21067,-0.12783337150988489,0.13652822136992018
21068,-0.16251892949777494,0.20486521937156882
21069,-0.23572233352106983,0.168894139451732
21070,-0.1743533871447778,0.15580696405672542
21071,-0.1743533871447778,0.20686995311641043
21072,-0.2484613592984996,0.16128571825118085
21073,-0.2744368457017603,0.18864644158473737
21074,-0.2744368457017603,0.16491173973020018
21075,-0.23572233352106983,0.18262243175781578
21076,-0.13926206733350766,0.1598037624780335
21077,-0.11653381625595151,0.13076314215872967
21078,-0.15082288973458366,0.18256992812189274
21079,-0.07257069283483537,0.1708851822971053
21081,-0.13926206733350766,0.24272158365036764
21082,-0.21072103131565253,0.14677656757743923
21084,-0.23572233352106983,0.21752178220904056
21085,-0.2484613592984996,0.1845867574517872
21086,-0.12783337150988489,0.22954942381581536
21087,-0.21072103131565253,0.19626241757096455
21088,-0.12783337150988489,0.39269758045014264
21089,-0.10536051565782628,0.17970438448436332
21090,-0.15082288973458366,0.17420573946083334
21091,-0.31471074483970024,0.3098879381645512
21092,-0.19845093872383832,0.38384492446442653
21093,-0.23572233352106983,0.17351140247209831
21094,-0.09431067947124129,0.16196644427829135
21095,-0.040821994520255166,0.17394213620948637
21096,0.02955880224154443,0.191788931564602
21097,-0.09431067947124129,0.18197701221363896
21098,-0.11653381625595151,0.17330477937253125
21099,-0.15082288973458366,0.16570214125409266
21100,-0.15082288973458366,0.17420573946083334
21101,-0.11653381625595151,0.15671131421663326
21102,-0.15082288973458366,0.16997165639211134
21103,-0.16251892949777494,0.21283732034252842
21104,-0.1743533871447778,0.20280456043825898
21105,-0.09431067947124129,0.16196644427829135
21106,-0.06187540371808753,0.16148858269983077
21107,-0.07257069283483537,0.13848038345918395
21108,-0.040821994520255166,0.1264470224002966
21109,-0.08338160893905101,0.1724611363839958
21110,0.058268908123975824,0.19056811648038877
21111,0.02955880224154443,0.15658848692840227
21112,0.02955880224154443,0.16021984803496553
21113,-0.01005033585350145,0.1506271826975326
21114,0.01980262729617973,0.15051434313461934
21115,0,0.1680121158890818
21116,-0.040821994520255166,0.17770749707562034
21117,-0.12783337150988489,0.1539727952210831
21118,0.058268908123975824,0.20041158736542902
21119,-0.07257069283483537,0.1467765675774392
21120,0.009950330853168092,0.20518332651717597
21121,-0.030459207484708574,0.19802737334516554
21122,-0.12783337150988489,0.17084058208888317
21123,-0.09431067947124129,0.16196644427829135
21124,-0.10536051565782628,0.1593748393072206
21125,0.08617769624105241,0.18617240975467567
21126,0.03922071315328133,0.14800154795373416
21128,0.11332868530700327,0.172319864312864
21129,-0.05129329438755058,0.18304999700791394
21130,0.12221763272424911,0.19928877229817074
21131,0.06765864847381486,0.17235023450732118
21132,0.02955880224154443,0.19517900438024927
21133,0.12221763272424911,0.16124351949331947
21134,0,0.16061772440818042
21135,-0.13926206733350766,0.17667154934583357
21136,-0.01005033585350145,0.1506271826975326
21137,0.058268908123975824,0.1563133701346599
21138,-0.1743533871447778,0.16026292322445737
21139,-0.1743533871447778,0.16468030217502602
21140,-0.12783337150988489,0.16247639342782377
21141,-0.09431067947124129,0.16603183695644283
21142,-0.020202707317519466,0.1634220917182947
21143,-0.12783337150988489,0.14966724999360115
21144,-0.13926206733350766,0.14677656757743923
21145,-0.08338160893905101,0.13556283965969676
21146,-0.2613647641344075,0.2090738618636126
21147,-0.2744368457017603,0.1550998203792371
21148,-0.2484613592984996,0.14184702119390002
21149,-0.35667494393873245,0.16643660023164483
21150,-0.342490308946776,0.1539124053196535
21151,-0.2876820724517809,0.15185326699232093
21152,-0.342490308946776,0.1539124053196535
21153,-0.2613647641344075,0.13334936945633036
21154,-0.13926206733350766,0.17667154934583357
21155,-0.342490308946776,0.1591995415622793
21156,-0.2876820724517809,0.16678713551278687
21157,-0.35667494393873245,0.15580696405672545
21158,-0.2876820724517809,0.15687994885100032
21159,-0.3285040669720361,0.1624763934278238
21160,-0.35667494393873245,0.16643660023164483
21161,-0.3285040669720361,0.15206370382006507
21162,-0.2613647641344075,0.17731758182421425
21163,-0.18632957819149348,0.1707906037294728
21164,-0.2231435513142097,0.15311458798486638
21165,-0.3285040669720361,0.13603503227242275
21166,-0.2613647641344075,0.14843039100813876
21167,-0.342490308946776,0.1644324498108452
21168,-0.19845093872383832,0.198505764455351
21169,-0.15082288973458366,0.17420573946083334
21170,-0.2876820724517809,0.15687994885100032
21171,-0.3011050927839216,0.17851798824150697
21172,-0.2613647641344075,0.153359937391678
21173,-0.15082288973458366,0.21080977255207894
21174,-0.3285040669720361,0.17268081521694092
21175,-0.2613647641344075,0.14345275072989144
21176,-0.23572233352106983,0.168894139451732
21177,-0.18632957819149348,0.13433194863654177
21178,-0.3285040669720361,0.1777074970756203
21179,-0.15082288973458366,0.16997165639211134
21180,-0.2231435513142097,0.2026004379783917
21181,-0.2876820724517809,0.1954042103347479
21182,-0.2613647641344075,0.16786908806541959
21183,-0.10536051565782628,0.20686995311641043
21184,-0.13926206733350766,0.19299947336939163
21185,-0.040821994520255166,0.16247639342782383
21186,-0.12783337150988489,0.21454233952689028
21187,-0.07257069283483537,0.19764358809942295
21188,-0.2484613592984996,0.17539364239940028
21189,-0.13926206733350766,0.18490082584067216
21190,-0.19845093872383832,0.215099229611249
21191,-0.2876820724517809,0.1416488452032038
21193,-0.13926206733350766,0.20491139377601975
21194,-0.2876820724517809,0.14677656757743923
21195,-0.2744368457017603,0.1348910764531933
21196,-0.18632957819149348,0.17951225340258511
21197,-0.16251892949777494,0.15422493462904774
21198,-0.13926206733350766,0.17667154934583357
21199,-0.06187540371808753,0.14948322687830315
21200,-0.06187540371808753,0.14131978741583318
21201,-0.1743533871447778,0.181977012213639
21202,-0.2613647641344075,0.1726152067706816
21203,-0.2484613592984996,0.14184702119390002
21204,-0.12783337150988489,0.17497181179940324
21205,-0.12783337150988489,0.16247639342782377
21206,-0.01005033585350145,0.1350472215444297
21207,-0.10536051565782628,0.15520988489948545
21208,0,0.1531145879848664
21209,-0.2613647641344075,0.15824231035910183
21210,-0.19845093872383832,0.198505764455351
21211,-0.11653381625595151,0.16507550287769268
21212,-0.1743533871447778,0.13758345252505244
21213,-0.13926206733350766,0.13790322945913858
21214,-0.23572233352106983,0.17808725450411894
21215,-0.2613647641344075,0.17731758182421425
21216,-0.09431067947124129,0.16603183695644283
21217,-0.06187540371808753,0.18089031514332019
21218,0,0.1377689475576838
21219,-0.07257069283483537,0.14264533786691913
21220,-0.07257069283483537,0.1669453628614368
21221,0,0.16061772440818042
21222,-0.13926206733350766,0.1598037624780335
21223,-0.040821994520255166,0.13874169157328664
21224,-0.18632957819149348,0.1619172656111722
21225,-0.11653381625595151,0.16091054846995748
21226,-0.05129329438755058,0.17549127977059725
21228,-0.05129329438755058,0.13592075204311024
21229,0.06765864847381486,0.14796724275408216
21230,0.02955880224154443,0.18837618250807314
21231,-0.030459207484708574,0.15718925718519805
21232,-0.2484613592984996,0.16128571825118085
21233,-0.2484613592984996,0.19807311309880524
21234,-0.2613647641344075,0.18197701221363902
21235,-0.18632957819149348,0.1436937540794992
21236,0.09531017980432493,0.15824231035910177
21237,-0.01005033585350145,0.15824231035910186
21238,0.0769610411361284,0.12506247858825756
21239,0.03922071315328133,0.15889599921422856
21240,-0.2484613592984996,0.16603183695644286
21241,-0.2613647641344075,0.14843039100813876
21242,0.13976194237515863,0.19033759390484956
21243,0.03922071315328133,0.13686938091565273
21244,-0.15082288973458366,0.13930638900960854
21245,0.08617769624105241,0.1525942370150982
21246,-0.13926206733350766,0.14677656757743923
21247,-0.07257069283483537,0.18252532401453972
21248,-0.030459207484708574,0.17986872788460298
21249,-0.07257069283483537,0.1549400070399092
21250,0.02955880224154443,0.191788931564602
21251,-0.2484613592984996,0.17539364239940028
21252,-0.2484613592984996,0.14677656757743926
21253,-0.21072103131565253,0.15147894263097192
21254,-0.31471074483970024,0.1397391583262475
21255,-0.2484613592984996,0.1516589405448631
21256,-0.342490308946776,0.18982097509608187
21257,-0.2876820724517809,0.20002147335511417
21258,-0.3011050927839216,0.14849732496450008
21259,-0.2613647641344075,0.15824231035910183
21260,-0.3285040669720361,0.15729661206863096
21261,-0.2231435513142097,0.1387416915732866
21262,-0.23572233352106983,0.14515943759719485
21263,-0.19845093872383832,0.18135443241505256
21264,-0.18632957819149348,0.1436937540794992
21265,-0.2231435513142097,0.1624763934278238
21266,-0.23572233352106983,0.140277064629771
21267,-0.1743533871447778,0.16026292322445737
21268,-0.2231435513142097,0.21530327043845657
21269,-0.2613647641344075,0.1630784042134609
21270,-0.21072103131565253,0.1832352226703703
21271,-0.2484613592984996,0.17539364239940028
21272,-0.2876820724517809,0.16678713551278687
21273,-0.3011050927839216,0.15362504733873553
21274,-0.13926206733350766,0.18490082584067216
21275,-0.18632957819149348,0.15742204638558296
21276,-0.23572233352106983,0.1547862153035126
21277,-0.1743533871447778,0.1690597632420625
21278,-0.1743533871447778,0.15580696405672542
21279,-0.2231435513142097,0.17620468573390757
21280,-0.13926206733350766,0.17667154934583357
21281,-0.09431067947124129,0.17406671296059545
21282,-0.19845093872383832,0.14521869130861773
21283,-0.18632957819149348,0.1838177986300671
21284,-0.2231435513142097,0.18957324307779744
21285,-0.2484613592984996,0.18001090541976655
21286,-0.21072103131565253,0.14677656757743923
21287,-0.07257069283483537,0.15087461436175773
21288,-0.08338160893905101,0.18031058477148532
21289,-0.09431067947124129,0.13686938091565268
21290,-0.040821994520255166,0.14277494642385463
21291,-0.11653381625595151,0.18937552787221035
21292,-0.05129329438755058,0.18304999700791394
21293,-0.10536051565782628,0.17970438448436332
21294,-0.07257069283483537,0.1589732618904772
21295,-0.11653381625595151,0.19331534730787886
21296,-0.1743533871447778,0.16468030217502602
21297,-0.1743533871447778,0.15580696405672542
21298,-0.11653381625595151,0.1482077160098926
21299,-0.13926206733350766,0.14677656757743923
21300,0.01980262729617973,0.16880318587601512
21301,-0.06187540371808753,0.16542840213549928
21302,-0.09431067947124129,0.15373716778345278
21303,-0.01005033585350145,0.17313983826331722
21304,-0.05129329438755058,0.15211906750973286
21305,-0.15082288973458366,0.1526749463534984
21306,-0.040821994520255166,0.16632700854791715
21307,-0.16251892949777494,0.1716695084802107
21308,0.01980262729617973,0.19676657184284932
21309,-0.2744368457017603,0.1550998203792371
21310,-0.2876820724517809,0.1716695084802107
21311,-0.12783337150988489,0.12304186572290213
21312,-0.18632957819149348,0.14831101709986547
21313,-0.2231435513142097,0.1624763934278238
21314,-0.09431067947124129,0.14957221337571758
21315,-0.1743533871447778,0.15580696405672542
21316,-0.21072103131565253,0.17436188455206966
21317,-0.31471074483970024,0.15543898417663204
21318,-0.2484613592984996,0.17539364239940028
21319,-0.2744368457017603,0.1450954982423104
21320,-0.2744368457017603,0.1450954982423104
21321,-0.2484613592984996,0.1516589405448631
21322,-0.2744368457017603,0.14001879882742874
21323,-0.2744368457017603,0.16974783358455925
21324,-0.2613647641344075,0.1630784042134609
21325,-0.2613647641344075,0.13334936945633036
21326,-0.2744368457017603,0.1450954982423104
21327,-0.3011050927839216,0.16372842861229658
21328,0.03922071315328133,0.1660318369564428
21329,0.02955880224154443,0.191788931564602
21330,0.01980262729617973,0.14301120671130532
21331,-0.07257069283483537,0.1549400070399092
21332,-0.05129329438755058,0.15211906750973286
21333,-0.06187540371808753,0.1454178342001517
21334,-0.040821994520255166,0.17770749707562034
21335,0,0.15687994885100037
21336,0.01980262729617973,0.1723835800896103
21337,-0.040821994520255166,0.14677656757743926
21338,0.1570037488096647,0.1596938165490158
21339,-0.06187540371808753,0.1693380310873203
21340,-0.11653381625595151,0.1395599821763348
21341,-0.030459207484708574,0.18720992046220483
21342,-0.10536051565782628,0.1836748643017383
21343,0.04879016416943205,0.15759402046039991
21344,0.02955880224154443,0.1814814278311737
21345,-0.09431067947124129,0.2650910279977477
21346,-0.05129329438755058,0.20507661530648977
21347,0.058268908123975824,0.1563133701346599
21348,0.0769610411361284,0.15030740576344623
21349,0.058268908123975824,0.15275792660604084
21350,0.25464221837358075,0.21601598182465123
21351,0.16551443847757333,0.15853047985652977
21352,0.13976194237515863,0.15557340759504446
21353,-0.21072103131565253,0.16986666532648043
21354,-0.01005033585350145,0.15444895398791914
21355,-0.1743533871447778,0.14677656757743932
21356,-0.19845093872383832,0.15449538471840876
21357,-0.13926206733350766,0.15549821725055152
21358,-0.09431067947124129,0.21244600951038495
21359,-0.05129329438755058,0.16002936676277635
21360,-0.08338160893905101,0.1724611363839958
21361,-0.11653381625595151,0.16091054846995748
21362,-0.01005033585350145,0.18042859196100935
21363,-0.020202707317519466,0.15195634893663215
21364,0.009950330853168092,0.16659280906532897
21365,-0.11653381625595151,0.1482077160098926
21366,-0.020202707317519466,0.17831961962251008
21367,-0.05129329438755058,0.16393899571459736
21368,-0.07257069283483537,0.1708851822971053
21369,-0.1743533871447778,0.17340195184813834
21370,0.058268908123975824,0.15984420832066693
21371,0.009950330853168092,0.17022417017189223
21372,0.0769610411361284,0.17436188455206972
21373,-0.020202707317519466,0.17463581963603708
21374,-0.020202707317519466,0.13625652308624758
21375,0.03922071315328133,0.1800109054197665
21376,-0.040821994520255166,0.17394213620948637
21377,0.08617769624105241,0.21152938350583506
21378,0.009950330853168092,0.17741026194828968
21379,-0.12783337150988489,0.21833569589807297
21380,0.1570037488096647,0.19062474604719676
21381,0.04879016416943205,0.19208039348720002
21382,-0.01005033585350145,0.18403428952381162
21383,0.1570037488096647,0.2197872020879869
21384,0.06765864847381486,0.19562090351347033
21385,0.009950330853168092,0.14803788856998473
21386,-0.18632957819149348,0.24818069930705697
21387,-0.11653381625595151,0.16091054846995748
21388,-0.4942963218147801,0.2914578382402595
21389,-0.19845093872383832,0.1769749713480161
21390,-0.18632957819149348,0.1838177986300671
21391,-0.040821994520255166,0.17394213620948637
21392,-0.09431067947124129,0.16603183695644283
21393,-0.15082288973458366,0.16139659602661072
21394,-0.11653381625595151,0.16920673258821275
21395,-0.21072103131565253,0.18761468373740675
21396,-0.19845093872383832,0.22719949829355313
21397,-0.2231435513142097,0.18515586412722873
21398,-0.15082288973458366,0.11621629126056737
21399,-0.12783337150988489,0.21454233952689028
21400,-0.10536051565782628,0.1635060690177407
21401,-0.11653381625595151,0.17737017205068273
21402,-0.15082288973458366,0.33859516130777934
21403,-0.01005033585350145,0.27284635958596104
21404,-0.18632957819149348,0.23283505887987432
21405,-0.12783337150988489,0.16247639342782377
21406,-0.030459207484708574,0.16486164359567787
21407,0.01980262729617973,0.1723835800896103
21408,-0.07257069283483537,0.1669453628614368
21409,-0.030459207484708574,0.18720992046220483
21410,0.058268908123975824,0.173728169302751
21411,0.02955880224154443,0.22151796632173254
21412,-0.030459207484708574,0.14939973058785697
21413,-0.05129329438755058,0.14408419150558022
21414,0.12221763272424911,0.25151428896223693
21415,-0.020202707317519466,0.22393522559984924
21416,-0.040821994520255166,0.18883966411370176
21417,-0.030459207484708574,0.1908412815687681
21418,-0.01005033585350145,0.16574544678241585
21419,0.009950330853168092,0.14803788856998473
21420,-0.11653381625595151,0.17737017205068273
21421,-0.18632957819149348,0.29852331538207205
21422,-0.1743533871447778,0.2958257628841542
21423,-0.15082288973458366,0.15705440742053486
21424,-0.2231435513142097,0.26316998228419886
21425,-0.35667494393873245,0.29989115556230567
21426,-0.23572233352106983,0.17808725450411894
21427,-0.15082288973458366,0.15705440742053486
21428,-0.1743533871447778,0.19457528394342039
21429,-0.08338160893905101,0.15639038788431672
21430,-0.10536051565782628,0.19152431268922782
21431,-0.1743533871447778,0.2382770413814275
21432,-0.020202707317519466,0.20686995311641038
21433,-0.12783337150988489,0.21454233952689028
31001,0.17395330712343798,0.1605238304567515
31002,0.10436001532424286,0.15362504733873547
31003,0.19885085874516517,0.1752415469796921
31004,0.23111172096338664,0.15281455617284886
31005,0.4054651081081644,0.32388347119743977
31006,0.1570037488096647,0.21408653851751483
31007,0.26236426446749106,0.20161007063739952
31008,0.09531017980432493,0.2280684239903249
31009,0.03922071315328133,0.1800109054197665
31010,0.009950330853168092,0.24731934233823413
31011,0.16551443847757333,0.13915331247631735
31012,0.28517894223366247,0.17657797684091597
31013,0.009950330853168092,0.18449654366291576
31014,0.12221763272424911,0.29129058563045723
31015,0.16551443847757333,0.22108268500567893
31016,0.12221763272424911,0.17102408893603385
31017,0.131028262406404,0.20387754523253387
31018,0.14842000511827322,0.15765553159214402
31019,0.02955880224154443,0.21829900244761788
31020,0.09531017980432493,0.20686995311641032
31021,0.1570037488096647,0.18761468373740683
31022,0.03922071315328133,0.15165894054486304
31023,0,0.17166950848021068
31024,0.0769610411361284,0.18103131392316807
31025,-0.06187540371808753,0.1693380310873203
31026,-0.01005033585350145,0.16200767122523582
31027,0.01980262729617973,0.1542249346290477
31028,0,0.17166950848021068
31029,-0.040821994520255166,0.18883966411370176
31030,0.02955880224154443,0.17449222152598906
31031,0.009950330853168092,0.1518032494361187
31032,-0.020202707317519466,0.16718745258442866
31033,-0.030459207484708574,0.1686549999668606
31034,0,0.18604240489179044
31035,0.058268908123975824,0.16335077938585163
31036,0,0.1965624493829821
31037,-0.040821994520255166,0.2606253182479545
31038,0.03922071315328133,0.17655188144763445
31039,-0.07257069283483537,0.19764358809942295
31040,0.04879016416943205,0.164680302175026
31041,-0.01005033585350145,0.18042859196100935
31042,0.1570037488096647,0.19062474604719676
31043,0.1570037488096647,0.21121214172248626
31044,-0.01005033585350145,0.1876146837374068
31045,0.08617769624105241,0.1730051220220876
31046,0.06765864847381486,0.18245361578088226
31047,-0.040821994520255166,0.16632700854791715
31048,0.04879016416943205,0.20198758014898657
31049,0.02955880224154443,0.1638255455977678
31050,-0.030459207484708574,0.16486164359567787
31051,0.02955880224154443,0.1492472943508004
31052,0,0.1753008695867739
31053,-0.11653381625595151,0.16507550287769268
31054,-0.020202707317519466,0.19634990862521873
31055,-0.07257069283483537,0.1708851822971053
31056,-0.09431067947124129,0.16196644427829135
31057,-0.06187540371808753,0.18089031514332019
31058,-0.05129329438755058,0.17549127977059725
31059,-0.05129329438755058,0.17549127977059725
31060,0,0.14164884520320387
31061,-0.05129329438755058,0.17928463614177997
31062,-0.030459207484708574,0.16103987230529135
31063,-0.040821994520255166,0.13874169157328664
31064,0.06765864847381486,0.13714978987112145
31065,-0.040821994520255166,0.15859649578230375
31066,-0.06187540371808753,0.17706854385293366
31067,-0.07257069283483537,0.20135417959385132
31068,-0.06187540371808753,0.17706854385293366
31069,-0.10536051565782628,0.2030765967452277
31070,-0.06187540371808753,0.14131978741583318
31071,0.01980262729617973,0.16519748831321282
31072,0.04879016416943205,0.17512853245234267
31073,0.06765864847381486,0.14438684854048697
31074,0.04879016416943205,0.16114946398901897
31075,0.14842000511827322,0.1735510253573458
31076,-0.01005033585350145,0.13898704098009823
31077,0.03922071315328133,0.1800109054197665
31078,-0.05129329438755058,0.17549127977059725
31079,-0.030459207484708574,0.15330935953967798
31080,0,0.1680121158890818
31081,-0.11653381625595151,0.24902927177981352
31082,-0.1743533871447778,0.21887530893793805
31083,-0.11653381625595151,0.22007375311019647
31084,-0.21072103131565253,0.21726143414928473
31085,-0.030459207484708574,0.2553381820053287
31086,0.04879016416943205,0.22124284952799017
31087,-0.07257069283483537,0.17479481124892632
31088,-0.05129329438755058,0.21574329123471103
31089,-0.030459207484708574,0.24892043598142044
31090,-0.07257069283483537,0.19764358809942295
31091,-0.05129329438755058,0.19049836405952236
31092,0,0.26164470736156314
31093,-0.020202707317519466,0.22056752966548593
31094,-0.05129329438755058,0.212212453048704
31095,0.009950330853168092,0.2118966349750898
31096,-0.10536051565782628,0.2806358861833021
31097,-0.05129329438755058,0.23979777002333452
31098,-0.05129329438755058,0.16002936676277635
31099,-0.030459207484708574,0.20511365505979165
31100,-0.05129329438755058,0.17928463614177997
31101,-0.05129329438755058,0.19783955663712424
31103,-0.07257069283483537,0.1549400070399092
31104,-0.030459207484708574,0.1761581363901746
31105,-0.08338160893905101,0.18804109753709872
31106,-0.030459207484708574,0.2224103650984046
31107,0.01980262729617973,0.25154132608800206
31108,-0.08338160893905101,0.232114880291599
31109,0.23901690047049992,0.24180250376817608
31110,-0.07257069283483537,0.2086953721714532
31111,-0.05129329438755058,0.21924986229989574
31112,-0.18632957819149348,0.27755307268536195
31113,0.14842000511827322,0.2490596040577948
31114,0.23901690047049992,0.2467801440464234
31115,-0.040821994520255166,0.21390736236760213
31116,0.058268908123975824,0.2226670069959853
31117,0.131028262406404,0.16974783358455928
31118,-0.030459207484708574,0.18720992046220483
31119,-0.040821994520255166,0.18883966411370176
31120,-0.040821994520255166,0.17770749707562034
31121,-0.020202707317519466,0.20338731787641046
31122,0.03922071315328133,0.19696276645462385
31123,-0.040821994520255166,0.16632700854791715
31124,-0.09431067947124129,0.24468014299075824
31125,0.04879016416943205,0.2180836810341529
31126,-0.08338160893905101,0.1764009558196643
31127,-0.06187540371808753,0.18089031514332019
31128,-0.01005033585350145,0.1876146837374068
31129,-0.07257069283483537,0.2086953721714532
31130,-0.09431067947124129,0.17803719277797042
31131,-0.06187540371808753,0.17321792873284036
31132,-0.030459207484708574,0.16486164359567787
31133,0.131028262406404,0.2414733185953702
31134,0.16551443847757333,0.1952076377714869
31135,0.06765864847381486,0.2052780514142453
31136,-0.030459207484708574,0.18355252787107598
31137,0.0769610411361284,0.23743022943328232
31138,0.25464221837358075,0.21341951779022705
31139,0.3148107398400336,0.19047137698794256
31140,0.23901690047049992,0.20013003896497847
31141,0.22314355131420976,0.16580502918136625
31142,0.20701416938432612,0.22185699836125947
31143,0.1823215567939546,0.226335139832929
31144,0.14842000511827322,0.26238161630457324
31145,0.2700271372130602,0.19770044168557854
31146,0.29266961396282004,0.20432528908016595
31147,0.17395330712343798,0.2111394682544291
31148,0.23111172096338664,0.17913464229044748
31149,0.2700271372130602,0.1677598795283897
31151,0.3293037471426003,0.22725684714784075
31152,0.3576744442718159,0.20088859408780882
31153,0.19885085874516517,0.20407430731813206
31154,0.3148107398400336,0.16953699092780858
31155,0.22314355131420976,0.1972561328095329
31156,0.25464221837358075,0.18118538430985384
31157,0.3364722366212129,0.2164967308227282
31158,0.17395330712343798,0.2195727855764753
31159,0.0769610411361284,0.2549246546774824
31160,0.19885085874516517,0.1898615754288636
31161,0.1570037488096647,0.2169448321647954
31163,0.14842000511827322,0.28802540956012845
31164,0.29266961396282004,0.22187703740533551
31165,0.29266961396282004,0.20432528908016595
31166,0.4637340162321402,0.2014936749007033
31167,0.23901690047049992,0.160647047324458
31168,0.3148107398400336,0.18272129255224093
31169,0.3148107398400336,0.16416637205689663
31170,0.34358970439007686,0.18844903238063684
31171,0.0769610411361284,0.15030740576344623
31172,0.04879016416943205,0.15040792868400246
31173,-0.020202707317519466,0.24368752773285457
31174,0.01980262729617973,0.13921785034012263
31175,0.04879016416943205,0.19870651365394043
31176,0.12221763272424911,0.3088423339556268
31177,0.11332868530700327,0.14904919530671487
31178,0.0769610411361284,0.15729661206863085
31179,-0.040821994520255166,0.14277494642385463
31180,-0.01005033585350145,0.16574544678241585
31181,-0.01005033585350145,0.15444895398791914
31182,-0.08338160893905101,0.19186286882748524
31183,-0.030459207484708574,0.14545991115218845
31184,-0.06187540371808753,0.17706854385293366
31185,0,0.18957324307779747
31186,0.01980262729617973,0.1353960790497361
31187,-0.2613647641344075,0.3469770913227513
31188,-0.05129329438755058,0.20507661530648977
31189,0.11332868530700327,0.23060465497094756
31190,0.01980262729617973,0.1723835800896103
31191,0.12221763272424911,0.144514018053018
31192,-0.08338160893905101,0.28867742764456317
31193,0.03922071315328133,0.20028658330217167
31194,0.03922071315328133,0.1331040200495188
31195,-0.07257069283483537,0.32254412284196843
31196,0,0.2523960417531158
31197,0.02955880224154443,0.24349938781985073
31198,0.03922071315328133,0.21336945606407864
31199,0.04879016416943205,0.24282569630895412
31200,0.03922071315328133,0.15889599921422856
31201,-0.020202707317519466,0.24044812585598785
31203,-0.020202707317519466,0.2171774568498387
31204,0,0.24613579043076161
31205,0.1570037488096647,0.19361715393107334
31206,0.12221763272424911,0.16124351949331947
31207,-0.11653381625595151,0.2697160546340737
31208,0.2151113796169455,0.19857376899815515
31209,0.01980262729617973,0.21019376996395822
31210,0.1906203596086497,0.22482215164959596
31211,0.13976194237515863,0.2112873320669791
31212,0.09531017980432493,0.21909099445441693
31213,0.02955880224154443,0.17449222152598906
31214,0.131028262406404,0.19479355307258153
31215,0.058268908123975824,0.19056811648038877
31216,0.08617769624105241,0.1763289388696354
31217,0.14842000511827322,0.17977310346643668
31218,0.04879016416943205,0.16818687324021073
31219,0,0.1643283159026088
31220,0.058268908123975824,0.1563133701346599
31221,-0.01005033585350145,0.3738552646198935
31222,0.131028262406404,0.2442537291910665
31223,-0.11653381625595151,0.22378434460462485
31224,0.12221763272424911,0.1579412161741269
31225,0.08617769624105241,0.15948899169199762
31226,-0.020202707317519466,0.1709252281416087
31227,0.04879016416943205,0.18873478096364948
31228,-0.020202707317519466,0.1634220917182947
31229,-0.030459207484708574,0.19444697913157039
31230,0.009950330853168092,0.2626419377968439
31231,0.09531017980432493,0.20376839899580718
31232,0.06765864847381486,0.18245361578088226
31233,0.03922071315328133,0.19361715393107332
31234,0.04879016416943205,0.17512853245234267
31235,0.19885085874516517,0.15404307610577755
31236,0.3148107398400336,0.20313217755923033
31237,0.2468600779315258,0.18515586412722881
31238,0.28517894223366247,0.17112119667930994
31239,0.2151113796169455,0.24644048084389733
31240,0.3852624007906449,0.21717745684983872
31241,0.0769610411361284,0.13964072983522496
31242,0.11332868530700327,0.14904919530671487
31243,0.0769610411361284,0.14322112404882015
31244,0.03922071315328133,0.1552903016514263
31245,0.10436001532424286,0.183354082095866
31246,0.131028262406404,0.1467765675774393
31247,0.01980262729617973,0.21019376996395822
31248,0.0769610411361284,0.13964072983522496
31249,0.19885085874516517,0.16019018759362172
31250,0,0.1680121158890818
31251,0.0769610411361284,0.17770749707562025
31252,0.11332868530700327,0.15243926812236208
31253,-0.08338160893905101,0.24599884127368304
31254,0.04879016416943205,0.18197701221363896
31255,0.08617769624105241,0.14911160177509827
31256,0.10436001532424286,0.15701512015438274
31257,0.02955880224154443,0.19854670031461255
31258,0.03922071315328133,0.14060715647283278
31259,0.10436001532424286,0.183354082095866
31260,0.01980262729617973,0.18297643286942109
31261,0.009950330853168092,0.1518032494361187
31262,0.009950330853168092,0.18449654366291576
31263,0.17395330712343798,0.1605238304567515
31264,0.1570037488096647,0.17847645589734037
31265,0.17395330712343798,0.17896694990384907
31266,0.23111172096338664,0.14066626602299248
31267,0.17395330712343798,0.19090209254400492
31268,0.11332868530700327,0.1851558641272288
31269,0.058268908123975824,0.31878976356248373
31270,0.13976194237515863,0.17166950848021076
31271,-0.10536051565782628,0.19152431268922782
31272,-0.040821994520255166,0.19973411537419616
31273,0.04879016416943205,0.17512853245234267
31274,-0.10536051565782628,0.1836748643017383
31275,-0.08338160893905101,0.1644890354130362
31276,0,0.1789065671495762
31277,0.06765864847381486,0.12980859729351957
31278,0.03922071315328133,0.14431774796726116
31280,0,0.1454994603232972
31281,0.04879016416943205,0.17166950848021065
31282,0.13976194237515863,0.14566622093325787
31283,0.12221763272424911,0.19928877229817074
31284,0.09531017980432493,0.16834569163266283
31285,0.1906203596086497,0.18239849433726424
31286,0.22314355131420976,0.18320003496859893
31287,0.22314355131420976,0.1745766621101279
31288,0.09531017980432493,0.16834569163266283
31289,0.04879016416943205,0.16818687324021073
31290,0.03922071315328133,0.1800109054197665
31291,0.1570037488096647,0.18761468373740683
31292,0.19885085874516517,0.1752415469796921
31293,0.22314355131420976,0.1745766621101279
31294,0.131028262406404,0.16652886971044462
31295,0.03922071315328133,0.2068699531164104
31296,0.03922071315328133,0.1834466361245339
31297,0,0.18604240489179044
31298,0.009950330853168092,0.24105909101587994
31299,-0.020202707317519466,0.20686995311641038
31300,0.02955880224154443,0.18837618250807314
31302,0.12221763272424911,0.1869195827012356
31303,0.04879016416943205,0.22438257686185656
31304,0.131028262406404,0.16974783358455928
31305,0.1823215567939546,0.1777074970756203
31306,0.3293037471426003,0.18563440480476787
31307,0.131028262406404,0.16652886971044462
31308,0.2700271372130602,0.1923857677783052
31309,0.1906203596086497,0.19979350012449693
31310,0.1823215567939546,0.16247639342782377
31311,0.17395330712343798,0.1636443544452393
31312,0.27763173659827955,0.14677656757743923
31313,0.20701416938432612,0.17107659257195693
31314,0.23111172096338664,0.16760411580205922
31316,0.11332868530700327,0.18197701221363896
31317,0.3852624007906449,0.18197701221363902
31318,0.12221763272424911,0.19928877229817074
31319,0.3148107398400336,0.1879010739114338
31320,0.19885085874516517,0.14468127066282022
31321,0.13976194237515863,0.13215009060316793
31322,0.16551443847757333,0.16168964835036706
31323,0.3148107398400336,0.15873861787064375
31324,0.11332868530700327,0.16577869674701637
31325,0.2468600779315258,0.15074704739481423
31326,0.3293037471426003,0.1700939928227737
31327,0.3074846997479607,0.17327476648498863
31328,0.3293037471426003,0.18050668243053242
31329,0.2151113796169455,0.18443978810563688
31330,0.3852624007906449,0.1795416659112626
31331,0.28517894223366247,0.1846552550126918
31332,0.13976194237515863,0.15883350866584595
31333,0.28517894223366247,0.1429259524573459
31334,0.3148107398400336,0.19302879628566924
31335,0.12221763272424911,0.1579412161741269
31336,0.16551443847757333,0.17105145379332443
31337,0.19885085874516517,0.2914578382402595
31338,0.13976194237515863,0.14566622093325787
31339,0.131028262406404,0.16652886971044462
31340,0.2151113796169455,0.1639704035191954
31341,0.04879016416943205,0.24882816650262063
31342,0.13976194237515863,0.20538895329091997
31343,0.17395330712343798,0.27249106425013164
31344,0.14842000511827322,0.2068699531164104
31346,0.2151113796169455,0.2784155354167422
31347,0.17395330712343798,0.2674394974222175
31348,0.17395330712343798,0.181977012213639
31349,0.17395330712343798,0.23603240915720053
31350,0.27763173659827955,0.21454233952689017
31351,0.1906203596086497,0.21106918736973462
31352,0.19885085874516517,0.2340148694753209
31353,0.17395330712343798,0.16674590856584243
31354,0.10436001532424286,0.2633757512249322
31355,0.2468600779315258,0.2501550959414254
31356,0.26236426446749106,0.2422447966883819
31357,0.22314355131420976,0.1745766621101279
31358,0.30010459245033816,0.25835269051867876
31359,0.5247285289349821,0.2701956636921162
31361,0.47000362924573563,0.21530327043845654
31362,0.11332868530700327,0.19457528394342025
31363,0.2468600779315258,0.2402957730708117
31364,0.17395330712343798,0.19090209254400492
31365,0.23901690047049992,0.160647047324458
31366,0.3148107398400336,0.16685874812875567
31367,0.13976194237515863,0.19338359746939232
31368,0.3148107398400336,0.2105805446108388
31369,0.22314355131420976,0.18886902753241053
31370,-0.020202707317519466,0.14416682233929107
31371,0.06765864847381486,0.1407811509776847
31372,0.2151113796169455,0.1639704035191954
31373,0.20701416938432612,0.1529609351959825
31374,0.20701416938432612,0.1970983040272491
31375,0.25464221837358075,0.14973428068168718
31376,0.1906203596086497,0.17046335169710838
31377,0.2151113796169455,0.24389581680765296
31378,0.371563556432483,0.21501477504958083
31379,0.3576744442718159,0.21746280589622116
31380,0.30010459245033816,0.16624175429395777
31381,0.25464221837358075,0.23132325238781384
31382,0.03922071315328133,0.17655188144763445
31383,0,0.1643283159026088
31384,0.13976194237515863,0.13895291247534405
31385,-0.020202707317519466,0.17463581963603708
31386,-0.06187540371808753,0.14131978741583318
31387,0.058268908123975824,0.15275792660604084
31388,0.19885085874516517,0.14468127066282022
31389,0.17395330712343798,0.17289302005368662
31390,0.2151113796169455,0.1639704035191954
31391,0.13976194237515863,0.20538895329091997
31392,0.10436001532424286,0.1502122982822066
31393,0.23111172096338664,0.20416329381554651
31394,0.0769610411361284,0.15381397682863096
31395,0.41871033485818504,0.2950195408333799
31396,0.41871033485818504,0.17928463614177995
31397,0.29266961396282004,0.1808334837223053
31398,0.3920420877760237,0.25088033285335276
31399,0.5877866649021191,0.29355313515487846
31400,0.3220834991691132,0.14954190812302054
31401,0.8064758658669485,0.27366782516612564
31402,0.7975071958841882,0.3431982904165329
31403,0.34358970439007686,0.3389633755152561
31404,0.35065687161316933,0.1591995415622793
31405,0.3364722366212129,0.24207039775261013
31406,0.3364722366212129,0.18452167624988336
31407,0.2700271372130602,0.1677598795283897
31408,0.1823215567939546,0.1467765675774393
31409,0.09531017980432493,0.19117012726602586
31410,0.19885085874516517,0.1383432502553931
31411,0.08617769624105241,0.14207419252390655
31412,0.16551443847757333,0.2154450134819111
31413,-0.2876820724517809,0.1716695084802107
31414,-0.2231435513142097,0.1670936564481901
31415,-0.18632957819149348,0.19652063109013196
31416,-0.16251892949777494,0.18853729534801075
31417,0.009950330853168092,0.20855102245153925
31418,-0.09431067947124129,0.23060465497094754
31419,0.02955880224154443,0.21829900244761788
31420,-0.020202707317519466,0.15962873534711197
31421,-0.08338160893905101,0.21784250680057543
31422,-0.09431067947124129,0.2650910279977477
31423,-0.05129329438755058,0.19418216404599536
31424,0.009950330853168092,0.22830332458454458
31425,-0.2876820724517809,0.21362772186642084
31426,-0.21072103131565253,0.19626241757096455
31427,-0.31471074483970024,0.18545964745363894
31428,-0.2484613592984996,0.1845867574517872
31429,-0.2231435513142097,0.20686995311641035
31430,-0.2744368457017603,0.19783955663712427
31431,-0.3011050927839216,0.17363561527408314
31432,-0.2613647641344075,0.16786908806541959
31433,-0.2613647641344075,0.1630784042134609
31434,-0.2613647641344075,0.25126351280499704
31435,-0.31471074483970024,0.20453491891875136
31436,-0.31471074483970024,0.1998325438652187
31437,-0.2876820724517809,0.24823108734538066
31438,-0.4462871026284195,0.2525904422438018
31439,0.009950330853168092,0.17022417017189223
31440,-0.10536051565782628,0.1635060690177407
31441,0.13976194237515863,0.22000898174009142
31442,-0.11653381625595151,0.16507550287769268
31443,-0.19845093872383832,0.15449538471840876
31444,-0.23572233352106983,0.168894139451732
31445,-0.020202707317519466,0.17463581963603708
31446,-0.01005033585350145,0.1767972308544461
31447,0.02955880224154443,0.18494045180330573
31448,-0.09431067947124129,0.24119750775075832
31449,-0.030459207484708574,0.18720992046220483
31450,-0.030459207484708574,0.1761581363901746
31451,-0.05129329438755058,0.12342533367153076
31452,-0.05129329438755058,0.20147091774368747
31453,0.009950330853168092,0.18096570547690874
31454,-0.05129329438755058,0.17549127977059725
31455,-0.030459207484708574,0.19802737334516554
31456,-0.020202707317519466,0.16718745258442866
31457,-0.11653381625595151,0.19722497625969984
31458,-0.06187540371808753,0.16542840213549928
31459,-0.030459207484708574,0.17986872788460298
31460,0.4382549309311553,0.27936829775082145
31461,0.28517894223366247,0.18996992891996514
31462,0.4762341789963717,0.2712876231651057
31463,0.23111172096338664,0.13136137441596135
31464,-0.09431067947124129,0.32777147345965757
31465,0.10436001532424286,0.183354082095866
31466,0.131028262406404,0.36471428835265574
31467,0.34358970439007686,0.1859418819712342
31468,0.3293037471426003,0.16745727335418054
31469,0.131028262406404,0.19783955663712427
31470,0.23901690047049992,0.160647047324458
31471,0.27763173659827955,0.16945603827684425
31472,0.3074846997479607,0.16519748831321276
31473,0.1823215567939546,0.19540421033474792
31474,0.34358970439007686,0.17063461140807157
31475,0.26236426446749106,0.16033117338597078
31476,0.371563556432483,0.17166950848021068
31477,0.2700271372130602,0.17610127646794554
31478,0.30010459245033816,0.1823548012583959
31479,0.4054651081081644,0.2068699531164104
31480,0.3576744442718159,0.19361715393107332
31481,0.2468600779315258,0.18237545353153253
31482,0.1570037488096647,0.18458675745178715
31483,0.01980262729617973,0.3635537073556362
31484,0.22314355131420976,0.16874569485317747
31485,0.3148107398400336,0.19302879628566924
31486,0.1906203596086497,0.17944078123301632
31487,0.3364722366212129,0.21170604697076953
31488,0.35065687161316933,0.1971975481446685
31489,0.27763173659827955,0.16106893299972186
31490,0.17395330712343798,0.2251185367177528
31491,0.41871033485818504,0.19096029626095734
31492,0.11332868530700327,0.21590034959569654
31493,0.04879016416943205,0.17512853245234267
31494,0.1906203596086497,0.19979350012449693
31495,0.20701416938432612,0.19427168138662904
31496,0.11332868530700327,0.21590034959569654
31497,0.08617769624105241,0.1894118116315424
31498,0.131028262406404,0.16974783358455928
31499,0.13976194237515863,0.1522923410999983
31500,0.1906203596086497,0.1940608096821878
31501,0.23111172096338664,0.21224057198732235
31502,0.22314355131420976,0.1803417413213184
31503,0.06765864847381486,0.16204273077389286
31504,0.058268908123975824,0.17714091835927986
31505,-0.06187540371808753,0.30826515027727003
31506,0.08617769624105241,0.179631242188828
31507,-0.020202707317519466,0.19279446509659967
31508,0.03922071315328133,0.16956267514244983
31509,0.02955880224154443,0.16021984803496553
31510,0.03922071315328133,0.2165884199381933
31511,-0.11653381625595151,0.21633597755301645
31512,-0.12783337150988489,0.25830092205618876
31513,-0.1743533871447778,0.26786237691731996
31514,-0.13926206733350766,0.1511560286444757
31515,0.02955880224154443,0.1638255455977678
31516,0.27763173659827955,0.20686995311641035
31517,0.22314355131420976,0.24234243405957884
31518,0.3148107398400336,0.20062502714982772
31519,0.36464311358790924,0.3131035761253564
31520,0.3576744442718159,0.20567927793976748
31521,0.44468582126144574,0.2365167035282883
31522,0.2151113796169455,0.18156539131060834
31523,0.08617769624105241,0.23272785437974963
31524,0.1823215567939546,0.18663257740598624
31525,0.04879016416943205,0.1467765675774392
31526,0.06765864847381486,0.23319891860263636
41001,-0.16251892949777494,0.1315454639296428
41002,-0.11653381625595151,0.16507550287769268
41003,-0.11653381625595151,0.12630718299099772
41004,-0.2231435513142097,0.14836846927960437
41005,-0.13926206733350766,0.18490082584067216
41006,-0.13926206733350766,0.15549821725055152
41007,-0.12783337150988489,0.19514060708340084
41008,-0.11653381625595151,0.1395599821763348
41009,-0.13926206733350766,0.22793202402115734
41010,-0.18632957819149348,0.14831101709986547
41011,-0.16251892949777494,0.14527375623572655
41012,-0.21072103131565253,0.15147894263097192
41013,-0.2484613592984996,0.16128571825118085
41014,-0.13926206733350766,0.19299947336939163
41015,-0.06187540371808753,0.16542840213549928
41016,-0.18632957819149348,0.1707906037294728
41017,-0.11653381625595151,0.17330477937253125
41018,-0.11653381625595151,0.15671131421663326
41019,-0.13926206733350766,0.1511560286444757
41020,-0.16251892949777494,0.19266852505853083
41021,-0.07257069283483537,0.1589732618904772
41022,-0.13926206733350766,0.16407327761605214
41023,-0.2484613592984996,0.14677656757743926
41024,-0.2484613592984996,0.16603183695644286
41025,-0.05129329438755058,0.17166950848021076
41026,0.01980262729617973,0.16880318587601512
41027,-0.08338160893905101,0.20686995311641032
41028,-0.030459207484708574,0.1686549999668606
41029,0.12221763272424911,0.18062068687353194
41030,0.11332868530700327,0.172319864312864
41031,0.04879016416943205,0.17512853245234267
41032,0.04879016416943205,0.16818687324021073
41033,-0.040821994520255166,0.15468686683048277
41034,0.1570037488096647,0.18154075388724442
41035,-0.01005033585350145,0.1767972308544461
41036,-0.07257069283483537,0.1467765675774392
41037,-0.07257069283483537,0.1589732618904772
41038,-0.10536051565782628,0.13385931860586273
41040,-0.05129329438755058,0.15211906750973286
41041,-0.05129329438755058,0.15608954732710784
41042,-0.020202707317519466,0.1856083733202022
41043,-0.06187540371808753,0.1921868079378169
41044,-0.07257069283483537,0.1708851822971053
41045,-0.040821994520255166,0.14277494642385463
41046,0.01980262729617973,0.1579087346155207
41047,0.03922071315328133,0.14800154795373416
41048,0.06765864847381486,0.17574030732296844
41049,-0.06187540371808753,0.1575181028824558
41050,0,0.21026002593205764
41051,-0.10536051565782628,0.15101065064616123
41052,-0.09431067947124129,0.15786839749397283
41053,-0.06187540371808753,0.15351648172887117
41054,-0.05129329438755058,0.18304999700791394
41055,-0.11653381625595151,0.16920673258821275
41056,-0.2484613592984996,0.20686995311641035
41057,-0.16251892949777494,0.17593902361822936
41058,-0.19845093872383832,0.16360641400412623
41059,-0.10536051565782628,0.1954042103347479
41060,-0.09431067947124129,0.17006509180701082
41061,-0.16251892949777494,0.1497689754613158
41062,-0.19845093872383832,0.17255759239744742
41063,-0.06187540371808753,0.17706854385293366
41064,-0.040821994520255166,0.18515586412722876
41065,-0.18632957819149348,0.1707906037294728
41066,-0.18632957819149348,0.17517006479650926
41067,-0.19845093872383832,0.16360641400412623
41068,-0.23572233352106983,0.168894139451732
41069,-0.15082288973458366,0.16139659602661072
41070,-0.19845093872383832,0.17255759239744742
41071,-0.19845093872383832,0.19427168138662904
41072,0.1906203596086497,0.20546249268830852
41073,-0.01005033585350145,0.1767972308544461
41074,-0.10536051565782628,0.22176748102062582
41075,-0.12783337150988489,0.13652822136992018
41076,-0.15082288973458366,0.1988978521454508
41077,-0.1743533871447778,0.16026292322445737
41078,-0.040821994520255166,0.16247639342782383
41079,-0.01005033585350145,0.20858492643411697
41080,-0.01005033585350145,0.1767972308544461
41082,-0.06187540371808753,0.1995811994187183
41083,-0.020202707317519466,0.1709252281416087
41084,0.02955880224154443,0.18494045180330573
41085,-0.040821994520255166,0.19249705670483064
41086,-0.05129329438755058,0.16393899571459736
41087,-0.05129329438755058,0.17549127977059725
41088,0.01980262729617973,0.21349607328315082
41089,-0.06187540371808753,0.17706854385293366
41090,-0.08338160893905101,0.18031058477148532
41091,-0.07257069283483537,0.16297488304406182
41092,-0.16251892949777494,0.18853729534801075
41093,-0.030459207484708574,0.14545991115218845
41094,-0.040821994520255166,0.18883966411370176
41095,-0.08338160893905101,0.18031058477148532
41096,-0.040821994520255166,0.19612841781139387
41097,-0.09431067947124129,0.17406671296059545
41099,-0.020202707317519466,0.2171774568498387
41100,0.06765864847381486,0.2710091084769843
41101,0,0.1789065671495762
41102,-0.05129329438755058,0.15608954732710784
41103,0,0.3833755554509802
41105,-0.13926206733350766,0.24272158365036764
41106,-0.09431067947124129,0.18588664116545994
41107,-0.23572233352106983,0.1547862153035126
41108,-0.12783337150988489,0.1453250613875253
41109,-0.18632957819149348,0.2170135095214252
41110,-0.11653381625595151,0.16091054846995748
41111,-0.10536051565782628,0.14677656757743923
41112,-0.10536051565782628,0.1635060690177407
41113,-0.09431067947124129,0.18588664116545994
41114,-0.16251892949777494,0.2284172814956313
41115,-0.15082288973458366,0.23006504193108257
41116,-0.09431067947124129,0.34230818559960974
41117,-0.05129329438755058,0.19418216404599536
41118,-0.05129329438755058,0.16781889336011743
41119,-0.12783337150988489,0.17084058208888317
41120,-0.05129329438755058,0.19418216404599536
41121,0,0.18604240489179044
41122,-0.15082288973458366,0.2804076580060977
41123,-0.08338160893905101,0.2142111456940122
41124,-0.19845093872383832,0.2505717105544175
41125,-0.19845093872383832,0.2729199874209445
41126,-0.21072103131565253,0.26062531824795443
41127,-0.1743533871447778,0.24207039775261016
41128,-0.09431067947124129,0.3480088491700818
41129,-0.16251892949777494,0.3625716010242156
41130,-0.030459207484708574,0.2358375632195135
41131,-0.040821994520255166,0.19973411537419616
41132,-0.07257069283483537,0.21232673327801643
41133,-0.06187540371808753,0.2839651252827523
41134,-0.07257069283483537,0.1939058125422429
41135,0,0.18604240489179044
41136,0.1570037488096647,0.25271501899491094
41138,0.009950330853168092,0.19838050464499984
41139,-0.11653381625595151,0.3391098085538975
41140,0,0.2068699531164104
41141,-0.040821994520255166,0.10527369030501454
41142,0.0769610411361284,0.29355313515487846
41143,-0.05129329438755058,0.3260612037192192
41144,-0.11653381625595151,0.18937552787221035
41145,-0.040821994520255166,0.3374482052272271
41146,-0.11653381625595151,0.25601847808499817
41147,-0.08338160893905101,0.14816111138947813
41148,-0.07257069283483537,0.24048306775112405
41149,0.03922071315328133,0.19361715393107332
41150,-0.040821994520255166,0.2068699531164104
41151,-0.12783337150988489,0.20299005547089036
41152,-0.21072103131565253,0.3343912513148461
41153,0.11332868530700327,0.24770806927637795
41154,-0.01005033585350145,0.3299118188393125
41155,-0.10536051565782628,0.19152431268922782
41156,-0.08338160893905101,0.1994215860648019
41157,-0.13926206733350766,0.16407327761605214
41158,-0.13926206733350766,0.20882102272784075
41159,-0.1743533871447778,0.19041032953568518
41160,-0.13926206733350766,0.2710735485252711
41161,-0.08338160893905101,0.15639038788431672
41162,-0.2484613592984996,0.2684148448452955
41163,-0.15082288973458366,0.16139659602661072
41164,-0.09431067947124129,0.15786839749397283
41165,0.06765864847381486,0.2821009383935179
41166,-0.09431067947124129,0.16603183695644283
41167,-0.19845093872383832,0.25436506692560024
41168,-0.1743533871447778,0.1777074970756203
41169,-0.12783337150988489,0.17084058208888317
41170,-0.09431067947124129,0.14957221337571758
51001,-0.10536051565782628,0.2433286082093415
51002,0.009950330853168092,0.2118966349750898
51003,-0.09431067947124129,0.18197701221363896
51004,-0.07257069283483537,0.2671664858138021
51005,-0.06187540371808753,0.1995811994187183
51006,0.01980262729617973,0.21349607328315082
51007,-0.05129329438755058,0.17928463614177997
51008,-0.05129329438755058,0.20865700952008495
51009,-0.040821994520255166,0.16632700854791715
51010,-0.06187540371808753,0.1693380310873203
51011,-0.05129329438755058,0.22273249753989566
51012,-0.07257069283483537,0.22659910676904
51013,-0.08338160893905101,0.22858404210559197
51014,-0.020202707317519466,0.1856083733202022
51015,-0.040821994520255166,0.18883966411370176
51016,-0.040821994520255166,0.21390736236760213
51017,0,0.18248696136317138
51018,-0.09431067947124129,0.17406671296059545
51019,0.03922071315328133,0.31280840453388203
51020,-0.06187540371808753,0.17321792873284036
51021,-0.15082288973458366,0.28382040706262657
51022,-0.05129329438755058,0.29086075908301945
51023,0.22314355131420976,0.20822868649369797
51024,-0.01005033585350145,0.2906459815249613
51025,0.412109650826833,0.22349044823611072
51026,0.11332868530700327,0.21590034959569654
51027,0.17395330712343798,0.17289302005368662
51028,0.17395330712343798,0.23060465497094765
51029,0.04879016416943205,0.16818687324021073
51030,-0.06187540371808753,0.20323859200984715
51031,-0.19845093872383832,0.215099229611249
51032,-0.06187540371808753,0.23502628758951802
51033,-0.11653381625595151,0.18540504805483538
51034,-0.18632957819149348,0.22498561049238483
51035,-0.2744368457017603,0.19326370460510367
51036,-0.18632957819149348,0.17951225340258511
51037,-0.13926206733350766,0.23538039107276576
51038,0.02955880224154443,0.1638255455977678
51039,0.009950330853168092,0.1592516164877271
51040,-0.020202707317519466,0.17831961962251008
51041,-0.030459207484708574,0.15718925718519805
51042,-0.12783337150988489,0.17084058208888317
51043,-0.06187540371808753,0.15351648172887117
51044,-0.01005033585350145,0.1947009654520329
51045,-0.01005033585350145,0.16945603827684422
51046,-0.07257069283483537,0.23358831307422462
51047,0.10436001532424286,0.15362504733873547
51048,0.1906203596086497,0.1940608096821878
51049,0.03922071315328133,0.19361715393107332
51050,0.04879016416943205,0.16818687324021073
51051,0.08617769624105241,0.18617240975467567
51052,0.04879016416943205,0.19208039348720002
51053,-0.01005033585350145,0.16200767122523582
51054,0.1906203596086497,0.17944078123301632
51056,0.03922071315328133,0.16247639342782375
51057,0.06765864847381486,0.1515226862827012
51058,0.08617769624105241,0.1894118116315424
51059,0.08617769624105241,0.179631242188828
51060,0.02955880224154443,0.1814814278311737
51061,0.08617769624105241,0.1763289388696354
51062,0.0769610411361284,0.17770749707562025
51063,0.12221763272424911,0.17102408893603385
51065,0.06765864847381486,0.16204273077389286
51066,0.1906203596086497,0.17046335169710838
51067,0.03922071315328133,0.17306924620763453
51068,0.10436001532424286,0.18973171615924944
51070,0.09531017980432493,0.1548295613025729
51071,0.09531017980432493,0.18151297936525093
51072,-0.020202707317519466,0.15195634893663215
51073,0.02955880224154443,0.13803356643305803
51074,0.09531017980432493,0.18475238124211762
51075,0.01980262729617973,0.17593902361822936
51076,0.08617769624105241,0.20842782938523194
51077,0.03922071315328133,0.16956267514244983
51078,-0.020202707317519466,0.15195634893663215
51079,0.11332868530700327,0.19457528394342025
51080,0.06765864847381486,0.18907973594762267
51081,0,0.1643283159026088
51082,0,0.19307981414298217
51083,0.058268908123975824,0.173728169302751
51084,0.03922071315328133,0.14431774796726116
51085,0.1823215567939546,0.1562543153187328
51086,0.11332868530700327,0.13874169157328656
51088,0.02955880224154443,0.17096138333998204
51089,-0.05129329438755058,0.14408419150558022
51090,0.03922071315328133,0.1660318369564428
51091,-0.030459207484708574,0.18355252787107598
51092,-0.05129329438755058,0.17166950848021076
51093,-0.06187540371808753,0.14948322687830315
51094,-0.05129329438755058,0.19418216404599536
51095,0.02955880224154443,0.1638255455977678
51096,-0.08338160893905101,0.16849065656662082
51097,0.04879016416943205,0.15401362624680473
51098,0.131028262406404,0.16974783358455928
51099,0.0769610411361284,0.2100096804502768
51100,0.009950330853168092,0.21522045182263763
51101,0.12221763272424911,0.1962244743082667
51102,0.10436001532424286,0.18973171615924944
51103,0.009950330853168092,0.1518032494361187
51104,0.08617769624105241,0.179631242188828
51105,0.11332868530700327,0.2038239495518676
51107,0.10436001532424286,0.21447373143405063
51108,0.01980262729617973,0.1579087346155207
51109,0.08617769624105241,0.15948899169199762
51110,-0.040821994520255166,0.16632700854791715
51112,-0.040821994520255166,0.18515586412722876
51113,-0.06187540371808753,0.1575181028824558
51114,-0.030459207484708574,0.16103987230529135
51115,0.009950330853168092,0.18449654366291576
51116,0.01980262729617973,0.19335382278632046
51117,-0.030459207484708574,0.19802737334516554
51118,0.01980262729617973,0.21019376996395822
51119,0.0769610411361284,0.17436188455206972
51121,0.058268908123975824,0.19387041979958136
51122,0.0769610411361284,0.1641913667455303
51123,0.131028262406404,0.20686995311641046
51124,0.0769610411361284,0.14322112404882015
51125,0.09531017980432493,0.20995276661435047
51127,0.08617769624105241,0.18617240975467567
51128,0.09531017980432493,0.15824231035910177
51129,0.09531017980432493,0.16834569163266283
51130,0.06765864847381486,0.16893748545079232
51131,-0.040821994520255166,0.17770749707562034
51132,0.058268908123975824,0.15984420832066693
51133,-0.030459207484708574,0.1761581363901746
51134,-0.05129329438755058,0.17166950848021076
51135,-0.09431067947124129,0.17406671296059545
51136,-0.020202707317519466,0.15195634893663215
51137,0.01980262729617973,0.1579087346155207
51138,0.04879016416943205,0.1467765675774392
51139,0.06765864847381486,0.19562090351347033
51140,0.01980262729617973,0.1615661272066496
51141,0.058268908123975824,0.14194047372308013
51142,-0.030459207484708574,0.2224103650984046
51143,-0.01005033585350145,0.1428966699319192
51144,0.02955880224154443,0.1814814278311737
51145,0.09531017980432493,0.20686995311641032
51146,0.058268908123975824,0.24399207264826156
51147,0.08617769624105241,0.18617240975467567
51148,0.01980262729617973,0.15051434313461934
51149,0.11332868530700327,0.19145475995493247
51150,0.131028262406404,0.18554488746413417
51152,0.12221763272424911,0.1742430528101485
51153,0.17395330712343798,0.19090209254400492
51154,0.17395330712343798,0.187944379439757
51155,0.10436001532424286,0.2234511609699586
51156,0.02955880224154443,0.18837618250807314
51157,0.02955880224154443,0.21179949949994964
51158,0.131028262406404,0.22157425849166149
51159,0.06765864847381486,0.15505352446870824
51160,0.10436001532424286,0.18013511822175135
51161,0.02955880224154443,0.17449222152598906
51162,0.12221763272424911,0.1900401066897234
51163,0.1570037488096647,0.18761468373740683
51164,-0.09431067947124129,0.2617454154741971
51165,-0.15082288973458366,0.20289947329903543
51166,0.16551443847757333,0.1771985652811686
51168,0.04879016416943205,0.17166950848021065
51169,0.02955880224154443,0.17799879259117377
51170,0.13976194237515863,0.17166950848021076
51171,0.009950330853168092,0.20518332651717597
51172,0.09531017980432493,0.18151297936525093
51173,0.09531017980432493,0.21909099445441693
51174,0.14842000511827322,0.22416666315502337
51175,-0.020202707317519466,0.24044812585598785
51176,0,0.18604240489179044
51177,-0.10536051565782628,0.1954042103347479
51178,0.009950330853168092,0.1738298677346945
51179,0.04879016416943205,0.17166950848021065
51180,0,0.15687994885100037
51181,-0.020202707317519466,0.18197701221363896
51182,0.01980262729617973,0.15051434313461934
51183,-0.040821994520255166,0.2068699531164104
51184,-0.030459207484708574,0.18720992046220483
51185,0.01980262729617973,0.1353960790497361
51186,0.009950330853168092,0.21522045182263763
51187,0.058268908123975824,0.1971514862946275
51188,0.058268908123975824,0.18053099117492713
51189,0.02955880224154443,0.1814814278311737
51190,0.03922071315328133,0.226125222495414
51191,0.009950330853168092,0.20518332651717597
51192,0,0.2068699531164104
51193,-0.07257069283483537,0.21593243084081873
51194,0.1823215567939546,0.2879420360683778
51195,0.09531017980432493,0.2130170646042545
51196,0.22314355131420976,0.328549457331211
51197,0.058268908123975824,0.21006873526620398
51198,0.08617769624105241,0.26990201165774547
51199,0.11332868530700327,0.23349533738710948
51200,-0.040821994520255166,0.247708069276378
51202,0.03922071315328133,0.15165894054486304
51203,0.08617769624105241,0.14911160177509827
51205,0.04879016416943205,0.28897728312285786
51206,0.3148107398400336,0.21303936422101685
51207,0.3220834991691132,0.19439490420612254
51208,0.4382549309311553,0.22306826858303294
51209,0.13976194237515863,0.2480492288221106
51210,0.009950330853168092,0.24419881834974633
51211,0.14842000511827322,0.23259998047706956
51212,-0.01005033585350145,0.24492549239756994
51213,0.02955880224154443,0.23731502020130743
51214,0.14842000511827322,0.28046669232281174
51215,0.058268908123975824,0.1563133701346599
51216,0.06765864847381486,0.19236080244266882
51217,0.06765864847381486,0.18245361578088226
51218,0.04879016416943205,0.20524768121978812
51219,0.17395330712343798,0.14784730056566442
51220,0.36464311358790924,0.2732235899777358
51221,0.1823215567939546,0.32298125331134686
51222,0.27763173659827955,0.27884882977962744
51223,0.23111172096338664,0.23317495804745633
51224,0.2468600779315258,0.2598275009131673
51225,0.11332868530700327,0.2392280278294186
51226,0.02955880224154443,0.20189231283816308
51227,0.0769610411361284,0.2549246546774824
51228,-0.040821994520255166,0.22769750134103037
51229,0.1906203596086497,0.20263587004768846
51230,0.1570037488096647,0.21121214172248626
51231,0.06765864847381486,0.18577743262843008
51232,0.02955880224154443,0.25263761565991716
51233,0.0769610411361284,0.23146286220716428
51234,0.009950330853168092,0.2118966349750898
51236,0.10436001532424286,0.183354082095866
51237,0.02955880224154443,0.17449222152598906
51238,0.08617769624105241,0.1894118116315424
51239,0.06765864847381486,0.19236080244266882
51240,0.01980262729617973,0.19676657184284932
51241,0.058268908123975824,0.15984420832066693
51242,0.04879016416943205,0.1467765675774392
51243,0.058268908123975824,0.173728169302751
51244,0.06765864847381486,0.17574030732296844
51245,0.11332868530700327,0.18197701221363896
51246,0.03922071315328133,0.15889599921422856
51247,0.06765864847381486,0.15856009553389294
51248,-0.01005033585350145,0.16574544678241585
51249,-0.040821994520255166,0.32635637531069345
51250,0.04879016416943205,0.15759402046039991
61001,0.3148107398400336,0.20562706801545058
61002,0.13976194237515863,0.21421114569401228
61003,0.131028262406404,0.2128026255628998
61004,0.19885085874516517,0.2470642785516728
61005,0.1570037488096647,0.18761468373740683
61006,0.23901690047049992,0.2826406199281436
61007,0.09531017980432493,0.21909099445441693
61008,0.16551443847757333,0.20686995311641046
61009,0.26236426446749106,0.22989058336154797
61010,0.1570037488096647,0.21121214172248626
61011,0.17395330712343798,0.26997153280085484
61012,0.17395330712343798,0.3384154170460532
61013,0.14842000511827322,0.2930030498383758
61014,0.16551443847757333,0.22108268500567893
61015,0.04879016416943205,0.24583575861874404
61016,-0.040821994520255166,0.2542075722240462
61017,-0.020202707317519466,0.20686995311641038
61018,0.16551443847757333,0.26664295931572846
61019,-0.09431067947124129,0.21978720208798683
61020,0.2151113796169455,0.21232673327801646
61021,-0.040821994520255166,0.2542075722240462
61022,0.11332868530700327,0.19767683806402342
61023,0.04879016416943205,0.24282569630895412
61024,0.23111172096338664,0.21490482912056302
61026,0.009950330853168092,0.24731934233823413
61027,-0.030459207484708574,0.19802737334516554
61028,-0.09431067947124129,0.19361715393107334
61029,0.009950330853168092,0.2118966349750898
61030,-0.07257069283483537,0.2301056778342247
61031,0.08617769624105241,0.22676048715363162
61032,-0.05129329438755058,0.20865700952008495
61033,-0.09431067947124129,0.2341600984995666
61034,0.06765864847381486,0.24513406124279222
61035,0.11332868530700327,0.17555926618973072
61036,0.26236426446749106,0.38226359551581063
61037,-0.23572233352106983,0.21752178220904056
61038,-0.2876820724517809,0.24823108734538066
61039,-0.2484613592984996,0.279880587626958
61040,0.09531017980432493,0.28684174648595373
61041,0.009950330853168092,0.24419881834974633
61042,-0.2744368457017603,0.215743291234711
61043,-0.23572233352106983,0.23411524736493855
61044,-0.2876820724517809,0.20913250264083166
61045,-0.040821994520255166,0.23108757415667763
61046,-0.23572233352106983,0.19157361015113697
61047,-0.2744368457017603,0.22012275230174747
61048,-0.2613647641344075,0.18197701221363902
61049,-0.23572233352106983,0.21752178220904056
61050,-0.18632957819149348,0.20891486199270573
61051,-0.2744368457017603,0.23304000127332392
61052,-0.2231435513142097,0.1982948927509097
61053,-0.11653381625595151,0.27975317993953536
61054,-0.030459207484708574,0.1761581363901746
61055,-0.13926206733350766,0.19299947336939163
61056,-0.23572233352106983,0.2217210164623648
61057,-0.10536051565782628,0.17570276333077867
61058,-0.16251892949777494,0.1673639632527287
61059,-0.23572233352106983,0.2808842211026038
61060,-0.21072103131565253,0.1832352226703703
61061,-0.09431067947124129,0.16196644427829135
61062,-0.19845093872383832,0.18569662102112838
61063,-0.19845093872383832,0.2390194264984176
61064,-0.15082288973458366,0.2068699531164104
61065,0,0.1753008695867739
61066,0.16551443847757333,0.18628255744112096
61067,0.10436001532424286,0.16705224545984437
61069,0.3074846997479607,0.30030781877993623
61070,0.22314355131420976,0.25734951834850406
61071,0.27763173659827955,0.3379466948434651
61072,0.25464221837358075,0.22372702152365537
61073,0.04879016416943205,0.38199848556875315
61074,-0.01005033585350145,0.19117012726602586
61075,0.20701416938432612,0.2606253182479544
61076,0.12221763272424911,0.17102408893603385
61077,0.20701416938432612,0.24031600681916887
61078,0.20701416938432612,0.21373686810314757
61079,0.3576744442718159,0.28296340112489815
61080,0.16551443847757333,0.24303033045654154
61081,0.09531017980432493,0.21909099445441693
61082,0.14842000511827322,0.25175198012965383
61083,0.11332868530700327,0.2855182591507258
61084,-0.020202707317519466,0.2688879131050874
61085,0.28517894223366247,0.2727555557447188
61086,0.02955880224154443,0.2791094704400252
61087,0.009950330853168092,0.20855102245153925
61088,0.17395330712343798,0.24935442140397895
61089,-0.06187540371808753,0.2068699531164104
61090,0.08617769624105241,0.2237504248438417
61091,0.08617769624105241,0.1730051220220876
61092,0.08617769624105241,0.20530730539674413
61093,-0.10536051565782628,0.41750526709895475
61094,-0.040821994520255166,0.2885461854363455
61095,0.11332868530700327,0.37374468483194184
61096,0.03922071315328133,0.19024945799671003
61097,0.058268908123975824,0.20365098924229574
71001,0.3364722366212129,0.1970580337654474
71002,0.3074846997479607,0.27249106425013153
71003,0.371563556432483,0.3076510630436979
71004,0.35065687161316933,0.2348333390832446
71005,0.27763173659827955,0.305018877936541
71006,0.41871033485818504,0.20910279729998124
71007,0.3852624007906449,0.24153021339126216
71008,0.3220834991691132,0.2425631105689158
71009,0.371563556432483,0.21501477504958083
71010,0.2468600779315258,0.22769750134103034
71011,0.1570037488096647,0.2365167035282884
71012,0.29266961396282004,0.17815524092325238
71013,0.20701416938432612,0.22719949829355307
71015,0.3148107398400336,0.2598799505746509
71016,0.4252677354043441,0.2145921082516659
71017,0.28517894223366247,0.25908855780408113
71018,0.2700271372130602,0.22847584486594721
71019,0.3148107398400336,0.2598799505746509
71020,0.08617769624105241,0.25022227962394966
71021,0.13976194237515863,0.2823394072371361
71022,0.25464221837358075,0.1894368431086299
71023,0.27763173659827955,0.21707437490552747
71024,0.22314355131420976,0.22688052105175802
71025,0.44468582126144574,0.28364594849309194
71026,0.27763173659827955,0.20944025619291912
71027,0.12221763272424911,0.27311345417986993
71028,0.1570037488096647,0.22261382472860697
71029,0.16551443847757333,0.2294240819452348
71030,0.13976194237515863,0.23141066474621214
71031,0.3074846997479607,0.1890555321438451
71032,0.29266961396282004,0.21692356080994732
71033,0.2700271372130602,0.20296032416458942
71034,0.29266961396282004,0.226782883680561
71035,0.26236426446749106,0.20947969835455854
71036,0.23111172096338664,0.23060465497094756
71037,0.29266961396282004,0.22433585701551356
71038,0.27763173659827955,0.19382054404005847
71039,0.26236426446749106,0.2397977700233345
71040,0.25464221837358075,0.22372702152365537
71041,0.3220834991691132,0.20686995311641043
71042,0.26236426446749106,0.19629539673012622
71043,0.2151113796169455,0.23876809443341754
71044,0.28517894223366247,0.22815762830590008
71045,0.20701416938432612,0.23248663453617888
71046,0.23901690047049992,0.2291417031968883
71047,0.23111172096338664,0.21490482912056302
71048,0.25464221837358075,0.22372702152365537
71049,0.23901690047049992,0.22139161876118665
71050,0.10436001532424286,0.16705224545984437
71051,0.22314355131420976,0.2622553646237295
71052,0.26236426446749106,0.16318946703325135
71053,0.20701416938432612,0.1529609351959825
71054,0.2468600779315258,0.22256977896679492
71055,0.27763173659827955,0.143869413947522
71056,0.3074846997479607,0.3286597836548396
71057,0.23111172096338664,0.19595608067696269
71058,0.27763173659827955,0.2119976754906458
71059,0.17395330712343798,0.36634935315391454
71060,0.23901690047049992,0.3616186216648093
71061,0.20701416938432612,0.24031600681916887
71062,0.4574248470388755,0.35202939071360523
71063,0.3293037471426003,0.22015412341385707
71064,0.3220834991691132,0.3424327927761072
71065,0.28517894223366247,0.17657797684091597
71066,0.41871033485818504,0.19783955663712424
71067,0.371563556432483,0.21961123930589
71068,0.3074846997479607,0.17327476648498863
81001,-0.2744368457017603,0.18864644158473737
81002,-0.3011050927839216,0.17363561527408314
81003,-0.2484613592984996,0.17539364239940028
81004,-0.23572233352106983,0.2217210164623648
81005,-0.2876820724517809,0.2225010599847215
81006,-0.18632957819149348,0.20068558549786714
81007,-0.342490308946776,0.204468988301404
81008,-0.3011050927839216,0.18335408209586604
81009,-0.2744368457017603,0.215743291234711
81010,-0.2484613592984996,0.21551768694996817
81011,-0.3011050927839216,0.2466462497846307
81013,-0.2744368457017603,0.20237473389082114
81014,-0.2484613592984996,0.2024904920493739
81015,-0.2484613592984996,0.2112121417224862
81016,-0.2613647641344075,0.1865942752340053
81017,-0.2876820724517809,0.19074477994532313
81019,-0.21072103131565253,0.2047660157777052
81020,-0.2876820724517809,0.19074477994532313
81021,-0.342490308946776,0.25046444595155576
81022,-0.31471074483970024,0.20919434930817613
81023,-0.2876820724517809,0.20002147335511417
81024,-0.2876820724517809,0.20459732538713477
81025,-0.3285040669720361,0.26062531824795443
81026,-0.2744368457017603,0.19326370460510367
81027,-0.19845093872383832,0.14051631625508504
81028,-0.23572233352106983,0.14515943759719485
81029,-0.11653381625595151,0.16920673258821275
81030,-0.1743533871447778,0.14220071554541872
81031,-0.13926206733350766,0.20491139377601975
81032,-0.12783337150988489,0.23689061639341724
81033,-0.12783337150988489,0.1539727952210831
81034,-0.11653381625595151,0.20495548902531324
81035,-0.10536051565782628,0.2503178145145261
81036,-0.06187540371808753,0.2551685380863484
81037,-0.21072103131565253,0.2047660157777052
81038,-0.06187540371808753,0.21405604489280786
81039,-0.13926206733350766,0.24635294475693087
81040,-0.06187540371808753,0.17321792873284036
81041,-0.11653381625595151,0.1482077160098926
81042,-0.09431067947124129,0.18197701221363896
81043,-0.10536051565782628,0.2740525163690633
81044,-0.11653381625595151,0.22378434460462485
81045,-0.15082288973458366,0.1784049737141576
81046,-0.030459207484708574,0.20511365505979165
81047,-0.15082288973458366,0.1988978521454508
81048,-0.16251892949777494,0.21283732034252842
81049,-0.2231435513142097,0.20686995311641035
81050,-0.10536051565782628,0.1876146837374068
81051,-0.19845093872383832,0.198505764455351
81052,-0.19845093872383832,0.20686995311641043
81053,-0.21072103131565253,0.22542487361175467
81054,-0.15082288973458366,0.18670115783241284
81055,-0.07257069283483537,0.2195128250544139
81056,-0.07257069283483537,0.20503797958032433
81057,-0.1743533871447778,0.15580696405672542
81058,-0.21072103131565253,0.17436188455206966
81059,-0.19845093872383832,0.215099229611249
81060,-0.21072103131565253,0.18761468373740675
81061,-0.12783337150988489,0.17906985858372176
81062,-0.2744368457017603,0.2113259122841423
81063,-0.2484613592984996,0.22822051941003305
81064,-0.2613647641344075,0.21779551153672494
81065,-0.19845093872383832,0.24674993926403102
81067,-0.2613647641344075,0.23896884363200696
81069,-0.2484613592984996,0.18001090541976655
81070,-0.23572233352106983,0.23001720058062008
81071,0.04879016416943205,0.24282569630895412
81072,-0.06187540371808753,0.1921868079378169
81073,-0.09431067947124129,0.18976653881098002
81074,-0.030459207484708574,0.20511365505979165
81075,-0.07257069283483537,0.21232673327801643
81076,-0.08338160893905101,0.20686995311641032
81077,-0.10536051565782628,0.23266193228112023
81078,-0.07257069283483537,0.19014045167610893
81079,-0.08338160893905101,0.20315936162198195
81080,-0.10536051565782628,0.1716695084802107
81081,-0.10536051565782628,0.1836748643017383
81082,-0.06187540371808753,0.2068699531164104
81083,-0.11653381625595151,0.3055918191327777
81084,-0.08338160893905101,0.1841904824170054
81086,-0.11653381625595151,0.23836259585159225
81087,-0.08338160893905101,0.18031058477148532
81088,-0.06187540371808753,0.22114232660743396
81089,-0.08338160893905101,0.14399615698174295
81090,-0.08338160893905101,0.19565622519866793
81091,-0.3011050927839216,0.21144580514843106
81092,-0.3011050927839216,0.2249321607954491
81093,-0.2876820724517809,0.23552825488531576
81094,-0.3011050927839216,0.21144580514843106
81095,-0.31471074483970024,0.21381161232854237
81096,-0.3011050927839216,0.20225269009604416
81097,-0.31471074483970024,0.21838746436056303
81098,-0.2876820724517809,0.18604240489179047
81099,-0.2876820724517809,0.20459732538713477
81100,-0.2613647641344075,0.17731758182421425
81101,-0.18632957819149348,0.26307822721127233
81102,-0.18632957819149348,0.20481681520838724
81103,-0.2613647641344075,0.20020052374531203
81104,-0.2231435513142097,0.22769750134103034
81105,-0.3011050927839216,0.21598098240212793
81106,-0.2231435513142097,0.21530327043845657
81107,-0.2231435513142097,0.1982948927509097
81108,-0.23572233352106983,0.23411524736493855
81109,-0.23572233352106983,0.18262243175781578
81110,-0.23572233352106983,0.26958772830810707
91003,0.16551443847757333,0.26407265623921966
