SA2_code,y.ovarian.female,sd.ovarian.female
11001,-0.040821994520255166,0.1222820679925614
11002,-0.040821994520255166,0.055347266833709205
11003,-0.05129329438755058,0.14408419150558022
11004,-0.030459207484708574,0.05480624929634539
11005,0.009950330853168092,0.144244532198802
11006,-0.040821994520255166,0.06479576059250386
11007,-0.020202707317519466,0.0726634387968207
11008,-0.01005033585350145,0.08957386445462999
11009,-0.01005033585350145,0.08957386445462999
11010,-0.020202707317519466,0.08603199614071055
11011,-0.01005033585350145,0.05375536513154408
11012,0,0.08875168730787653
11013,-0.01005033585350145,0.08523167584855416
11014,0.01980262729617973,0.1467765675774393
11015,-0.01005033585350145,0.06748365743762784
11016,-0.01005033585350145,0.08957386445462999
11017,0.02955880224154443,0.1226879260058754
11018,0.009950330853168092,0.10877205125563351
11019,-0.05129329438755058,0.12342533367153076
11020,-0.01005033585350145,0.08085221478151769
11021,0.02955880224154443,0.11483847761838589
11022,-0.01005033585350145,0.08085221478151769
11023,-0.030459207484708574,0.12529111586819083
11024,0,0.08010395347431873
11025,-0.040821994520255166,0.10957923553249652
11026,0.02955880224154443,0.1265678236513955
11027,-0.030459207484708574,0.09998655406238872
11028,-0.07257069283483537,0.10833297714795613
11029,-0.05129329438755058,0.09747716161362714
11030,-0.030459207484708574,0.05950862434987806
11031,-0.01005033585350145,0.07643483583094902
11032,-0.020202707317519466,0.08161461719014189
11033,-0.030459207484708574,0.09564436545631289
11034,-0.05129329438755058,0.09302120244589519
11035,-0.01005033585350145,0.08957386445462999
11036,-0.030459207484708574,0.0823915662709758
11037,-0.05129329438755058,0.1106161902373081
11038,-0.06187540371808753,0.12032077083751302
11039,-0.040821994520255166,0.09655204063190224
11040,-0.01005033585350145,0.09387940968211196
11041,0.01980262729617973,0.0955160929021155
11042,-0.05129329438755058,0.0839908059666091
11043,-0.01005033585350145,0.09387940968211196
11044,0.0769610411361284,0.11005539429933248
11045,0.02955880224154443,0.08217426396280882
11046,-0.020202707317519466,0.1033287061793235
11047,-0.01005033585350145,0.07643483583094902
11048,0.09531017980432493,0.10825230609369173
11049,0.009950330853168092,0.07064779299240058
11050,0,0.08875168730787653
11051,-0.020202707317519466,0.08161461719014189
11052,0.01980262729617973,0.15051434313461934
11053,0.0769610411361284,0.12874627857473056
11054,0.03922071315328133,0.12931066367833607
11055,0,0.093021202445895207
11056,0.058268908123975824,0.10019046441306373
11057,0.04879016416943205,0.10502655826742281
11058,-0.11653381625595151,0.11727678651171163
11059,-0.08338160893905101,0.12264559068812027
11060,-0.06187540371808753,0.06608880213872571
11061,-0.040821994520255166,0.07864830603431554
11062,-0.040821994520255166,0.06945519098192862
11063,-0.05129329438755058,0.14001879882742876
11064,-0.06187540371808753,0.07083492084398772
11065,-0.05129329438755058,0.06543588547126479
11066,-0.05129329438755058,0.0839908059666091
11067,-0.09431067947124129,0.1149688478967578
11068,-0.05129329438755058,0.07941495393458849
11069,-0.040821994520255166,0.06945519098192862
11070,-0.06187540371808753,0.14131978741583318
11071,-0.030459207484708574,0.08684752543870776
11072,-0.030459207484708574,0.13748781018122883
11073,-0.05129329438755058,0.07941495393458849
11074,-0.05129329438755058,0.06543588547126479
11076,-0.040821994520255166,0.09655204063190224
11077,-0.030459207484708574,0.11699493174993558
11078,-0.020202707317519466,0.12005820761962498
11079,-0.06187540371808753,0.06608880213872571
11080,0.058268908123975824,0.13459928114547826
11081,-0.030459207484708574,0.06878531775966909
11082,-0.020202707317519466,0.09041145720774703
11083,-0.07257069283483537,0.08099407605912642
11084,-0.09431067947124129,0.11047362867116857
11085,-0.06187540371808753,0.10729357593691875
11086,-0.06187540371808753,0.07553729589752038
11087,-0.05129329438755058,0.08852598322030597
11088,-0.06187540371808753,0.10729357593691875
11089,-0.06187540371808753,0.0939250185930289
11090,-0.05129329438755058,0.1018945405641958
11091,-0.07257069283483537,0.09938179875463495
11092,-0.030459207484708574,0.07336116979168972
11093,-0.020202707317519466,0.08161461719014189
11094,-0.040821994520255166,0.07407245400229491
11095,-0.040821994520255166,0.07407245400229491
11096,-0.040821994520255166,0.07407245400229491
11097,-0.08338160893905101,0.1269877792941961
11098,-0.030459207484708574,0.0641680547393028
11099,-0.05129329438755058,0.06543588547126479
11100,-0.05129329438755058,0.11492173546479009
11101,-0.06187540371808753,0.10287619698635009
11102,-0.07257069283483537,0.1127503560985248
11103,-0.05129329438755058,0.07013826052479745
11104,0,0.093021202445895207
11105,-0.030459207484708574,0.07336116979168972
11106,-0.06187540371808753,0.0939250185930289
11107,-0.05129329438755058,0.07941495393458849
11108,-0.05129329438755058,0.09747716161362714
11109,-0.030459207484708574,0.05480624929634539
11110,-0.020202707317519466,0.0726634387968207
11111,-0.05129329438755058,0.0839908059666091
11112,-0.05129329438755058,0.10627400163123228
11113,-0.040821994520255166,0.06479576059250386
11114,-0.040821994520255166,0.07864830603431554
11115,-0.040821994520255166,0.07864830603431554
11116,-0.030459207484708574,0.08684752543870776
11117,-0.05129329438755058,0.07479769091422221
11118,-0.040821994520255166,0.08318348328801238
11119,0.01980262729617973,0.11981611789663317
11120,0.009950330853168092,0.11687069878435297
11121,0.0769610411361284,0.12506247858825756
11122,-0.040821994520255166,0.08767870251360162
11123,-0.020202707317519466,0.08161461719014189
11124,-0.030459207484708574,0.11279569749661136
11125,-0.020202707317519466,0.0726634387968207
11126,-0.020202707317519466,0.1159269779091049
11127,-0.030459207484708574,0.09126490438927642
11128,-0.040821994520255166,0.14677656757743926
11129,-0.040821994520255166,0.055347266833709205
11130,0.01980262729617973,0.0955160929021155
11131,-0.030459207484708574,0.07789634704538657
11132,-0.020202707317519466,0.09041145720774703
11133,-0.020202707317519466,0.1033287061793235
11134,-0.030459207484708574,0.08684752543870776
11135,-0.05129329438755058,0.06068976676600278
11136,-0.01005033585350145,0.08085221478151769
11137,-0.01005033585350145,0.09814892482013064
11138,0.02955880224154443,0.1304184387714888
11139,-0.01005033585350145,0.11074719654991204
11140,-0.020202707317519466,0.08603199614071055
11141,-0.01005033585350145,0.09387940968211196
11142,0.01980262729617973,0.11981611789663317
11143,-0.020202707317519466,0.1159269779091049
11144,-0.05129329438755058,0.08852598322030597
11145,-0.020202707317519466,0.09905919104130483
11146,-0.040821994520255166,0.08767870251360162
11147,-0.05129329438755058,0.07941495393458849
11148,-0.040821994520255166,0.1009315016989387
11149,-0.020202707317519466,0.09475364581382285
11150,-0.06187540371808753,0.09842023781861813
11151,-0.030459207484708574,0.0823915662709758
11152,0.009950330853168092,0.1287826191909811
11153,-0.030459207484708574,0.09126490438927642
11154,-0.020202707317519466,0.12822164708209496
11155,-0.06187540371808753,0.1371885577053131
11156,-0.08338160893905101,0.07706135582289075
11157,-0.08338160893905101,0.10939279150278318
11158,-0.05129329438755058,0.127624567924855
11159,-0.07257069283483537,0.09484662150093809
11160,-0.11653381625595151,0.1482077160098926
11162,-0.040821994520255166,0.09213466168133358
11163,-0.07257069283483537,0.10387701798022418
11164,-0.05129329438755058,0.1018945405641958
11165,-0.05129329438755058,0.0839908059666091
11166,-0.05129329438755058,0.1018945405641958
11167,-0.030459207484708574,0.07789634704538657
11168,-0.05129329438755058,0.10627400163123228
11169,-0.030459207484708574,0.1042920992898707
11170,-0.030459207484708574,0.07336116979168972
11171,-0.01005033585350145,0.1230418657229021
11172,0.009950330853168092,0.08367498789299484
11173,0.009950330853168092,0.09637782035305974
11174,0.009950330853168092,0.08794450303101352
11175,0.009950330853168092,0.0662304140418319
11176,0.04879016416943205,0.10502655826742281
11177,-0.020202707317519466,0.08603199614071055
11178,-0.01005033585350145,0.08523167584855416
11179,-0.030459207484708574,0.0641680547393028
11180,-0.020202707317519466,0.11176202350136971
11181,-0.01005033585350145,0.06294848018393098
11182,-0.01005033585350145,0.1428966699319192
11183,-0.020202707317519466,0.058935146490736945
11184,-0.030459207484708574,0.09564436545631289
11185,-0.01005033585350145,0.06294848018393098
11186,0.009950330853168092,0.11283744393378498
11187,-0.040821994520255166,0.06479576059250386
11188,-0.030459207484708574,0.07789634704538657
11189,-0.05129329438755058,0.06543588547126479
11190,-0.05129329438755058,0.07941495393458849
11191,-0.05129329438755058,0.1106161902373081
11192,-0.040821994520255166,0.06009338553897121
11193,-0.030459207484708574,0.0823915662709758
11194,-0.020202707317519466,0.058935146490736945
11195,0.01980262729617973,0.1542249346290477
11196,-0.020202707317519466,0.0726634387968207
11197,0.03922071315328133,0.1552903016514263
11198,-0.040821994520255166,0.06945519098192862
11199,-0.12783337150988489,0.1453250613875253
11200,-0.06187540371808753,0.08481398930731142
11201,-0.040821994520255166,0.08767870251360162
11202,-0.06187540371808753,0.10287619698635009
11203,-0.10536051565782628,0.10238300788885267
11204,-0.040821994520255166,0.10957923553249652
11205,-0.06187540371808753,0.06129811828676702
11206,-0.06187540371808753,0.08938984133933205
11207,-0.06187540371808753,0.1575181028824558
11208,-0.06187540371808753,0.08481398930731142
11209,-0.040821994520255166,0.07407245400229491
11210,-0.07257069283483537,0.090270769468917475
11211,-0.08338160893905101,0.12264559068812027
11212,-0.040821994520255166,0.14677656757743926
11213,-0.09431067947124129,0.10593845141747173
11214,-0.08338160893905101,0.09578654299147647
11215,-0.01005033585350145,0.08523167584855416
11216,0.0769610411361284,0.15381397682863096
11217,-0.05129329438755058,0.0839908059666091
11218,-0.01005033585350145,0.07643483583094902
11219,-0.040821994520255166,0.09213466168133358
11220,-0.020202707317519466,0.12005820761962498
11221,-0.030459207484708574,0.07789634704538657
11222,-0.06187540371808753,0.08481398930731142
11223,-0.06187540371808753,0.08019672628694513
11224,-0.06187540371808753,0.08481398930731142
11225,-0.030459207484708574,0.0823915662709758
11226,-0.040821994520255166,0.07407245400229491
11227,-0.020202707317519466,0.09475364581382285
11228,-0.06187540371808753,0.0939250185930289
11229,-0.06187540371808753,0.10729357593691875
11230,-0.040821994520255166,0.10957923553249652
11231,-0.030459207484708574,0.0823915662709758
11232,-0.08338160893905101,0.12264559068812027
11233,-0.030459207484708574,0.0823915662709758
11234,-0.05129329438755058,0.09302120244589519
11235,-0.040821994520255166,0.1009315016989387
11236,0.04879016416943205,0.12060651942052572
11237,0.0769610411361284,0.08668318203846807
11238,0.08617769624105241,0.09768063283531997
11239,0.08617769624105241,0.1015312479554133
11240,0.12221763272424911,0.10931357341681826
11241,0.009950330853168092,0.09217858609973552
11242,0.09531017980432493,0.11570067314530015
11243,0.10436001532424286,0.09225455454562226
11244,0.10436001532424286,0.14677656757743918
11245,0.01980262729617973,0.07000057220075763
11246,0.02955880224154443,0.11483847761838589
11247,0,0.06685115428898164
11248,0.03922071315328133,0.12163827726785624
11249,0.04879016416943205,0.07236234461184575
11250,0.04879016416943205,0.0970544572964632
11251,0.20701416938432612,0.15907123675042928
11252,0.058268908123975824,0.06329216768876468
11253,0.09531017980432493,0.09302120244589522
11254,0.058268908123975824,0.08411971591338466
11255,0.058268908123975824,0.09221836344210414
11256,0.08617769624105241,0.1385187489952875
11257,-0.01005033585350145,0.06294848018393098
11258,0,0.11384875067051518
11259,-0.030459207484708574,0.06878531775966909
11260,-0.01005033585350145,0.07197887666321708
11261,-0.040821994520255166,0.13874169157328664
11262,-0.020202707317519466,0.0726634387968207
11263,-0.05129329438755058,0.07941495393458849
11264,-0.030459207484708574,0.07789634704538657
11265,-0.05129329438755058,0.09302120244589519
11266,-0.05129329438755058,0.07479769091422221
11267,-0.05129329438755058,0.09747716161362714
11268,-0.05129329438755058,0.1106161902373081
11269,-0.05129329438755058,0.1018945405641958
11270,-0.05129329438755058,0.09747716161362714
11271,-0.030459207484708574,0.05950862434987806
11272,-0.020202707317519466,0.08161461719014189
11273,-0.01005033585350145,0.10238300788885263
11274,0,0.10561947417567659
11275,-0.020202707317519466,0.0726634387968207
11276,-0.030459207484708574,0.1042920992898707
11277,0.02955880224154443,0.0987677291187068
11278,0.03922071315328133,0.10593845141747169
11279,-0.01005033585350145,0.10238300788885263
11280,-0.020202707317519466,0.1033287061793235
11281,-0.01005033585350145,0.08085221478151769
11282,0.058268908123975824,0.14194047372308013
11283,0.009950330853168092,0.08794450303101352
11284,-0.07257069283483537,0.08565350644855117
11285,-0.07257069283483537,0.07629170100559375
11286,-0.08338160893905101,0.08180747452815275
11287,-0.07257069283483537,0.09484662150093809
11288,-0.05129329438755058,0.06543588547126479
11289,-0.06187540371808753,0.06608880213872571
11290,0,0.07572449240728225
11291,-0.01005033585350145,0.07643483583094902
11292,-0.01005033585350145,0.07643483583094902
11293,0,0.07572449240728225
11294,-0.01005033585350145,0.08085221478151769
11295,-0.030459207484708574,0.07336116979168972
11296,0.01980262729617973,0.07864830603431543
11297,-0.020202707317519466,0.058935146490736945
11298,-0.01005033585350145,0.08957386445462999
11299,-0.040821994520255166,0.07407245400229491
11300,-0.040821994520255166,0.06479576059250386
11301,-0.020202707317519466,0.08161461719014189
11302,-0.030459207484708574,0.07336116979168972
11303,-0.020202707317519466,0.07715865802240994
11304,-0.030459207484708574,0.07789634704538657
11305,-0.020202707317519466,0.08161461719014189
11306,-0.030459207484708574,0.07789634704538657
11307,-0.020202707317519466,0.07715865802240994
11308,-0.020202707317519466,0.06812826154312385
11309,-0.020202707317519466,0.08161461719014189
11310,-0.01005033585350145,0.08085221478151769
11311,-0.030459207484708574,0.07789634704538657
11312,-0.05129329438755058,0.06068976676600278
11313,-0.040821994520255166,0.08767870251360162
11314,-0.040821994520255166,0.07407245400229491
11315,-0.05129329438755058,0.07941495393458849
11316,-0.06187540371808753,0.08481398930731142
11317,-0.040821994520255166,0.07864830603431554
11318,-0.05129329438755058,0.06068976676600278
11319,-0.040821994520255166,0.07407245400229491
11320,-0.01005033585350145,0.11074719654991204
11321,0,0.093021202445895207
11322,0.03922071315328133,0.07301063451054758
11323,0,0.08444614208039455
11325,0.02955880224154443,0.08637349821613304
11326,0.04879016416943205,0.07236234461184575
11327,0.06765864847381486,0.08339442473957744
11328,0.058268908123975824,0.07589043941854608
11329,0.09531017980432493,0.10448694522755778
11330,0.04879016416943205,0.08485776298342522
11331,0.131028262406404,0.09747716161362716
11332,0.08617769624105241,0.07797918583135077
11333,0.09531017980432493,0.09687181756598853
11334,0.131028262406404,0.09747716161362716
11335,0.09531017980432493,0.07732137659551065
11336,0.11332868530700327,0.10650755809291325
11337,0.10436001532424286,0.09225455454562226
11338,0.058268908123975824,0.08411971591338466
11339,0.03922071315328133,0.09383818273516757
11340,0.058268908123975824,0.10019046441306373
11341,0.03922071315328133,0.08974013595084906
11343,0.09531017980432493,0.08129185641288562
11344,0.12221763272424911,0.13072387907958977
11345,0.08617769624105241,0.07394593098078278
11346,0.0769610411361284,0.11384875067051518
11347,0.08617769624105241,0.1053530192457998
11348,0.02955880224154443,0.08637349821613304
11349,0.03922071315328133,0.07724471757926958
11350,-0.030459207484708574,0.1042920992898707
11351,0.009950330853168092,0.08367498789299484
11352,0.009950330853168092,0.08794450303101352
11353,-0.020202707317519466,0.0726634387968207
11354,-0.05129329438755058,0.06543588547126479
11355,0,0.07572449240728225
11356,-0.040821994520255166,0.07407245400229491
11357,0.009950330853168092,0.07502725405943704
11358,-0.030459207484708574,0.0823915662709758
11359,-0.06187540371808753,0.08019672628694513
11360,-0.05129329438755058,0.08852598322030597
11361,-0.030459207484708574,0.06878531775966909
11362,0.02955880224154443,0.06936512052858618
11363,0.03922071315328133,0.08560890624032898
11364,0.04879016416943205,0.059553201177623104
11365,0.058268908123975824,0.09221836344210414
11366,-0.01005033585350145,0.07643483583094902
11367,0.01980262729617973,0.07434276080683347
11368,0.06765864847381486,0.07523098527710746
11369,0.04879016416943205,0.08485776298342522
11370,0.02955880224154443,0.07367066575606815
11371,0.03922071315328133,0.10193683026388704
11372,0.06765864847381486,0.09933959999677357
11373,0.009950330853168092,0.08367498789299484
11374,0.04879016416943205,0.08072653327290515
11375,0.02955880224154443,0.06936512052858618
11376,0.04879016416943205,0.08072653327290515
11377,0.04879016416943205,0.07656157886516997
11378,0.04879016416943205,0.08895580976774374
11379,0.058268908123975824,0.08411971591338466
11380,0.03922071315328133,0.0814439518325938
11381,0.03922071315328133,0.09383818273516757
11382,0.06765864847381486,0.09933959999677357
11383,0.058268908123975824,0.08818510859153614
11384,0.04879016416943205,0.093021202445895207
11385,0.09531017980432493,0.13027892439226754
11386,0.08617769624105241,0.08595128680231037
11387,0.1906203596086497,0.15202023225001082
11388,0.10436001532424286,0.08452404178000886
11389,0.12221763272424911,0.1129449345233815
11390,0.0769610411361284,0.07864830603431543
11391,0.06765864847381486,0.07932903206142597
11392,0.08617769624105241,0.0819808069849354
11393,0.058268908123975824,0.07589043941854608
11394,0.0769610411361284,0.07458291335616396
11395,0.10436001532424286,0.08840393942552893
11396,0.009950330853168092,0.08794450303101352
11397,0.02955880224154443,0.06936512052858618
11398,0.10436001532424286,0.08840393942552893
11399,0.08617769624105241,0.0898911062379789
11400,0.10436001532424286,0.09607632583600877
11401,0.10436001532424286,0.09225455454562226
11402,0.14842000511827322,0.09957637717949165
11403,-0.01005033585350145,0.07643483583094902
11404,0.009950330853168092,0.12087231993793761
11405,0.009950330853168092,0.08794450303101352
11406,-0.01005033585350145,0.07643483583094902
11407,0.03922071315328133,0.07724471757926958
11408,0.0769610411361284,0.07048486657184545
11409,-0.01005033585350145,0.08523167584855416
11410,0,0.07572449240728225
11411,0,0.062355935063392404
11412,-0.030459207484708574,0.07789634704538657
11413,0.08617769624105241,0.0938007351897999
11414,0.058268908123975824,0.09621998459568877
11415,0.1823215567939546,0.1305782521108167
11416,0.03922071315328133,0.10990893123484664
11417,0.04879016416943205,0.12442829071091224
11418,0.06765864847381486,0.10324922894859456
11419,0.03922071315328133,0.10193683026388704
11420,-0.10536051565782628,0.1716695084802107
11421,-0.040821994520255166,0.11808283373923718
11422,-0.10536051565782628,0.14677656757743923
11423,-0.11653381625595151,0.12630718299099772
11424,0.06765864847381486,0.09142930074373008
11425,0.04879016416943205,0.08895580976774374
11426,0.03922071315328133,0.09790357541331904
11427,0.04879016416943205,0.08072653327290515
11428,0.04879016416943205,0.07236234461184575
11429,0.058268908123975824,0.09621998459568877
11430,0.04879016416943205,0.08072653327290515
11431,0.03922071315328133,0.11384875067051517
11432,0.009950330853168092,0.07936944266551288
11433,-0.10536051565782628,0.07864830603431548
11434,-0.13926206733350766,0.09594501607292842
11435,-0.10536051565782628,0.0688363866833524
11436,-0.11653381625595151,0.08434896960478752
11437,-0.10536051565782628,0.07864830603431548
11438,-0.09431067947124129,0.08263741221686538
11440,-0.09431067947124129,0.06812826154312379
11441,-0.10536051565782628,0.08348439988867455
11442,-0.08338160893905101,0.09578654299147647
11443,-0.09431067947124129,0.08738353092212739
11444,-0.13926206733350766,0.09106264310550458
11445,-0.08338160893905101,0.08650984958168542
11446,-0.08338160893905101,0.06255220514914916
11447,-0.09431067947124129,0.07301063451054762
11448,-0.08338160893905101,0.06743457811657298
11449,-0.020202707317519466,0.08161461719014189
11450,-0.030459207484708574,0.09126490438927642
11451,-0.030459207484708574,0.06878531775966909
11452,-0.030459207484708574,0.09126490438927642
11453,0,0.093021202445895207
11454,-0.030459207484708574,0.07336116979168972
11455,-0.020202707317519466,0.09041145720774703
11456,-0.040821994520255166,0.0505565829817505
11457,-0.06187540371808753,0.08938984133933205
11458,-0.040821994520255166,0.06479576059250386
11459,-0.040821994520255166,0.06945519098192862
11460,-0.040821994520255166,0.09655204063190224
11461,-0.030459207484708574,0.08684752543870776
11462,-0.07257069283483537,0.08099407605912642
11463,-0.07257069283483537,0.06191880459401399
11464,-0.05129329438755058,0.0839908059666091
11465,-0.06187540371808753,0.08938984133933205
11466,-0.05129329438755058,0.09302120244589519
11467,-0.05129329438755058,0.07941495393458849
11468,-0.030459207484708574,0.06878531775966909
11469,-0.07257069283483537,0.07629170100559375
11470,-0.09431067947124129,0.09208590597566005
11471,-0.07257069283483537,0.05703643162659016
11472,0,0.07572449240728225
11473,0.02955880224154443,0.07794018089408683
11474,0,0.07130711345671359
11475,0.009950330853168092,0.09217858609973552
11476,0.01980262729617973,0.07000057220075763
11477,0.058268908123975824,0.08002166912906615
11478,0.04879016416943205,0.093021202445895207
11479,-0.020202707317519466,0.0726634387968207
11480,-0.040821994520255166,0.06945519098192862
11481,-0.01005033585350145,0.08085221478151769
11482,-0.06187540371808753,0.06608880213872571
11483,-0.040821994520255166,0.07407245400229491
11484,-0.030459207484708574,0.07336116979168972
11485,-0.020202707317519466,0.0726634387968207
11486,-0.05129329438755058,0.07941495393458849
11487,-0.040821994520255166,0.09213466168133358
11488,0,0.07130711345671359
11489,0.02955880224154443,0.07367066575606815
11490,-0.01005033585350145,0.08085221478151769
11491,0.009950330853168092,0.07502725405943704
11492,0.01980262729617973,0.07000057220075763
11493,0.009950330853168092,0.08367498789299484
11494,-0.01005033585350145,0.08085221478151769
11495,0.009950330853168092,0.07936944266551288
11496,0.009950330853168092,0.0662304140418319
11497,0.03922071315328133,0.07301063451054758
11498,0.03922071315328133,0.10990893123484664
11499,-0.01005033585350145,0.11897647304475062
11500,0.01980262729617973,0.07000057220075763
11501,0.03922071315328133,0.0814439518325938
11502,0.0769610411361284,0.08668318203846807
11503,0.06765864847381486,0.09933959999677357
11504,-0.10536051565782628,0.08348439988867455
11505,-0.09431067947124129,0.06319871515958456
11506,-0.09431067947124129,0.06319871515958456
11507,-0.11653381625595151,0.07453705025382446
11508,-0.09431067947124129,0.08738353092212739
11509,-0.10536051565782628,0.07376593306689164
11510,-0.10536051565782628,0.0688363866833524
11511,-0.09431067947124129,0.07301063451054762
11512,-0.09431067947124129,0.07784672836490669
11513,-0.06187540371808753,0.07083492084398772
11514,-0.10536051565782628,0.08827508374063324
11515,-0.05129329438755058,0.07479769091422221
11516,-0.07257069283483537,0.08099407605912642
11517,-0.09431067947124129,0.07784672836490669
11518,-0.08338160893905101,0.07227067197093207
11519,-0.07257069283483537,0.07154558230033174
11520,-0.08338160893905101,0.07706135582289075
11521,-0.07257069283483537,0.07629170100559375
11522,-0.09431067947124129,0.07784672836490669
11523,-0.08338160893905101,0.06743457811657298
11524,-0.08338160893905101,0.06743457811657298
11525,-0.09431067947124129,0.06812826154312379
11526,-0.09431067947124129,0.07301063451054762
11527,-0.01005033585350145,0.10238300788885263
11528,0.03922071315328133,0.11775837962233617
11529,0.009950330853168092,0.08794450303101352
11530,0.01980262729617973,0.1037453693969541
11531,-0.020202707317519466,0.08161461719014189
11532,-0.020202707317519466,0.09041145720774703
11533,-0.030459207484708574,0.09564436545631289
11534,-0.09431067947124129,0.14537297912239336
11535,-0.05129329438755058,0.07941495393458849
11536,-0.06187540371808753,0.09842023781861813
11537,-0.020202707317519466,0.08603199614071055
11538,-0.040821994520255166,0.08318348328801238
21001,0.01980262729617973,0.08715190424105611
21002,0.02955880224154443,0.09053845262386821
21003,0.009950330853168092,0.08794450303101352
21004,0.009950330853168092,0.07936944266551288
21005,0.01980262729617973,0.09135113849438033
21006,0.01980262729617973,0.0955160929021155
21007,0.01980262729617973,0.08291782117233411
21008,0.02955880224154443,0.0946696823343883
21009,0.01980262729617973,0.06562111113372117
21010,0.01980262729617973,0.06562111113372117
21011,0.01980262729617973,0.07434276080683347
21012,0.01980262729617973,0.07000057220075763
21013,0.02955880224154443,0.07794018089408683
21014,0.03922071315328133,0.07724471757926958
21015,0.03922071315328133,0.07724471757926958
21016,0.009950330853168092,0.144244532198802
21017,0.01980262729617973,0.07864830603431543
21018,-0.01005033585350145,0.08523167584855416
21019,-0.01005033585350145,0.09814892482013064
21020,-0.040821994520255166,0.08767870251360162
21021,-0.01005033585350145,0.08523167584855416
21022,0,0.093021202445895207
21023,0,0.08875168730787653
21024,0,0.093021202445895207
21025,-0.020202707317519466,0.09905919104130483
21026,0,0.07130711345671359
21027,-0.01005033585350145,0.13898704098009823
21028,0.01980262729617973,0.0612037321831525
21029,0.009950330853168092,0.07064779299240058
21030,0,0.07572449240728225
21031,0,0.07572449240728225
21032,-0.01005033585350145,0.06748365743762784
21033,0.01980262729617973,0.06562111113372117
21034,0.03922071315328133,0.08560890624032898
21035,0.02955880224154443,0.06936512052858618
21036,0.058268908123975824,0.07589043941854608
21037,0.08617769624105241,0.1015312479554133
21038,0.03922071315328133,0.08974013595084906
21039,0.06765864847381486,0.08339442473957744
21040,0.058268908123975824,0.08411971591338466
21041,0.0769610411361284,0.08268156088488343
21042,0.04879016416943205,0.08072653327290515
21043,0.04879016416943205,0.08072653327290515
21044,0.058268908123975824,0.11191981044607333
21045,0.09531017980432493,0.09687181756598853
21046,0.06765864847381486,0.09933959999677357
21047,0.03922071315328133,0.09383818273516757
21048,0.03922071315328133,0.10593845141747169
21049,0.04879016416943205,0.093021202445895207
21050,0.058268908123975824,0.08818510859153614
21051,0.03922071315328133,0.1331040200495188
21052,0.02955880224154443,0.11483847761838589
21053,0.06765864847381486,0.09539978056110504
21054,0,0.06685115428898164
21055,0,0.062355935063392404
21056,0.01980262729617973,0.08715190424105611
21057,0,0.06685115428898164
21058,0.009950330853168092,0.07936944266551288
21059,0.04879016416943205,0.12060651942052572
21060,0.009950330853168092,0.0662304140418319
21061,0.009950330853168092,0.08367498789299484
21062,0.009950330853168092,0.07502725405943704
21063,0.009950330853168092,0.13657214578832216
21064,-0.01005033585350145,0.07197887666321708
21065,-0.01005033585350145,0.08085221478151769
21066,0.02955880224154443,0.1304184387714888
21067,0,0.06685115428898164
21068,0.009950330853168092,0.09217858609973552
21069,-0.01005033585350145,0.07643483583094902
21070,0.009950330853168092,0.07502725405943704
21071,-0.01005033585350145,0.09387940968211196
21072,0,0.07130711345671359
21073,0.009950330853168092,0.09217858609973552
21074,0.009950330853168092,0.08367498789299484
21075,0,0.08010395347431873
21076,0.02955880224154443,0.07367066575606815
21077,0.009950330853168092,0.06177445487409995
21078,0.01980262729617973,0.08291782117233411
21079,0.009950330853168092,0.07936944266551288
21081,0.04879016416943205,0.11675590430043241
21082,0.02955880224154443,0.07367066575606815
21084,0.02955880224154443,0.0946696823343883
21085,0.01980262729617973,0.08291782117233411
21086,0.04879016416943205,0.10502655826742281
21087,0.01980262729617973,0.09135113849438033
21088,0.10436001532424286,0.17363561527408308
21089,0.03922071315328133,0.0814439518325938
21090,0.02955880224154443,0.07794018089408683
21091,0.009950330853168092,0.144244532198802
21092,0.01980262729617973,0.1615661272066496
21093,0.009950330853168092,0.08367498789299484
21094,0.01980262729617973,0.07864830603431543
21095,0.03922071315328133,0.08560890624032898
21096,0.03922071315328133,0.09383818273516757
21097,0.01980262729617973,0.09135113849438033
21098,0.02955880224154443,0.08217426396280882
21099,0.009950330853168092,0.07502725405943704
21100,0.02955880224154443,0.08217426396280882
21101,0.03922071315328133,0.07301063451054758
21102,0.03922071315328133,0.0814439518325938
21103,0.01980262729617973,0.0955160929021155
21104,0.02955880224154443,0.0987677291187068
21105,0,0.08010395347431873
21106,0.02955880224154443,0.07794018089408683
21107,0,0.07130711345671359
21108,0.009950330853168092,0.06177445487409995
21109,0,0.08444614208039455
21110,0.04879016416943205,0.08895580976774374
21111,0.02955880224154443,0.07367066575606815
21112,0.01980262729617973,0.07434276080683347
21113,0.009950330853168092,0.07064779299240058
21114,-0.020202707317519466,0.07715865802240994
21115,0,0.08010395347431873
21116,0,0.08875168730787653
21117,0.02955880224154443,0.07367066575606815
21118,0,0.08875168730787653
21119,0.03922071315328133,0.06874111937252891
21120,0.009950330853168092,0.09217858609973552
21121,0.009950330853168092,0.09217858609973552
21122,0.009950330853168092,0.08367498789299484
21123,0.009950330853168092,0.07502725405943704
21124,0.01980262729617973,0.07434276080683347
21125,0.03922071315328133,0.0814439518325938
21126,0.01980262729617973,0.07000057220075763
21128,0.02955880224154443,0.08217426396280882
21129,0.08617769624105241,0.0898911062379789
21130,-0.01005033585350145,0.10658224214217685
21131,0.009950330853168092,0.07936944266551288
21132,0,0.093021202445895207
21133,0.058268908123975824,0.08411971591338466
21134,0.09531017980432493,0.08523167584855415
21135,0.11332868530700327,0.08767870251360163
21136,0.08617769624105241,0.07394593098078278
21137,0.03922071315328133,0.07301063451054758
21138,0.0769610411361284,0.07864830603431543
21139,0.058268908123975824,0.07589043941854608
21140,0.009950330853168092,0.07502725405943704
21141,0.03922071315328133,0.07724471757926958
21142,0.03922071315328133,0.0814439518325938
21143,0.02955880224154443,0.07367066575606815
21144,0.04879016416943205,0.07236234461184575
21145,0.04879016416943205,0.06385874640510507
21146,0.04879016416943205,0.093021202445895207
21147,0.0769610411361284,0.07864830603431543
21148,0.04879016416943205,0.06385874640510507
21149,0.058268908123975824,0.08002166912906615
21150,0.06765864847381486,0.07109975556658737
21151,0.06765864847381486,0.07523098527710746
21152,0.06765864847381486,0.07932903206142597
21153,0.06765864847381486,0.06273556690552798
21154,0.058268908123975824,0.07589043941854608
21155,0.08617769624105241,0.07797918583135077
21156,0.03922071315328133,0.07301063451054758
21157,0.058268908123975824,0.07589043941854608
21158,0.009950330853168092,0.07064779299240058
21159,0,0.07572449240728225
21160,0.01980262729617973,0.07864830603431543
21161,0.02955880224154443,0.06502293192251035
21162,0.009950330853168092,0.07936944266551288
21163,0.058268908123975824,0.08411971591338466
21164,0.04879016416943205,0.07236234461184575
21165,0.058268908123975824,0.06329216768876468
21166,0.02955880224154443,0.06936512052858618
21167,0.0769610411361284,0.07864830603431543
21168,0.02955880224154443,0.0946696823343883
21169,0.06765864847381486,0.08339442473957744
21170,0.03922071315328133,0.07301063451054758
21171,0.01980262729617973,0.08291782117233411
21172,0.02955880224154443,0.07367066575606815
21173,0.02955880224154443,0.0987677291187068
21174,0.03922071315328133,0.07724471757926958
21175,0.058268908123975824,0.06752625075748667
21176,0.08617769624105241,0.0819808069849354
21177,0.09531017980432493,0.06928650059135802
21178,0.06765864847381486,0.08742767959014544
21179,0.0769610411361284,0.08268156088488343
21180,0.0769610411361284,0.09065366185584305
21181,0.09531017980432493,0.09687181756598853
21182,0.058268908123975824,0.08002166912906615
21183,0.06765864847381486,0.09142930074373008
21184,0.06765864847381486,0.08742767959014544
21185,0.10436001532424286,0.08061441282818786
21186,0.08617769624105241,0.1053530192457998
21187,0.0769610411361284,0.09065366185584305
21188,0.058268908123975824,0.08818510859153614
21189,0.06765864847381486,0.09142930074373008
21190,0.0769610411361284,0.10238300788885263
21191,0.03922071315328133,0.06874111937252891
21193,0.0769610411361284,0.10238300788885263
21194,0.09531017980432493,0.07331975544192601
21195,0.06765864847381486,0.07109975556658737
21196,0,0.08010395347431873
21197,-0.020202707317519466,0.07715865802240994
21198,0.02955880224154443,0.08217426396280882
21199,0,0.06685115428898164
21200,0.01980262729617973,0.06562111113372117
21201,0.01980262729617973,0.08291782117233411
21202,-0.030459207484708574,0.07789634704538657
21203,0,0.06685115428898164
21204,-0.020202707317519466,0.07715865802240994
21205,-0.01005033585350145,0.07643483583094902
21206,-0.020202707317519466,0.06812826154312385
21207,-0.01005033585350145,0.07197887666321708
21208,-0.030459207484708574,0.06878531775966909
21209,-0.020202707317519466,0.0726634387968207
21210,-0.01005033585350145,0.08957386445462999
21211,0,0.07572449240728225
21212,-0.01005033585350145,0.06294848018393098
21213,-0.030459207484708574,0.0641680547393028
21214,-0.020202707317519466,0.08161461719014189
21215,-0.01005033585350145,0.08085221478151769
21216,-0.040821994520255166,0.07407245400229491
21217,-0.040821994520255166,0.08318348328801238
21218,-0.040821994520255166,0.06479576059250386
21219,-0.040821994520255166,0.06945519098192862
21220,-0.040821994520255166,0.07407245400229491
21221,-0.040821994520255166,0.07407245400229491
21222,-0.030459207484708574,0.07789634704538657
21223,-0.040821994520255166,0.06009338553897121
21224,0.009950330853168092,0.07064779299240058
21225,-0.030459207484708574,0.06878531775966909
21226,0,0.08010395347431873
21228,0,0.062355935063392404
21229,0.01980262729617973,0.07434276080683347
21230,0.009950330853168092,0.08367498789299484
21231,0,0.07572449240728225
21232,0,0.07130711345671359
21233,-0.01005033585350145,0.08957386445462999
21234,0,0.08444614208039455
21235,0,0.062355935063392404
21236,-0.020202707317519466,0.0726634387968207
21237,-0.030459207484708574,0.06878531775966909
21238,-0.020202707317519466,0.06355240951110323
21239,0.01980262729617973,0.07864830603431543
21240,-0.020202707317519466,0.07715865802240994
21241,-0.020202707317519466,0.06812826154312385
21242,-0.030459207484708574,0.0823915662709758
21243,-0.040821994520255166,0.06009338553897121
21244,-0.020202707317519466,0.0726634387968207
21245,-0.01005033585350145,0.07197887666321708
21246,-0.020202707317519466,0.06355240951110323
21247,-0.030459207484708574,0.08684752543870776
21248,-0.01005033585350145,0.08085221478151769
21249,-0.030459207484708574,0.06878531775966909
21250,-0.01005033585350145,0.08523167584855416
21251,0.01980262729617973,0.08291782117233411
21252,0.01980262729617973,0.07000057220075763
21253,0.009950330853168092,0.07502725405943704
21254,0.009950330853168092,0.06177445487409995
21255,0.009950330853168092,0.0662304140418319
21256,0.01980262729617973,0.08291782117233411
21257,0,0.08875168730787653
21258,0.009950330853168092,0.07064779299240058
21259,0.01980262729617973,0.07000057220075763
21260,0.009950330853168092,0.07064779299240058
21261,0.01980262729617973,0.06562111113372117
21262,0,0.062355935063392404
21263,0.02955880224154443,0.08217426396280882
21264,0.009950330853168092,0.07064779299240058
21265,0.009950330853168092,0.07936944266551288
21266,0.01980262729617973,0.06562111113372117
21267,0.01980262729617973,0.08291782117233411
21268,0.04879016416943205,0.10502655826742281
21269,0.009950330853168092,0.07502725405943704
21270,0.009950330853168092,0.08794450303101352
21271,0.009950330853168092,0.07936944266551288
21272,0.01980262729617973,0.07434276080683347
21273,0.009950330853168092,0.0662304140418319
21274,0,0.07572449240728225
21275,0.009950330853168092,0.07064779299240058
21276,0,0.06685115428898164
21277,0.02955880224154443,0.07367066575606815
21278,0.009950330853168092,0.07064779299240058
21279,0.009950330853168092,0.08367498789299484
21280,0.02955880224154443,0.08217426396280882
21281,0.009950330853168092,0.08367498789299484
21282,0,0.06685115428898164
21283,0.02955880224154443,0.08637349821613304
21284,0,0.08875168730787653
21285,0.009950330853168092,0.07936944266551288
21286,0.01980262729617973,0.07000057220075763
21287,0.01980262729617973,0.07000057220075763
21288,0.04879016416943205,0.08485776298342522
21289,0.01980262729617973,0.05674777301542054
21290,0.03922071315328133,0.06874111937252891
21291,0.02955880224154443,0.09053845262386821
21292,0.03922071315328133,0.09383818273516757
21293,-0.01005033585350145,0.08085221478151769
21294,0.01980262729617973,0.07864830603431543
21295,0.02955880224154443,0.08637349821613304
21296,0.02955880224154443,0.07367066575606815
21297,0.04879016416943205,0.07236234461184575
21298,0.02955880224154443,0.07367066575606815
21299,0.009950330853168092,0.0662304140418319
21300,0.04879016416943205,0.08072653327290515
21301,0.03922071315328133,0.07724471757926958
21302,0.04879016416943205,0.07656157886516997
21303,0.06765864847381486,0.07932903206142597
21304,0.0769610411361284,0.07048486657184545
21305,0.04879016416943205,0.07656157886516997
21306,0.04879016416943205,0.08072653327290515
21307,0.02955880224154443,0.08637349821613304
21308,0.10436001532424286,0.09225455454562226
21309,0.03922071315328133,0.07724471757926958
21310,0.058268908123975824,0.08002166912906615
21311,0.058268908123975824,0.054717107323264035
21312,0.03922071315328133,0.06443557414504694
21313,0.058268908123975824,0.07589043941854608
21314,0.0769610411361284,0.07048486657184545
21315,0.06765864847381486,0.07523098527710746
21316,0.058268908123975824,0.07589043941854608
21317,0.08617769624105241,0.07394593098078278
21318,0.058268908123975824,0.08002166912906615
21319,0.02955880224154443,0.06936512052858618
21320,0.04879016416943205,0.07236234461184575
21321,0.01980262729617973,0.06562111113372117
21322,0.02955880224154443,0.06064347085547387
21323,0.03922071315328133,0.07724471757926958
21324,0.01980262729617973,0.07864830603431543
21325,0.02955880224154443,0.06064347085547387
21326,0.03922071315328133,0.06874111937252891
21327,0.009950330853168092,0.07502725405943704
21328,0.01980262729617973,0.07864830603431543
21329,0.009950330853168092,0.09217858609973552
21330,0.02955880224154443,0.07367066575606815
21331,-0.01005033585350145,0.07643483583094902
21332,0,0.07572449240728225
21333,0,0.07572449240728225
21334,-0.01005033585350145,0.08523167584855416
21335,-0.01005033585350145,0.07643483583094902
21336,0.01980262729617973,0.08291782117233411
21337,0.02955880224154443,0.07367066575606815
21338,0.02955880224154443,0.07794018089408683
21339,-0.020202707317519466,0.08161461719014189
21340,-0.01005033585350145,0.06294848018393098
21341,0.03922071315328133,0.08560890624032898
21342,0.02955880224154443,0.0987677291187068
21343,0.02955880224154443,0.07794018089408683
21344,0.009950330853168092,0.08794450303101352
21345,0.03922071315328133,0.12931066367833607
21346,0.03922071315328133,0.10990893123484664
21347,0.03922071315328133,0.07724471757926958
21348,0.009950330853168092,0.07064779299240058
21349,0,0.07572449240728225
21350,0,0.10145451976794141
21351,0.01980262729617973,0.07434276080683347
21352,0.009950330853168092,0.07936944266551288
21353,-0.01005033585350145,0.07643483583094902
21354,0.009950330853168092,0.07502725405943704
21355,-0.01005033585350145,0.06748365743762784
21356,-0.01005033585350145,0.07197887666321708
21357,-0.020202707317519466,0.0726634387968207
21358,-0.020202707317519466,0.09475364581382285
21359,0.009950330853168092,0.07064779299240058
21360,0.01980262729617973,0.08291782117233411
21361,0.04879016416943205,0.08072653327290515
21362,0.06765864847381486,0.09539978056110504
21363,0.03922071315328133,0.07301063451054758
21364,0.058268908123975824,0.09621998459568877
21365,0.01980262729617973,0.07434276080683347
21366,0.02955880224154443,0.08637349821613304
21367,0.02955880224154443,0.08217426396280882
21368,0.06765864847381486,0.08742767959014544
21369,0.01980262729617973,0.08291782117233411
21370,0.131028262406404,0.08247007732470206
21371,0.17395330712343798,0.0972907175839139
21372,0.14842000511827322,0.09594501607292841
21373,0.16551443847757333,0.09446042506918163
21374,0.13976194237515863,0.07034173174649028
21375,0.13976194237515863,0.093021202445895207
21376,0.10436001532424286,0.08061441282818786
21377,0.058268908123975824,0.10803991280055325
21378,0.06765864847381486,0.09142930074373008
21379,0.12221763272424911,0.10931357341681826
21380,0.13976194237515863,0.10036239502349707
21381,0.1570037488096647,0.10593845141747171
21382,0.11332868530700327,0.09529383017517086
21383,0.009950330853168092,0.12087231993793761
21384,0.058268908123975824,0.10413028384873226
21385,0.131028262406404,0.07864830603431555
21386,0.04879016416943205,0.11675590430043241
21387,0.03922071315328133,0.07724471757926958
21388,0.03922071315328133,0.14431774796726116
21389,0.02955880224154443,0.08217426396280882
21390,0,0.08010395347431873
21391,0.009950330853168092,0.07936944266551288
21392,0.03922071315328133,0.07724471757926958
21393,0,0.07572449240728225
21394,0.01980262729617973,0.07434276080683347
21395,-0.030459207484708574,0.0823915662709758
21396,-0.020202707317519466,0.1033287061793235
21397,-0.020202707317519466,0.08603199614071055
21398,-0.020202707317519466,0.05427571610131218
21399,-0.040821994520255166,0.1009315016989387
21400,-0.01005033585350145,0.07643483583094902
21401,0.009950330853168092,0.07936944266551288
21402,0.06765864847381486,0.15856009553389294
21403,-0.01005033585350145,0.11487842626043211
21404,-0.020202707317519466,0.10756278924804549
21405,-0.01005033585350145,0.07197887666321708
21406,-0.020202707317519466,0.07715865802240994
21407,-0.030459207484708574,0.07789634704538657
21408,-0.01005033585350145,0.07643483583094902
21409,-0.01005033585350145,0.08085221478151769
21410,-0.01005033585350145,0.08085221478151769
21411,-0.030459207484708574,0.09564436545631289
21412,-0.020202707317519466,0.06812826154312385
21413,-0.030459207484708574,0.05950862434987806
21414,-0.020202707317519466,0.11176202350136971
21415,-0.030459207484708574,0.1042920992898707
21416,-0.020202707317519466,0.09475364581382285
21417,-0.020202707317519466,0.09041145720774703
21418,-0.020202707317519466,0.06812826154312385
21419,-0.020202707317519466,0.06355240951110323
21420,0.009950330853168092,0.07936944266551288
21421,0.06765864847381486,0.14438684854048697
21422,0.009950330853168092,0.14803788856998473
21423,0.03922071315328133,0.07301063451054758
21424,0.04879016416943205,0.12060651942052572
21425,0.1570037488096647,0.1467765675774393
21426,0.04879016416943205,0.08072653327290515
21427,0.04879016416943205,0.07656157886516997
21428,0.04879016416943205,0.093021202445895207
21429,0.02955880224154443,0.07794018089408683
21430,0.01980262729617973,0.09135113849438033
21431,0.02955880224154443,0.10686637664742628
21432,0.01980262729617973,0.1037453693969541
21433,0.009950330853168092,0.10877205125563351
31001,-0.020202707317519466,0.08603199614071055
31002,-0.01005033585350145,0.07197887666321708
31003,-0.040821994520255166,0.08767870251360162
31004,-0.030459207484708574,0.07789634704538657
31005,-0.05129329438755058,0.15211906750973286
31006,-0.01005033585350145,0.10658224214217685
31007,0,0.10561947417567659
31008,-0.020202707317519466,0.10756278924804549
31009,-0.030459207484708574,0.08684752543870776
31010,-0.040821994520255166,0.1222820679925614
31011,-0.020202707317519466,0.06812826154312385
31012,-0.030459207484708574,0.0823915662709758
31013,-0.030459207484708574,0.09564436545631289
31014,0.03922071315328133,0.13686938091565273
31015,0.009950330853168092,0.104674004471315
31016,0.02955880224154443,0.09053845262386821
31017,0.01980262729617973,0.1037453693969541
31018,0.009950330853168092,0.07936944266551288
31019,0.01980262729617973,0.10781076207510557
31020,0.02955880224154443,0.10686637664742628
31021,0.03922071315328133,0.09383818273516757
31022,0.009950330853168092,0.07502725405943704
31023,0.01980262729617973,0.08291782117233411
31024,0.009950330853168092,0.08367498789299484
31025,0.02955880224154443,0.08217426396280882
31026,0.009950330853168092,0.07502725405943704
31027,0.02955880224154443,0.07794018089408683
31028,0.02955880224154443,0.08217426396280882
31029,0.02955880224154443,0.09053845262386821
31030,0.01980262729617973,0.08291782117233411
31031,0.03922071315328133,0.07301063451054758
31032,0.009950330853168092,0.08794450303101352
31033,0.02955880224154443,0.08217426396280882
31034,0.03922071315328133,0.08974013595084906
31035,0,0.08010395347431873
31036,0.03922071315328133,0.09383818273516757
31037,0.058268908123975824,0.11959219685655317
31038,0.03922071315328133,0.08560890624032898
31039,0.009950330853168092,0.09217858609973552
31040,0.058268908123975824,0.08411971591338466
31041,0,0.093021202445895207
31042,0.009950330853168092,0.09217858609973552
31043,0.009950330853168092,0.09637782035305974
31044,0.009950330853168092,0.09217858609973552
31045,0.01980262729617973,0.08291782117233411
31046,0.009950330853168092,0.08794450303101352
31047,0,0.08444614208039455
31048,0.01980262729617973,0.09964732261263559
31049,0.009950330853168092,0.07936944266551288
31050,-0.020202707317519466,0.07715865802240994
31051,-0.01005033585350145,0.06748365743762784
31052,0.02955880224154443,0.08217426396280882
31053,-0.01005033585350145,0.08523167584855416
31054,0.02955880224154443,0.0946696823343883
31055,0,0.08444614208039455
31056,-0.01005033585350145,0.08085221478151769
31057,0,0.08875168730787653
31058,0,0.08875168730787653
31059,0.009950330853168092,0.08794450303101352
31060,-0.01005033585350145,0.06294848018393098
31061,-0.01005033585350145,0.08523167584855416
31062,-0.01005033585350145,0.07643483583094902
31063,-0.01005033585350145,0.06748365743762784
31064,-0.01005033585350145,0.06294848018393098
31065,-0.020202707317519466,0.07715865802240994
31066,0.01980262729617973,0.08291782117233411
31067,0,0.093021202445895207
31068,0.009950330853168092,0.08794450303101352
31069,-0.01005033585350145,0.09387940968211196
31070,-0.01005033585350145,0.07197887666321708
31071,0,0.08444614208039455
31072,0.009950330853168092,0.08367498789299484
31073,-0.01005033585350145,0.07197887666321708
31074,-0.01005033585350145,0.07643483583094902
31075,-0.020202707317519466,0.08161461719014189
31076,0.009950330853168092,0.0662304140418319
31077,-0.020202707317519466,0.08161461719014189
31078,-0.01005033585350145,0.08085221478151769
31079,0,0.07572449240728225
31080,-0.01005033585350145,0.08085221478151769
31081,-0.030459207484708574,0.11699493174993558
31082,-0.030459207484708574,0.10856161442788936
31083,-0.020202707317519466,0.1033287061793235
31084,-0.030459207484708574,0.09998655406238872
31085,-0.040821994520255166,0.1222820679925614
31086,-0.020202707317519466,0.1033287061793235
31087,0,0.08010395347431873
31088,0.009950330853168092,0.104674004471315
31089,0,0.11791414334866665
31090,0,0.093021202445895207
31091,-0.020202707317519466,0.08603199614071055
31092,0.02955880224154443,0.1226879260058754
31093,0,0.10561947417567659
31094,0.01980262729617973,0.1037453693969541
31095,0.009950330853168092,0.10054277476079491
31096,0,0.12991949917019427
31097,0.009950330853168092,0.11687069878435297
31098,0.01980262729617973,0.07864830603431543
31099,0.009950330853168092,0.09637782035305974
31100,0.01980262729617973,0.08715190424105611
31101,0.009950330853168092,0.09637782035305974
31103,0.03922071315328133,0.0814439518325938
31104,0.01980262729617973,0.08715190424105611
31105,0.009950330853168092,0.09217858609973552
31106,0.009950330853168092,0.104674004471315
31107,0.03922071315328133,0.12163827726785624
31108,-0.01005033585350145,0.11074719654991204
31109,0.009950330853168092,0.1287826191909811
31110,0.01980262729617973,0.1037453693969541
31111,0.01980262729617973,0.1037453693969541
31112,0.02955880224154443,0.14553670285637202
31113,0.01980262729617973,0.1237559373323017
31114,0,0.12194739819923466
31115,-0.01005033585350145,0.10238300788885263
31116,0.01980262729617973,0.11184401692567357
31117,0.01980262729617973,0.08291782117233411
31118,0,0.093021202445895207
31119,0.04879016416943205,0.0970544572964632
31120,0.009950330853168092,0.09217858609973552
31121,0.058268908123975824,0.09621998459568877
31122,0.0769610411361284,0.09850311024333255
31123,0.02955880224154443,0.07794018089408683
31124,0.08617769624105241,0.1240439035211979
31125,0.058268908123975824,0.10413028384873226
31126,0.01980262729617973,0.08715190424105611
31127,0.02955880224154443,0.08637349821613304
31128,0.01980262729617973,0.09135113849438033
31129,0.03922071315328133,0.10193683026388704
31130,0.02955880224154443,0.09053845262386821
31131,0.03922071315328133,0.08560890624032898
31132,0.01980262729617973,0.08291782117233411
31133,0.009950330853168092,0.11687069878435297
31134,0.01980262729617973,0.09964732261263559
31135,0,0.09725528551461719
31136,0.009950330853168092,0.08794450303101352
31137,0.01980262729617973,0.11184401692567357
31138,-0.05129329438755058,0.10627400163123228
31139,-0.06187540371808753,0.10287619698635009
31140,-0.040821994520255166,0.1009315016989387
31141,-0.05129329438755058,0.09302120244589519
31142,-0.020202707317519466,0.12005820761962498
31143,-0.01005033585350145,0.1230418657229021
31144,-0.09431067947124129,0.13256383568817073
31145,-0.040821994520255166,0.10957923553249652
31146,-0.06187540371808753,0.10287619698635009
31147,-0.08338160893905101,0.11384875067051513
31148,-0.07257069283483537,0.090270769468917475
31149,-0.06187540371808753,0.0939250185930289
31151,-0.07257069283483537,0.11712981716556127
31152,-0.05129329438755058,0.10627400163123228
31153,-0.08338160893905101,0.10489757227719394
31154,-0.07257069283483537,0.09484662150093809
31155,-0.07257069283483537,0.10387701798022418
31156,-0.05129329438755058,0.09747716161362714
31157,-0.08338160893905101,0.10939279150278318
31158,-0.08338160893905101,0.10939279150278318
31159,-0.07257069283483537,0.12577755099911905
31160,-0.08338160893905101,0.09578654299147647
31161,-0.07257069283483537,0.09938179875463495
31163,-0.07257069283483537,0.13004706613713773
31164,-0.030459207484708574,0.10856161442788936
31165,-0.05129329438755058,0.1018945405641958
31166,-0.06187540371808753,0.09842023781861813
31167,-0.06187540371808753,0.07553729589752038
31168,-0.040821994520255166,0.09655204063190224
31169,-0.07257069283483537,0.08099407605912642
31170,-0.05129329438755058,0.09747716161362714
31171,-0.030459207484708574,0.06878531775966909
31172,0.01980262729617973,0.07434276080683347
31173,0,0.11791414334866665
31174,-0.020202707317519466,0.06355240951110323
31175,0,0.08875168730787653
31176,0.10436001532424286,0.16038281608874602
31177,-0.01005033585350145,0.06748365743762784
31178,-0.01005033585350145,0.07197887666321708
31179,-0.030459207484708574,0.06878531775966909
31180,-0.020202707317519466,0.07715865802240994
31181,-0.020202707317519466,0.0726634387968207
31182,-0.020202707317519466,0.08161461719014189
31183,0,0.06685115428898164
31184,-0.030459207484708574,0.0823915662709758
31185,-0.030459207484708574,0.09126490438927642
31186,-0.030459207484708574,0.05950862434987806
31187,-0.040821994520255166,0.15074704739481423
31188,-0.020202707317519466,0.09041145720774703
31189,0,0.10975070388619668
31190,0,0.08010395347431873
31191,-0.030459207484708574,0.06878531775966909
31192,-0.030459207484708574,0.14939973058785697
31193,0.009950330853168092,0.09217858609973552
31194,0,0.062355935063392404
31195,-0.020202707317519466,0.14807645129111208
31196,0.009950330853168092,0.12087231993793761
31197,-0.01005033585350145,0.11074719654991204
31198,0,0.10975070388619668
31199,-0.01005033585350145,0.11897647304475062
31200,0,0.07130711345671359
31201,0,0.11791414334866665
31203,0,0.10561947417567659
31204,-0.01005033585350145,0.11897647304475062
31205,0.03922071315328133,0.10193683026388704
31206,0.01980262729617973,0.07434276080683347
31207,0,0.12991949917019427
31208,0.01980262729617973,0.09964732261263559
31209,0.009950330853168092,0.09637782035305974
31210,0.01980262729617973,0.1037453693969541
31211,0.01980262729617973,0.1037453693969541
31212,0.009950330853168092,0.104674004471315
31213,0.01980262729617973,0.08715190424105611
31214,0.02955880224154443,0.0987677291187068
31215,0.01980262729617973,0.09135113849438033
31216,0.02955880224154443,0.08637349821613304
31217,0.058268908123975824,0.09221836344210414
31218,0.01980262729617973,0.08291782117233411
31219,0,0.07572449240728225
31220,0.009950330853168092,0.07936944266551288
31221,0,0.16061772440818042
31222,0.02955880224154443,0.1226879260058754
31223,0,0.10975070388619668
31224,0.01980262729617973,0.08291782117233411
31225,0.01980262729617973,0.07434276080683347
31226,0.009950330853168092,0.08794450303101352
31227,0.01980262729617973,0.0955160929021155
31228,0.01980262729617973,0.08291782117233411
31229,0,0.09725528551461719
31230,0.09531017980432493,0.12667322682946527
31231,0.08617769624105241,0.1015312479554133
31232,0.03922071315328133,0.08974013595084906
31233,0.01980262729617973,0.0955160929021155
31234,0.03922071315328133,0.09383818273516757
31235,-0.040821994520255166,0.07864830603431554
31236,-0.05129329438755058,0.1018945405641958
31237,-0.040821994520255166,0.08767870251360162
31238,-0.040821994520255166,0.09213466168133358
31239,-0.07257069283483537,0.12577755099911905
31240,-0.05129329438755058,0.1106161902373081
31241,-0.01005033585350145,0.06748365743762784
31242,0,0.07130711345671359
31243,0.01980262729617973,0.07000057220075763
31244,0,0.07572449240728225
31245,0,0.08444614208039455
31246,-0.01005033585350145,0.07643483583094902
31247,-0.040821994520255166,0.09655204063190224
31248,-0.040821994520255166,0.06945519098192862
31249,-0.05129329438755058,0.07941495393458849
31250,-0.020202707317519466,0.07715865802240994
31251,-0.040821994520255166,0.08767870251360162
31252,-0.030459207484708574,0.07789634704538657
31253,-0.05129329438755058,0.11919125060280876
31254,-0.01005033585350145,0.08957386445462999
31255,0,0.07130711345671359
31256,-0.040821994520255166,0.07864830603431554
31257,-0.020202707317519466,0.09041145720774703
31258,-0.030459207484708574,0.0641680547393028
31259,0.01980262729617973,0.08715190424105611
31260,0.009950330853168092,0.08367498789299484
31261,0.009950330853168092,0.07502725405943704
31262,0.009950330853168092,0.09217858609973552
31263,-0.030459207484708574,0.07789634704538657
31264,-0.05129329438755058,0.0839908059666091
31265,-0.040821994520255166,0.08767870251360162
31266,-0.040821994520255166,0.07407245400229491
31267,-0.01005033585350145,0.08957386445462999
31268,-0.01005033585350145,0.08957386445462999
31269,0.0769610411361284,0.1676041158020592
31270,0.02955880224154443,0.09053845262386821
31271,-0.020202707317519466,0.09041145720774703
31272,0,0.093021202445895207
31273,-0.01005033585350145,0.08957386445462999
31274,0,0.093021202445895207
31275,-0.020202707317519466,0.07715865802240994
31276,-0.020202707317519466,0.08161461719014189
31277,-0.030459207484708574,0.05950862434987806
31278,-0.020202707317519466,0.06355240951110323
31280,-0.05129329438755058,0.06543588547126479
31281,-0.020202707317519466,0.07715865802240994
31282,-0.020202707317519466,0.06355240951110323
31283,-0.01005033585350145,0.09814892482013064
31284,-0.020202707317519466,0.08603199614071055
31285,-0.020202707317519466,0.09041145720774703
31286,-0.01005033585350145,0.08523167584855416
31287,-0.01005033585350145,0.09387940968211196
31288,-0.020202707317519466,0.07715865802240994
31289,-0.020202707317519466,0.08161461719014189
31290,-0.01005033585350145,0.08523167584855416
31291,-0.01005033585350145,0.08523167584855416
31292,-0.01005033585350145,0.08523167584855416
31293,-0.020202707317519466,0.08603199614071055
31294,-0.020202707317519466,0.0726634387968207
31295,-0.030459207484708574,0.09564436545631289
31296,-0.030459207484708574,0.09126490438927642
31297,-0.030459207484708574,0.08684752543870776
31298,-0.020202707317519466,0.10756278924804549
31299,-0.020202707317519466,0.09905919104130483
31300,-0.030459207484708574,0.08684752543870776
31302,-0.01005033585350145,0.09387940968211196
31303,-0.030459207484708574,0.10856161442788936
31304,-0.020202707317519466,0.08603199614071055
31305,-0.030459207484708574,0.0823915662709758
31306,0.01980262729617973,0.09135113849438033
31307,0,0.08010395347431873
31308,0.009950330853168092,0.09217858609973552
31309,0.009950330853168092,0.09217858609973552
31310,0,0.07572449240728225
31311,-0.020202707317519466,0.07715865802240994
31312,-0.01005033585350145,0.07197887666321708
31313,-0.020202707317519466,0.08161461719014189
31314,-0.020202707317519466,0.08161461719014189
31316,-0.01005033585350145,0.08085221478151769
31317,0,0.08875168730787653
31318,-0.01005033585350145,0.08957386445462999
31319,-0.030459207484708574,0.09126490438927642
31320,-0.020202707317519466,0.06355240951110323
31321,-0.020202707317519466,0.06355240951110323
31322,-0.01005033585350145,0.07643483583094902
31323,-0.01005033585350145,0.07643483583094902
31324,-0.01005033585350145,0.08085221478151769
31325,0.009950330853168092,0.07064779299240058
31326,-0.01005033585350145,0.07643483583094902
31327,0.009950330853168092,0.08367498789299484
31328,-0.01005033585350145,0.08523167584855416
31329,-0.01005033585350145,0.08085221478151769
31330,0,0.08444614208039455
31331,0.009950330853168092,0.08794450303101352
31332,-0.020202707317519466,0.07715865802240994
31333,0,0.06685115428898164
31334,-0.01005033585350145,0.09387940968211196
31335,0,0.07130711345671359
31336,-0.01005033585350145,0.08085221478151769
31337,-0.01005033585350145,0.1506271826975326
31338,-0.020202707317519466,0.0726634387968207
31339,-0.040821994520255166,0.07407245400229491
31340,-0.040821994520255166,0.07864830603431554
31341,-0.05129329438755058,0.11919125060280876
31342,-0.030459207484708574,0.11279569749661136
31343,0.009950330853168092,0.1326922481428021
31344,-0.030459207484708574,0.1042920992898707
31346,-0.01005033585350145,0.1428966699319192
31347,-0.020202707317519466,0.12822164708209496
31348,-0.020202707317519466,0.09041145720774703
31349,-0.020202707317519466,0.12005820761962498
31350,-0.01005033585350145,0.10238300788885263
31351,-0.020202707317519466,0.1033287061793235
31352,-0.040821994520255166,0.11808283373923718
31353,-0.030459207484708574,0.0823915662709758
31354,-0.040821994520255166,0.13057825211081664
31355,-0.01005033585350145,0.13107674172705472
31356,-0.01005033585350145,0.13107674172705472
31357,-0.020202707317519466,0.08603199614071055
31358,0,0.13385931860586278
31359,-0.07257069283483537,0.1589732618904772
31361,-0.05129329438755058,0.1106161902373081
31362,0.02955880224154443,0.0946696823343883
31363,0.0769610411361284,0.13240367116585944
31364,0,0.08875168730787653
31365,0,0.08444614208039455
31366,0.01980262729617973,0.08291782117233411
31367,-0.01005033585350145,0.08957386445462999
31368,0.01980262729617973,0.09964732261263559
31369,0.01980262729617973,0.08715190424105611
31370,-0.020202707317519466,0.06355240951110323
31371,-0.020202707317519466,0.06812826154312385
31372,0.009950330853168092,0.08367498789299484
31373,0.009950330853168092,0.07936944266551288
31374,0.02955880224154443,0.0987677291187068
31375,0.009950330853168092,0.07502725405943704
31376,0.01980262729617973,0.07864830603431543
31377,0,0.12991949917019427
31378,0.04879016416943205,0.12060651942052572
31379,0.009950330853168092,0.12087231993793761
31380,0.009950330853168092,0.09217858609973552
31381,0.01980262729617973,0.1237559373323017
31382,-0.01005033585350145,0.08085221478151769
31383,0,0.07572449240728225
31384,0,0.062355935063392404
31385,0,0.08444614208039455
31386,0,0.07130711345671359
31387,0.009950330853168092,0.07064779299240058
31388,0.009950330853168092,0.07502725405943704
31389,0,0.08444614208039455
31390,0.009950330853168092,0.08367498789299484
31391,-0.030459207484708574,0.09998655406238872
31392,0,0.07572449240728225
31393,-0.01005033585350145,0.10238300788885263
31394,-0.01005033585350145,0.07643483583094902
31395,0,0.1377689475576838
31396,-0.01005033585350145,0.08957386445462999
31397,-0.05129329438755058,0.07941495393458849
31398,0,0.11791414334866665
31399,0.01980262729617973,0.13921785034012263
31400,-0.040821994520255166,0.06945519098192862
31401,0.03922071315328133,0.14431774796726116
31402,0.02955880224154443,0.18494045180330573
31403,0.009950330853168092,0.17022417017189223
31404,-0.040821994520255166,0.06945519098192862
31405,-0.030459207484708574,0.15330935953967798
31406,-0.05129329438755058,0.08852598322030597
31407,-0.040821994520255166,0.07407245400229491
31408,-0.040821994520255166,0.06479576059250386
31409,-0.040821994520255166,0.08767870251360162
31410,-0.05129329438755058,0.06543588547126479
31411,-0.030459207484708574,0.05950862434987806
31412,-0.030459207484708574,0.09998655406238872
31413,-0.040821994520255166,0.07864830603431554
31414,-0.030459207484708574,0.07789634704538657
31415,-0.05129329438755058,0.08852598322030597
31416,-0.040821994520255166,0.08767870251360162
31417,-0.040821994520255166,0.10957923553249652
31418,-0.08338160893905101,0.10489757227719394
31419,-0.040821994520255166,0.10527369030501454
31420,-0.040821994520255166,0.08318348328801238
31421,-0.040821994520255166,0.10527369030501454
31422,0,0.12991949917019427
31423,-0.05129329438755058,0.08852598322030597
31424,-0.040821994520255166,0.10527369030501454
31425,-0.030459207484708574,0.09998655406238872
31426,-0.030459207484708574,0.09126490438927642
31427,-0.020202707317519466,0.09475364581382285
31428,-0.040821994520255166,0.09213466168133358
31429,-0.040821994520255166,0.09655204063190224
31430,-0.030459207484708574,0.09564436545631289
31431,-0.030459207484708574,0.07789634704538657
31432,-0.030459207484708574,0.07789634704538657
31433,-0.030459207484708574,0.07336116979168972
31434,-0.030459207484708574,0.11279569749661136
31435,-0.040821994520255166,0.09213466168133358
31436,-0.05129329438755058,0.09302120244589519
31437,-0.030459207484708574,0.11279569749661136
31438,-0.07257069283483537,0.11712981716556127
31439,-0.020202707317519466,0.07715865802240994
31440,-0.040821994520255166,0.06945519098192862
31441,-0.040821994520255166,0.1009315016989387
31442,-0.040821994520255166,0.08318348328801238
31443,-0.030459207484708574,0.07336116979168972
31444,-0.040821994520255166,0.07864830603431554
31445,-0.020202707317519466,0.07715865802240994
31446,-0.01005033585350145,0.08957386445462999
31447,-0.01005033585350145,0.08523167584855416
31448,-0.07257069283483537,0.10833297714795613
31449,-0.030459207484708574,0.0823915662709758
31450,-0.020202707317519466,0.08603199614071055
31451,-0.030459207484708574,0.05950862434987806
31452,-0.030459207484708574,0.09564436545631289
31453,-0.020202707317519466,0.08603199614071055
31454,-0.030459207484708574,0.0823915662709758
31455,-0.040821994520255166,0.09213466168133358
31456,-0.020202707317519466,0.07715865802240994
31457,-0.040821994520255166,0.09213466168133358
31458,-0.01005033585350145,0.07643483583094902
31459,-0.020202707317519466,0.08603199614071055
31460,-0.12783337150988489,0.14966724999360115
31461,-0.09431067947124129,0.09208590597566005
31462,-0.08338160893905101,0.14399615698174295
31463,-0.06187540371808753,0.06129811828676702
31464,0.02955880224154443,0.16021984803496553
31465,-0.07257069283483537,0.090270769468917475
31466,-0.07257069283483537,0.16297488304406182
31467,-0.09431067947124129,0.0967453363650848
31468,-0.09431067947124129,0.09208590597566005
31469,-0.08338160893905101,0.10489757227719394
31470,-0.09431067947124129,0.08738353092212739
31471,-0.11653381625595151,0.09397574731110529
31472,-0.10536051565782628,0.09302120244589525
31473,-0.08338160893905101,0.10036239502349709
31474,-0.10536051565782628,0.08827508374063324
31475,-0.08338160893905101,0.09116927997111017
31476,-0.10536051565782628,0.09772357749942791
31477,-0.10536051565782628,0.09772357749942791
31478,-0.09431067947124129,0.0967453363650848
31479,-0.09431067947124129,0.10593845141747173
31480,-0.10536051565782628,0.10238300788885267
31481,-0.10536051565782628,0.09772357749942791
31482,-0.11653381625595151,0.10342424106989996
31483,-0.10536051565782628,0.1635060690177407
31484,-0.09431067947124129,0.09208590597566005
31485,-0.09431067947124129,0.0967453363650848
31486,-0.08338160893905101,0.09116927997111017
31487,-0.08338160893905101,0.10939279150278318
31488,-0.08338160893905101,0.10036239502349709
31489,-0.08338160893905101,0.08180747452815275
31490,-0.030459207484708574,0.12115988615767076
31491,-0.08338160893905101,0.10036239502349709
31492,0.009950330853168092,0.104674004471315
31493,0.01980262729617973,0.09135113849438033
31494,0.02955880224154443,0.0946696823343883
31495,0.01980262729617973,0.0955160929021155
31496,0.02955880224154443,0.10283312179685827
31497,0.01980262729617973,0.09964732261263559
31498,0.01980262729617973,0.08715190424105611
31499,0.02955880224154443,0.07367066575606815
31500,0.03922071315328133,0.09383818273516757
31501,0.02955880224154443,0.10283312179685827
31502,0.02955880224154443,0.0946696823343883
31503,0.02955880224154443,0.07367066575606815
31504,0.03922071315328133,0.0814439518325938
31505,0.13976194237515863,0.15557340759504446
31506,0.02955880224154443,0.08217426396280882
31507,0.03922071315328133,0.08560890624032898
31508,0.02955880224154443,0.07794018089408683
31509,0.009950330853168092,0.07502725405943704
31510,0.01980262729617973,0.0955160929021155
31511,0,0.09725528551461719
31512,-0.05129329438755058,0.12342533367153076
31513,-0.020202707317519466,0.12415625440394348
31514,0,0.07130711345671359
31515,0.009950330853168092,0.07936944266551288
31516,-0.01005033585350145,0.10658224214217685
31517,-0.020202707317519466,0.11176202350136971
31518,-0.040821994520255166,0.11384875067051518
31519,-0.040821994520255166,0.15859649578230375
31520,-0.040821994520255166,0.11384875067051518
31521,-0.030459207484708574,0.12938916265250938
31522,0.01980262729617973,0.08715190424105611
31523,0.06765864847381486,0.11859486937577719
31524,0.0769610411361284,0.10623362300894595
31525,0.03922071315328133,0.07301063451054758
31526,0.08617769624105241,0.1240439035211979
41001,-0.09431067947124129,0.06319871515958456
41002,-0.07257069283483537,0.07629170100559375
41003,-0.06187540371808753,0.06129811828676702
41004,-0.05129329438755058,0.07479769091422221
41005,-0.040821994520255166,0.08318348328801238
41006,-0.040821994520255166,0.07407245400229491
41007,-0.05129329438755058,0.09302120244589519
41008,-0.05129329438755058,0.07013826052479745
41009,-0.06187540371808753,0.10729357593691875
41010,-0.06187540371808753,0.07083492084398772
41011,-0.06187540371808753,0.07553729589752038
41012,-0.08338160893905101,0.07227067197093207
41013,-0.08338160893905101,0.07706135582289075
41014,-0.06187540371808753,0.08938984133933205
41015,-0.05129329438755058,0.0839908059666091
41016,-0.05129329438755058,0.0839908059666091
41017,-0.08338160893905101,0.08180747452815275
41018,-0.05129329438755058,0.07479769091422221
41019,-0.07257069283483537,0.07154558230033174
41020,-0.06187540371808753,0.0939250185930289
41021,-0.05129329438755058,0.07941495393458849
41022,-0.06187540371808753,0.08019672628694513
41023,-0.10536051565782628,0.07376593306689164
41024,-0.10536051565782628,0.07376593306689164
41025,-0.06187540371808753,0.08019672628694513
41026,-0.05129329438755058,0.0839908059666091
41027,-0.040821994520255166,0.09655204063190224
41028,-0.06187540371808753,0.08481398930731142
41029,-0.040821994520255166,0.08767870251360162
41030,-0.06187540371808753,0.08481398930731142
41031,-0.06187540371808753,0.08481398930731142
41032,-0.06187540371808753,0.08481398930731142
41033,-0.05129329438755058,0.07479769091422221
41034,-0.07257069283483537,0.08565350644855117
41035,-0.040821994520255166,0.08318348328801238
41036,-0.030459207484708574,0.07789634704538657
41037,-0.05129329438755058,0.0839908059666091
41038,-0.06187540371808753,0.06608880213872571
41040,-0.040821994520255166,0.08318348328801238
41041,-0.040821994520255166,0.07407245400229491
41042,-0.040821994520255166,0.08767870251360162
41043,-0.030459207484708574,0.09564436545631289
41044,-0.030459207484708574,0.09126490438927642
41045,-0.040821994520255166,0.07407245400229491
41046,-0.030459207484708574,0.07789634704538657
41047,-0.06187540371808753,0.07083492084398772
41048,-0.040821994520255166,0.08767870251360162
41049,-0.05129329438755058,0.07013826052479745
41050,-0.06187540371808753,0.09842023781861813
41051,-0.06187540371808753,0.06608880213872571
41052,-0.07257069283483537,0.07629170100559375
41053,-0.040821994520255166,0.07864830603431554
41054,-0.030459207484708574,0.09564436545631289
41055,-0.05129329438755058,0.0839908059666091
41056,-0.09431067947124129,0.1013625993854511
41057,-0.10536051565782628,0.08348439988867455
41058,-0.07257069283483537,0.07629170100559375
41059,-0.06187540371808753,0.0939250185930289
41060,-0.08338160893905101,0.07706135582289075
41061,-0.09431067947124129,0.06812826154312379
41062,-0.09431067947124129,0.08738353092212739
41063,-0.08338160893905101,0.08650984958168542
41064,-0.09431067947124129,0.08263741221686538
41065,-0.06187540371808753,0.08019672628694513
41066,-0.06187540371808753,0.08938984133933205
41067,-0.040821994520255166,0.08318348328801238
41068,-0.09431067947124129,0.07784672836490669
41069,-0.08338160893905101,0.07706135582289075
41070,-0.08338160893905101,0.08180747452815275
41071,-0.07257069283483537,0.090270769468917475
41072,-0.05129329438755058,0.08852598322030597
41073,-0.030459207484708574,0.08684752543870776
41074,0,0.11384875067051518
41075,-0.05129329438755058,0.06068976676600278
41076,-0.06187540371808753,0.08938984133933205
41077,-0.07257069283483537,0.07629170100559375
41078,-0.05129329438755058,0.07941495393458849
41079,-0.040821994520255166,0.09655204063190224
41080,-0.09431067947124129,0.08263741221686538
41082,-0.040821994520255166,0.09213466168133358
41083,-0.05129329438755058,0.0839908059666091
41084,-0.07257069283483537,0.09484662150093809
41085,-0.040821994520255166,0.08767870251360162
41086,-0.08338160893905101,0.08180747452815275
41087,-0.030459207484708574,0.09564436545631289
41088,-0.040821994520255166,0.09213466168133358
41089,-0.07257069283483537,0.090270769468917475
41090,-0.11653381625595151,0.08434896960478752
41091,-0.13926206733350766,0.08115545644371806
41092,-0.12783337150988489,0.0949501426703371
41093,-0.08338160893905101,0.07227067197093207
41094,-0.11653381625595151,0.09397574731110529
41095,-0.13926206733350766,0.08613309672196534
41096,-0.09431067947124129,0.09208590597566005
41097,-0.10536051565782628,0.08348439988867455
41099,-0.10536051565782628,0.11157612294123957
41100,-0.07257069283483537,0.15087461436175773
41101,-0.09431067947124129,0.09208590597566005
41102,-0.06187540371808753,0.07553729589752038
41103,-0.08338160893905101,0.1644890354130362
41105,-0.12783337150988489,0.11384875067051521
41106,-0.10536051565782628,0.09302120244589525
41107,-0.09431067947124129,0.07784672836490669
41108,-0.10536051565782628,0.07376593306689164
41109,-0.12783337150988489,0.0997408265222958
41110,-0.06187540371808753,0.07553729589752038
41111,-0.06187540371808753,0.06608880213872571
41112,-0.06187540371808753,0.07553729589752038
41113,-0.06187540371808753,0.08938984133933205
41114,-0.05129329438755058,0.10627400163123228
41115,-0.06187540371808753,0.10729357593691875
41116,-0.030459207484708574,0.16103987230529135
41117,-0.07257069283483537,0.08565350644855117
41118,-0.06187540371808753,0.07553729589752038
41119,-0.11653381625595151,0.0794665966373637
41120,-0.09431067947124129,0.08738353092212739
41121,-0.08338160893905101,0.08180747452815275
41122,-0.16251892949777494,0.14527375623572655
41123,-0.11653381625595151,0.09872186601636729
41124,-0.11653381625595151,0.10808367145932471
41125,-0.13926206733350766,0.1242969809478319
41126,-0.12783337150988489,0.1184660136908815
41127,-0.11653381625595151,0.10808367145932471
41128,-0.13926206733350766,0.16407327761605214
41129,-0.07257069283483537,0.1549400070399092
41130,-0.10536051565782628,0.11611130019493643
41131,-0.07257069283483537,0.090270769468917475
41132,-0.06187540371808753,0.0939250185930289
41133,-0.1743533871447778,0.15131174483113619
41134,-0.05129329438755058,0.08852598322030597
41135,-0.040821994520255166,0.07864830603431554
41136,-0.12783337150988489,0.1409456003204888
41138,-0.05129329438755058,0.08852598322030597
41139,-0.06187540371808753,0.1454178342001517
41140,-0.06187540371808753,0.0939250185930289
41141,-0.05129329438755058,0.05106298905968502
41142,0,0.14932123161368369
41143,-0.06187540371808753,0.1454178342001517
41144,-0.07257069283483537,0.090270769468917475
41145,-0.05129329438755058,0.15608954732710784
41146,-0.040821994520255166,0.11384875067051518
41147,-0.05129329438755058,0.07013826052479745
41148,-0.08338160893905101,0.10939279150278318
41149,-0.05129329438755058,0.0839908059666091
41150,-0.01005033585350145,0.10238300788885263
41151,-0.030459207484708574,0.09126490438927642
41152,-0.040821994520255166,0.15859649578230375
41153,0.01980262729617973,0.1353960790497361
41154,-0.020202707317519466,0.15580696405672548
41155,-0.020202707317519466,0.08603199614071055
41156,-0.01005033585350145,0.09387940968211196
41157,-0.030459207484708574,0.07336116979168972
41158,-0.020202707317519466,0.09475364581382285
41159,-0.020202707317519466,0.08603199614071055
41160,0,0.12194739819923466
41161,-0.030459207484708574,0.07336116979168972
41162,-0.01005033585350145,0.1230418657229021
41163,-0.030459207484708574,0.07336116979168972
41164,-0.05129329438755058,0.07479769091422221
41165,-0.020202707317519466,0.14416682233929107
41166,-0.020202707317519466,0.08161461719014189
41167,-0.040821994520255166,0.11384875067051518
41168,-0.030459207484708574,0.07789634704538657
41169,-0.020202707317519466,0.07715865802240994
41170,-0.06187540371808753,0.07083492084398772
51001,-0.05129329438755058,0.11492173546479009
51002,-0.06187540371808753,0.10729357593691875
51003,-0.05129329438755058,0.08852598322030597
51004,-0.05129329438755058,0.127624567924855
51005,-0.040821994520255166,0.1009315016989387
51006,-0.040821994520255166,0.10957923553249652
51007,-0.05129329438755058,0.0839908059666091
51008,-0.040821994520255166,0.09655204063190224
51009,-0.020202707317519466,0.07715865802240994
51010,-0.030459207484708574,0.0823915662709758
51011,-0.040821994520255166,0.10527369030501454
51012,-0.030459207484708574,0.10856161442788936
51013,-0.05129329438755058,0.1106161902373081
51014,-0.020202707317519466,0.08603199614071055
51015,-0.020202707317519466,0.09041145720774703
51016,0.01980262729617973,0.09964732261263559
51017,-0.030459207484708574,0.08684752543870776
51018,-0.040821994520255166,0.07864830603431554
51019,-0.06187540371808753,0.14948322687830315
51020,-0.040821994520255166,0.07864830603431554
51021,0.03922071315328133,0.13686938091565273
51022,0.058268908123975824,0.15275792660604084
51023,0.058268908123975824,0.10803991280055325
51024,0.0769610411361284,0.1676041158020592
51025,0.0769610411361284,0.12135188709382919
51026,0.03922071315328133,0.10990893123484664
51027,0.02955880224154443,0.09053845262386821
51028,0.058268908123975824,0.11959219685655317
51029,0.01980262729617973,0.07864830603431543
51030,-0.01005033585350145,0.08957386445462999
51031,0.009950330853168092,0.104674004471315
51032,0,0.11384875067051518
51033,-0.01005033585350145,0.08523167584855416
51034,0.02955880224154443,0.11086799780101092
51035,-0.020202707317519466,0.09475364581382285
51036,-0.01005033585350145,0.08523167584855416
51037,-0.020202707317519466,0.11176202350136971
51038,-0.030459207484708574,0.0823915662709758
51039,0.009950330853168092,0.07936944266551288
51040,-0.01005033585350145,0.08085221478151769
51041,-0.01005033585350145,0.07643483583094902
51042,-0.01005033585350145,0.08085221478151769
51043,-0.020202707317519466,0.07715865802240994
51044,0.0769610411361284,0.11005539429933248
51045,0.058268908123975824,0.09221836344210414
51046,0.02955880224154443,0.11483847761838589
51047,0.03922071315328133,0.0814439518325938
51048,0.01980262729617973,0.09135113849438033
51049,0.009950330853168092,0.08367498789299484
51050,0.02955880224154443,0.08217426396280882
51051,0.02955880224154443,0.08637349821613304
51052,0.009950330853168092,0.08794450303101352
51053,0.02955880224154443,0.08217426396280882
51054,0.03922071315328133,0.08974013595084906
51056,0,0.08010395347431873
51057,0.009950330853168092,0.07936944266551288
51058,-0.01005033585350145,0.08523167584855416
51059,0.009950330853168092,0.08794450303101352
51060,0.009950330853168092,0.07936944266551288
51061,0.009950330853168092,0.08367498789299484
51062,0.04879016416943205,0.093021202445895207
51063,0.009950330853168092,0.07936944266551288
51065,0.01980262729617973,0.07864830603431543
51066,0.04879016416943205,0.08895580976774374
51067,0.009950330853168092,0.08367498789299484
51068,0,0.08444614208039455
51070,-0.030459207484708574,0.07336116979168972
51071,-0.06187540371808753,0.0939250185930289
51072,-0.01005033585350145,0.08085221478151769
51073,-0.020202707317519466,0.06812826154312385
51074,-0.06187540371808753,0.0939250185930289
51075,-0.01005033585350145,0.09387940968211196
51076,-0.05129329438755058,0.09747716161362714
51077,-0.06187540371808753,0.08938984133933205
51078,-0.030459207484708574,0.07789634704538657
51079,-0.040821994520255166,0.09213466168133358
51080,-0.06187540371808753,0.08938984133933205
51081,-0.01005033585350145,0.08085221478151769
51082,0,0.093021202445895207
51083,-0.040821994520255166,0.07864830603431554
51084,-0.020202707317519466,0.06812826154312385
51085,-0.01005033585350145,0.07197887666321708
51086,0.009950330853168092,0.07064779299240058
51088,-0.020202707317519466,0.08603199614071055
51089,-0.030459207484708574,0.07336116979168972
51090,0.009950330853168092,0.08367498789299484
51091,-0.020202707317519466,0.08603199614071055
51092,-0.040821994520255166,0.08318348328801238
51093,-0.030459207484708574,0.07336116979168972
51094,-0.01005033585350145,0.09387940968211196
51095,-0.020202707317519466,0.07715865802240994
51096,-0.01005033585350145,0.08085221478151769
51097,0,0.08010395347431873
51098,0.009950330853168092,0.08367498789299484
51099,-0.01005033585350145,0.10658224214217685
51100,-0.030459207484708574,0.1042920992898707
51101,-0.040821994520255166,0.10527369030501454
51102,-0.01005033585350145,0.09387940968211196
51103,-0.01005033585350145,0.07197887666321708
51104,-0.01005033585350145,0.08523167584855416
51105,-0.01005033585350145,0.10658224214217685
51107,0,0.10145451976794141
51108,-0.020202707317519466,0.08161461719014189
51109,-0.01005033585350145,0.08085221478151769
51110,0.01980262729617973,0.08291782117233411
51112,-0.01005033585350145,0.08957386445462999
51113,-0.01005033585350145,0.07643483583094902
51114,0.009950330853168092,0.07936944266551288
51115,0.009950330853168092,0.09217858609973552
51116,0.009950330853168092,0.08794450303101352
51117,0.009950330853168092,0.09637782035305974
51118,0.009950330853168092,0.10054277476079491
51119,-0.01005033585350145,0.09387940968211196
51121,0.009950330853168092,0.09217858609973552
51122,0.02955880224154443,0.09053845262386821
51123,0.01980262729617973,0.11184401692567357
51124,-0.020202707317519466,0.07715865802240994
51125,-0.01005033585350145,0.10238300788885263
51127,0,0.093021202445895207
51128,-0.01005033585350145,0.07643483583094902
51129,-0.030459207484708574,0.07789634704538657
51130,0,0.08444614208039455
51131,-0.020202707317519466,0.08603199614071055
51132,0,0.07572449240728225
51133,-0.030459207484708574,0.0823915662709758
51134,-0.020202707317519466,0.08161461719014189
51135,-0.030459207484708574,0.08684752543870776
51136,-0.01005033585350145,0.07643483583094902
51137,-0.01005033585350145,0.07643483583094902
51138,-0.01005033585350145,0.07643483583094902
51139,0,0.09725528551461719
51140,0.009950330853168092,0.07502725405943704
51141,0.009950330853168092,0.07064779299240058
51142,0.01980262729617973,0.1037453693969541
51143,0.009950330853168092,0.0662304140418319
51144,0,0.08444614208039455
51145,-0.05129329438755058,0.10627400163123228
51146,-0.020202707317519466,0.1159269779091049
51147,-0.030459207484708574,0.09564436545631289
51148,-0.020202707317519466,0.0726634387968207
51149,0,0.08875168730787653
51150,-0.020202707317519466,0.08603199614071055
51152,0,0.08010395347431873
51153,-0.020202707317519466,0.08603199614071055
51154,-0.030459207484708574,0.08684752543870776
51155,0.009950330853168092,0.08794450303101352
51156,-0.01005033585350145,0.08085221478151769
51157,-0.01005033585350145,0.09387940968211196
51158,-0.020202707317519466,0.09905919104130483
51159,0,0.07130711345671359
51160,-0.030459207484708574,0.08684752543870776
51161,-0.020202707317519466,0.08161461719014189
51162,0,0.08444614208039455
51163,-0.01005033585350145,0.08523167584855416
51164,0.01980262729617973,0.13154546392964278
51165,-0.01005033585350145,0.09814892482013064
51166,-0.01005033585350145,0.08523167584855416
51168,0.009950330853168092,0.07936944266551288
51169,0.009950330853168092,0.08367498789299484
51170,0.009950330853168092,0.07936944266551288
51171,0,0.093021202445895207
51172,0.009950330853168092,0.07936944266551288
51173,0.009950330853168092,0.10054277476079491
51174,0.01980262729617973,0.10781076207510557
51175,0.01980262729617973,0.1158456380792582
51176,-0.020202707317519466,0.09041145720774703
51177,0.009950330853168092,0.104674004471315
51178,-0.030459207484708574,0.0823915662709758
51179,-0.040821994520255166,0.08318348328801238
51180,-0.01005033585350145,0.07643483583094902
51181,-0.020202707317519466,0.09041145720774703
51182,-0.020202707317519466,0.0726634387968207
51183,-0.020202707317519466,0.09475364581382285
51184,-0.020202707317519466,0.09041145720774703
51185,0.009950330853168092,0.07064779299240058
51186,0.02955880224154443,0.10686637664742628
51187,0.009950330853168092,0.09637782035305974
51188,0.03922071315328133,0.09383818273516757
51189,0.01980262729617973,0.08715190424105611
51190,0.03922071315328133,0.11384875067051517
51191,0.009950330853168092,0.104674004471315
51192,0.01980262729617973,0.10781076207510557
51193,0.009950330853168092,0.11283744393378498
51194,-0.020202707317519466,0.14807645129111208
51195,-0.020202707317519466,0.09475364581382285
51196,-0.09431067947124129,0.16196644427829135
51197,-0.06187540371808753,0.10287619698635009
51198,-0.040821994520255166,0.1264470224002966
51199,-0.040821994520255166,0.11384875067051518
51200,-0.06187540371808753,0.12032077083751302
51202,-0.040821994520255166,0.07407245400229491
51203,-0.040821994520255166,0.06945519098192862
51205,-0.06187540371808753,0.16542840213549928
51206,-0.07257069283483537,0.09938179875463495
51207,-0.07257069283483537,0.090270769468917475
51208,-0.08338160893905101,0.10939279150278318
51209,-0.06187540371808753,0.12459028597553169
51210,-0.020202707317519466,0.12415625440394348
51211,-0.020202707317519466,0.12005820761962498
51212,-0.020202707317519466,0.12822164708209496
51213,-0.020202707317519466,0.12415625440394348
51214,-0.040821994520255166,0.1222820679925614
51215,-0.040821994520255166,0.07407245400229491
51216,-0.020202707317519466,0.08603199614071055
51217,-0.030459207484708574,0.09126490438927642
51218,-0.06187540371808753,0.0939250185930289
51219,-0.05129329438755058,0.07479769091422221
51220,-0.11653381625595151,0.16507550287769268
51221,-0.030459207484708574,0.15718925718519805
51222,-0.040821994520255166,0.13057825211081664
51223,-0.07257069283483537,0.11712981716556127
51224,-0.01005033585350145,0.1350472215444297
51225,0.058268908123975824,0.11959219685655317
51226,0.009950330853168092,0.09637782035305974
51227,0.03922071315328133,0.12548889238794958
51228,0,0.11384875067051518
51229,0,0.08875168730787653
51230,-0.020202707317519466,0.09041145720774703
51231,-0.020202707317519466,0.08161461719014189
51232,0.03922071315328133,0.12931066367833607
51233,0.01980262729617973,0.11981611789663317
51234,0,0.10561947417567659
51236,0,0.08875168730787653
51237,0,0.08010395347431873
51238,0.01980262729617973,0.08715190424105611
51239,-0.030459207484708574,0.09126490438927642
51240,-0.01005033585350145,0.09387940968211196
51241,0,0.08010395347431873
51242,-0.01005033585350145,0.07197887666321708
51243,0.01980262729617973,0.08291782117233411
51244,0.009950330853168092,0.08794450303101352
51245,-0.01005033585350145,0.08085221478151769
51246,-0.01005033585350145,0.07643483583094902
51247,-0.01005033585350145,0.07197887666321708
51248,0,0.07572449240728225
51249,0,0.1531145879848664
51250,-0.01005033585350145,0.07197887666321708
61001,-0.07257069283483537,0.09484662150093809
61002,-0.07257069283483537,0.09938179875463495
61003,-0.08338160893905101,0.10036239502349709
61004,-0.05129329438755058,0.11919125060280876
61005,-0.09431067947124129,0.0967453363650848
61006,-0.10536051565782628,0.13820150721193858
61007,-0.08338160893905101,0.11384875067051513
61008,-0.09431067947124129,0.10593845141747173
61009,-0.08338160893905101,0.11826612962108381
61010,-0.09431067947124129,0.0967453363650848
61011,-0.08338160893905101,0.13979692272841873
61012,-0.10536051565782628,0.16760411580205922
61013,-0.05129329438755058,0.13592075204311024
61014,-0.07257069283483537,0.10387701798022418
61015,-0.06187540371808753,0.12032077083751302
61016,-0.030459207484708574,0.12938916265250938
61017,-0.06187540371808753,0.10729357593691875
61018,-0.10536051565782628,0.12506247858825761
61019,-0.05129329438755058,0.11492173546479009
61020,-0.06187540371808753,0.09842023781861813
61021,-0.07257069283483537,0.1214720057716371
61022,-0.06187540371808753,0.09842023781861813
61023,-0.08338160893905101,0.1269877792941961
61024,-0.06187540371808753,0.11167303700395521
61026,-0.05129329438755058,0.11919125060280876
61027,-0.05129329438755058,0.1018945405641958
61028,-0.06187540371808753,0.09842023781861813
61029,-0.05129329438755058,0.1106161902373081
61030,-0.06187540371808753,0.11167303700395521
61031,-0.040821994520255166,0.11808283373923718
61032,-0.05129329438755058,0.10627400163123228
61033,-0.040821994520255166,0.1222820679925614
61034,-0.07257069283483537,0.1127503560985248
61035,-0.08338160893905101,0.08650984958168542
61036,-0.05129329438755058,0.186787772565094
61037,-0.040821994520255166,0.1009315016989387
61038,-0.07257069283483537,0.1127503560985248
61039,-0.040821994520255166,0.1264470224002966
61040,-0.05129329438755058,0.13178952233259014
61041,-0.05129329438755058,0.11919125060280876
61042,-0.07257069283483537,0.09938179875463495
61043,-0.040821994520255166,0.10957923553249652
61044,-0.06187540371808753,0.08938984133933205
61045,-0.05129329438755058,0.10627400163123228
61046,-0.06187540371808753,0.08938984133933205
61047,-0.07257069283483537,0.09938179875463495
61048,-0.07257069283483537,0.08099407605912642
61049,-0.08338160893905101,0.10036239502349709
61050,-0.05129329438755058,0.09747716161362714
61051,-0.08338160893905101,0.10489757227719394
61052,-0.05129329438755058,0.08852598322030597
61053,-0.020202707317519466,0.12415625440394348
61054,0.009950330853168092,0.08367498789299484
61055,-0.030459207484708574,0.09126490438927642
61056,-0.06187540371808753,0.09842023781861813
61057,-0.040821994520255166,0.08318348328801238
61058,-0.06187540371808753,0.08019672628694513
61059,-0.07257069283483537,0.1214720057716371
61060,-0.06187540371808753,0.08481398930731142
61061,-0.07257069283483537,0.07629170100559375
61062,-0.05129329438755058,0.08852598322030597
61063,-0.09431067947124129,0.1149688478967578
61064,-0.08338160893905101,0.09578654299147647
61065,-0.030459207484708574,0.0823915662709758
61066,-0.07257069283483537,0.08565350644855117
61067,-0.07257069283483537,0.07629170100559375
61069,-0.06187540371808753,0.14131978741583318
61070,-0.07257069283483537,0.12577755099911905
61071,-0.09431067947124129,0.16603183695644283
61072,-0.07257069283483537,0.10833297714795613
61073,-0.06187540371808753,0.1693380310873203
61074,-0.09431067947124129,0.09208590597566005
61075,0.009950330853168092,0.12484279975531258
61076,0.009950330853168092,0.09217858609973552
61077,0.009950330853168092,0.11687069878435297
61078,0.009950330853168092,0.10877205125563351
61079,0,0.1377689475576838
61080,0.009950330853168092,0.11687069878435297
61081,0,0.10975070388619668
61082,0,0.12991949917019427
61083,-0.020202707317519466,0.13625652308624758
61084,0.03922071315328133,0.13686938091565273
61085,0.06765864847381486,0.15505352446870824
61086,-0.020202707317519466,0.12822164708209496
61087,0,0.10145451976794141
61088,0.009950330853168092,0.12087231993793761
61089,-0.020202707317519466,0.09905919104130483
61090,0.009950330853168092,0.10877205125563351
61091,0.01980262729617973,0.08715190424105611
61092,0.009950330853168092,0.10054277476079491
61093,0.08617769624105241,0.20216757806287775
61094,0.058268908123975824,0.14917753239244566
61095,0.09531017980432493,0.19117012726602586
61096,0.03922071315328133,0.09790357541331904
61097,0.02955880224154443,0.10283312179685827
71001,-0.07257069283483537,0.09484662150093809
71002,-0.08338160893905101,0.13979692272841873
71003,-0.08338160893905101,0.13979692272841873
71004,-0.08338160893905101,0.11384875067051513
71005,-0.09431067947124129,0.14957221337571758
71006,-0.08338160893905101,0.10489757227719394
71007,-0.08338160893905101,0.11826612962108381
71008,-0.08338160893905101,0.11826612962108381
71009,-0.07257069283483537,0.09484662150093809
71010,-0.06187540371808753,0.10287619698635009
71011,-0.07257069283483537,0.1127503560985248
71012,-0.07257069283483537,0.08565350644855117
71013,-0.07257069283483537,0.10833297714795613
71015,-0.07257069283483537,0.1214720057716371
71016,-0.08338160893905101,0.10489757227719394
71017,-0.07257069283483537,0.1214720057716371
71018,-0.07257069283483537,0.10387701798022418
71019,-0.07257069283483537,0.13004706613713773
71020,-0.06187540371808753,0.12032077083751302
71021,-0.06187540371808753,0.1371885577053131
71022,-0.07257069283483537,0.090270769468917475
71023,-0.08338160893905101,0.10036239502349709
71024,-0.06187540371808753,0.10287619698635009
71025,-0.08338160893905101,0.13129332452167805
71026,-0.08338160893905101,0.10489757227719394
71027,-0.05129329438755058,0.13178952233259014
71028,-0.07257069283483537,0.10833297714795613
71029,-0.06187540371808753,0.11167303700395521
71030,-0.07257069283483537,0.10833297714795613
71031,-0.07257069283483537,0.090270769468917475
71032,-0.07257069283483537,0.1127503560985248
71033,-0.07257069283483537,0.09938179875463495
71034,-0.06187540371808753,0.11167303700395521
71035,-0.06187540371808753,0.10729357593691875
71036,-0.07257069283483537,0.1127503560985248
71037,-0.07257069283483537,0.1127503560985248
71038,-0.07257069283483537,0.09484662150093809
71039,-0.08338160893905101,0.11826612962108381
71040,-0.06187540371808753,0.10729357593691875
71041,-0.07257069283483537,0.10387701798022418
71042,-0.07257069283483537,0.09938179875463495
71043,-0.07257069283483537,0.1214720057716371
71044,-0.07257069283483537,0.1127503560985248
71045,-0.06187540371808753,0.11601522561003105
71046,-0.05129329438755058,0.10627400163123228
71047,-0.06187540371808753,0.10729357593691875
71048,-0.05129329438755058,0.10627400163123228
71049,-0.06187540371808753,0.10729357593691875
71050,-0.05129329438755058,0.07479769091422221
71051,-0.07257069283483537,0.11712981716556127
71052,-0.06187540371808753,0.08019672628694513
71053,-0.06187540371808753,0.07553729589752038
71054,-0.05129329438755058,0.1018945405641958
71055,-0.06187540371808753,0.07083492084398772
71056,-0.06187540371808753,0.15351648172887117
71057,-0.08338160893905101,0.09116927997111017
71058,-0.09431067947124129,0.1013625993854511
71059,-0.09431067947124129,0.16603183695644283
71060,-0.06187540371808753,0.16148858269983077
71061,-0.09431067947124129,0.10593845141747173
71062,-0.06187540371808753,0.16148858269983077
71063,-0.10536051565782628,0.10700027090921894
71064,-0.11653381625595151,0.16920673258821275
71065,-0.08338160893905101,0.07706135582289075
71066,-0.07257069283483537,0.090270769468917475
71067,-0.09431067947124129,0.10593845141747173
71068,-0.08338160893905101,0.08180747452815275
81001,-0.020202707317519466,0.08161461719014189
81002,-0.020202707317519466,0.08161461719014189
81003,-0.030459207484708574,0.07789634704538657
81004,-0.020202707317519466,0.09475364581382285
81005,-0.030459207484708574,0.09564436545631289
81006,-0.030459207484708574,0.08684752543870776
81007,-0.01005033585350145,0.09814892482013064
81008,-0.020202707317519466,0.07715865802240994
81009,-0.030459207484708574,0.09998655406238872
81010,-0.030459207484708574,0.09998655406238872
81011,0.009950330853168092,0.11283744393378498
81013,-0.040821994520255166,0.09213466168133358
81014,-0.030459207484708574,0.09126490438927642
81015,-0.040821994520255166,0.09655204063190224
81016,-0.030459207484708574,0.08684752543870776
81017,-0.030459207484708574,0.08684752543870776
81019,-0.030459207484708574,0.09126490438927642
81020,-0.020202707317519466,0.08603199614071055
81021,0,0.11384875067051518
81022,-0.020202707317519466,0.09905919104130483
81023,-0.030459207484708574,0.08684752543870776
81024,-0.030459207484708574,0.09564436545631289
81025,-0.01005033585350145,0.11487842626043211
81026,-0.030459207484708574,0.08684752543870776
81027,-0.01005033585350145,0.06294848018393098
81028,-0.030459207484708574,0.06878531775966909
81029,-0.020202707317519466,0.0726634387968207
81030,-0.01005033585350145,0.06748365743762784
81031,-0.01005033585350145,0.08957386445462999
81032,-0.01005033585350145,0.09387940968211196
81033,-0.020202707317519466,0.06812826154312385
81034,-0.030459207484708574,0.09564436545631289
81035,-0.020202707317519466,0.1159269779091049
81036,-0.020202707317519466,0.10756278924804549
81037,-0.020202707317519466,0.09475364581382285
81038,-0.020202707317519466,0.09475364581382285
81039,-0.030459207484708574,0.11279569749661136
81040,-0.020202707317519466,0.08161461719014189
81041,-0.020202707317519466,0.06812826154312385
81042,-0.020202707317519466,0.07715865802240994
81043,-0.030459207484708574,0.11699493174993558
81044,-0.030459207484708574,0.09564436545631289
81045,-0.020202707317519466,0.08161461719014189
81046,-0.040821994520255166,0.09655204063190224
81047,-0.030459207484708574,0.09564436545631289
81048,-0.020202707317519466,0.1033287061793235
81049,-0.030459207484708574,0.09126490438927642
81050,-0.030459207484708574,0.09126490438927642
81051,-0.030459207484708574,0.08684752543870776
81052,-0.030459207484708574,0.09564436545631289
81053,-0.030459207484708574,0.09998655406238872
81054,-0.020202707317519466,0.08161461719014189
81055,-0.020202707317519466,0.09475364581382285
81056,-0.020202707317519466,0.09041145720774703
81057,-0.020202707317519466,0.06812826154312385
81058,-0.020202707317519466,0.07715865802240994
81059,-0.030459207484708574,0.09126490438927642
81060,-0.030459207484708574,0.08684752543870776
81061,-0.01005033585350145,0.08523167584855416
81062,-0.01005033585350145,0.09387940968211196
81063,-0.01005033585350145,0.10658224214217685
81064,-0.01005033585350145,0.09387940968211196
81065,-0.020202707317519466,0.11176202350136971
81067,0.009950330853168092,0.10877205125563351
81069,0,0.08444614208039455
81070,0.009950330853168092,0.104674004471315
81071,-0.040821994520255166,0.10527369030501454
81072,-0.030459207484708574,0.09126490438927642
81073,-0.020202707317519466,0.08603199614071055
81074,-0.01005033585350145,0.08957386445462999
81075,-0.040821994520255166,0.09655204063190224
81076,-0.01005033585350145,0.09387940968211196
81077,-0.01005033585350145,0.10238300788885263
81078,-0.030459207484708574,0.08684752543870776
81079,-0.020202707317519466,0.09041145720774703
81080,-0.020202707317519466,0.07715865802240994
81081,-0.030459207484708574,0.08684752543870776
81082,-0.01005033585350145,0.10238300788885263
81083,-0.020202707317519466,0.13225490193266295
81084,-0.030459207484708574,0.0823915662709758
81086,-0.020202707317519466,0.10756278924804549
81087,-0.020202707317519466,0.08161461719014189
81088,-0.030459207484708574,0.09998655406238872
81089,-0.020202707317519466,0.06812826154312385
81090,-0.020202707317519466,0.08603199614071055
81091,-0.01005033585350145,0.09387940968211196
81092,0.009950330853168092,0.10054277476079491
81093,0,0.09725528551461719
81094,0,0.093021202445895207
81095,0,0.09725528551461719
81096,0,0.093021202445895207
81097,0.009950330853168092,0.09637782035305974
81098,0,0.08010395347431873
81099,0,0.08875168730787653
81100,0,0.07572449240728225
81101,-0.01005033585350145,0.11487842626043211
81102,0,0.093021202445895207
81103,0,0.093021202445895207
81104,-0.020202707317519466,0.09905919104130483
81105,0.009950330853168092,0.09217858609973552
81106,-0.020202707317519466,0.09475364581382285
81107,-0.01005033585350145,0.08523167584855416
81108,-0.020202707317519466,0.1033287061793235
81109,0,0.08010395347431873
81110,-0.020202707317519466,0.1159269779091049
91003,-0.020202707317519466,0.1159269779091049
