SA2_code,y.prostate.male,sd.prostate.male
11001,0.131028262406404,0.07864830603431555
11002,-0.020202707317519466,0.06355240951110323
11003,0.02955880224154443,0.1342402100618753
11004,0.0769610411361284,0.062188682453590195
11005,0.6151856390902335,0.07190629624035723
11006,0.1823215567939546,0.07499091344318659
11007,-0.030459207484708574,0.09564436545631289
11008,-0.15082288973458366,0.10667948870334668
11009,-0.12783337150988489,0.0949501426703371
11010,-0.1743533871447778,0.1089663777030914
11011,-0.040821994520255166,0.06479576059250386
11012,-0.12783337150988489,0.1044869452275578
11013,-0.040821994520255166,0.10957923553249652
11014,-0.15082288973458366,0.13930638900960854
11015,-0.06187540371808753,0.08481398930731142
11016,-0.05129329438755058,0.10627400163123228
11017,0.14842000511827322,0.10676246895588912
11018,-0.05129329438755058,0.1018945405641958
11019,-0.10536051565782628,0.11611130019493643
11020,0,0.08010395347431873
11021,0.009950330853168092,0.12484279975531258
11022,-0.040821994520255166,0.10957923553249652
11023,0.16551443847757333,0.12918157978602637
11024,0.009950330853168092,0.08794450303101352
11025,0.04879016416943205,0.08895580976774374
11026,-0.07257069283483537,0.10833297714795613
11027,-0.08338160893905101,0.08650984958168542
11028,-0.23572233352106983,0.12026649669442338
11029,-0.09431067947124129,0.08738353092212739
11030,-0.01005033585350145,0.07197887666321708
11031,-0.01005033585350145,0.07197887666321708
11032,-0.01005033585350145,0.07643483583094902
11033,-0.06187540371808753,0.11601522561003105
11034,-0.07257069283483537,0.09484662150093809
11035,-0.09431067947124129,0.11047362867116857
11036,-0.030459207484708574,0.09126490438927642
11037,0.04879016416943205,0.11287600665491233
11038,0.009950330853168092,0.11687069878435297
11039,-0.06187540371808753,0.08938984133933205
11040,-0.11653381625595151,0.0794665966373637
11041,-0.030459207484708574,0.09998655406238872
11042,-0.09431067947124129,0.08263741221686538
11043,-0.05129329438755058,0.09302120244589519
11044,-0.21072103131565253,0.08668318203846805
11045,-0.08338160893905101,0.09578654299147647
11046,-0.2744368457017603,0.10844971529779224
11047,-0.030459207484708574,0.0823915662709758
11048,-0.1743533871447778,0.08895580976774378
11049,-0.08338160893905101,0.09116927997111017
11050,-0.19845093872383832,0.09094297520730553
11051,-0.12783337150988489,0.1044869452275578
11052,-0.4307829160924542,0.1545660941747803
11053,0.04879016416943205,0.0970544572964632
11054,-0.15082288973458366,0.11147017255530538
11055,-0.13926206733350766,0.11502028753804086
11056,-0.030459207484708574,0.09564436545631289
11057,-0.08338160893905101,0.10036239502349709
11058,0.058268908123975824,0.08002166912906615
11059,0.2468600779315258,0.10419160276974027
11060,0.02955880224154443,0.07367066575606815
11061,0,0.09725528551461719
11062,0.17395330712343798,0.08291782117233414
11063,0.131028262406404,0.12622865985400053
11064,0.03922071315328133,0.07724471757926958
11065,0.19885085874516517,0.0738463498188325
11066,0.14842000511827322,0.09957637717949165
11067,-0.040821994520255166,0.10527369030501454
11068,0.04879016416943205,0.093021202445895207
11069,0.29266961396282004,0.08405879238574257
11070,0.06765864847381486,0.09142930074373008
11071,0.12221763272424911,0.08696529655029128
11072,-0.030459207484708574,0.12115988615767076
11073,0.08617769624105241,0.09768063283531997
11074,0.01980262729617973,0.07434276080683347
11076,0.06765864847381486,0.10712912659411464
11077,-0.1743533871447778,0.08895580976774378
11078,-0.2231435513142097,0.11384875067051516
11079,0.03922071315328133,0.06874111937252891
11080,0.13976194237515863,0.08180747452815282
11081,0.10436001532424286,0.06466923757099173
11082,-0.05129329438755058,0.0839908059666091
11083,0.04879016416943205,0.08485776298342522
11084,0.131028262406404,0.08626343369588478
11085,0.14842000511827322,0.09228762348179953
11086,0.10436001532424286,0.08840393942552893
11087,0,0.10975070388619668
11088,0.0769610411361284,0.09850311024333255
11089,0.10436001532424286,0.07667459339251934
11090,0.2151113796169455,0.1072226305037748
11091,0.04879016416943205,0.08485776298342522
11092,-0.030459207484708574,0.09564436545631289
11093,0.03922071315328133,0.10593845141747169
11094,0.1823215567939546,0.09302120244589523
11095,0.1906203596086497,0.08878711937717323
11096,-0.030459207484708574,0.08684752543870776
11097,0.1906203596086497,0.07804558407215671
11098,0.04879016416943205,0.08895580976774374
11099,0.1823215567939546,0.07130711345671359
11100,0.30010459245033816,0.10238300788885255
11101,0.26236426446749106,0.08643783263165651
11102,0.19885085874516517,0.10541543334846899
11103,0.1570037488096647,0.07301063451054769
11104,0.13976194237515863,0.10036239502349707
11105,0.09531017980432493,0.09302120244589522
11106,0.12221763272424911,0.09452401378760796
11107,0.06765864847381486,0.08742767959014544
11108,-0.08338160893905101,0.08650984958168542
11109,-0.030459207484708574,0.0641680547393028
11110,0.058268908123975824,0.07589043941854608
11111,0.09531017980432493,0.08129185641288562
11112,-0.08338160893905101,0.10939279150278318
11113,0.02955880224154443,0.07794018089408683
11114,0.06765864847381486,0.09933959999677357
11115,0.01980262729617973,0.07434276080683347
11116,0,0.09725528551461719
11117,0.09531017980432493,0.07732137659551065
11118,-0.05129329438755058,0.09747716161362714
11119,-0.020202707317519466,0.1159269779091049
11120,0.01980262729617973,0.09964732261263559
11121,-0.01005033585350145,0.07643483583094902
11122,-0.13926206733350766,0.09106264310550458
11123,0.02955880224154443,0.0946696823343883
11124,0.11332868530700327,0.10279696659848486
11125,-0.030459207484708574,0.07789634704538657
11126,0,0.11384875067051518
11127,0.02955880224154443,0.11483847761838589
11128,0.3148107398400336,0.12780768837246267
11129,0.23111172096338664,0.06812826154312378
11130,-0.342490308946776,0.07967384222208293
11131,-0.2744368457017603,0.07479769091422216
11132,-0.2484613592984996,0.11122558766009748
11133,-0.23572233352106983,0.13036987796798447
11134,-0.19845093872383832,0.08042293071611385
11135,-0.020202707317519466,0.06812826154312385
11136,-0.18632957819149348,0.08993838894795511
11137,-0.3285040669720361,0.10814808710004317
11138,-0.06187540371808753,0.11167303700395521
11139,0.01980262729617973,0.11184401692567357
11140,-0.07257069283483537,0.08565350644855117
11141,-0.15082288973458366,0.08705383521977725
11142,-0.13926206733350766,0.10557179377924618
11143,-0.15082288973458366,0.09203147549802453
11144,-0.11653381625595151,0.0794665966373637
11145,-0.12783337150988489,0.0949501426703371
11146,-0.1743533871447778,0.07864830603431548
11147,0.3220834991691132,0.09116927997111017
11148,0.01980262729617973,0.09964732261263559
11149,-0.23572233352106983,0.07772485948062184
11150,0.06765864847381486,0.08339442473957744
11151,0.009950330853168092,0.08794450303101352
11152,0.14842000511827322,0.08115545644371812
11153,0,0.093021202445895207
11154,0.01980262729617973,0.09964732261263559
11155,-0.020202707317519466,0.08603199614071055
11156,0.058268908123975824,0.07589043941854608
11157,0.1570037488096647,0.10593845141747171
11158,0.20701416938432612,0.1012504789407338
11159,0.08617769624105241,0.0898911062379789
11160,0.2468600779315258,0.11702760258410505
11162,0.2151113796169455,0.06555016570057723
11163,0.058268908123975824,0.06752625075748667
11164,-0.05129329438755058,0.07479769091422221
11165,0.0769610411361284,0.08668318203846807
11166,0.058268908123975824,0.08818510859153614
11167,0.2468600779315258,0.09102431503715219
11168,0.04879016416943205,0.08895580976774374
11169,0.01980262729617973,0.07000057220075763
11170,0.22314355131420976,0.06145211891625872
11171,0.2468600779315258,0.11064996852072163
11172,0.01980262729617973,0.08715190424105611
11173,0.04879016416943205,0.10105607845004784
11174,0.02955880224154443,0.08637349821613304
11175,0.06765864847381486,0.0669348011588522
11176,0.058268908123975824,0.08818510859153614
11177,0.13976194237515863,0.10759945369286261
11178,0,0.093021202445895207
11179,-0.01005033585350145,0.08085221478151769
11180,0.14842000511827322,0.11031791248450817
11181,0.06765864847381486,0.07523098527710746
11182,0.03922071315328133,0.11384875067051517
11183,0.02955880224154443,0.06936512052858618
11184,0.22314355131420976,0.10312458371945629
11185,0.04879016416943205,0.07656157886516997
11186,0.01980262729617973,0.0955160929021155
11187,0.12221763272424911,0.07929291013981145
11188,0.30010459245033816,0.08986203395205794
11189,0.3148107398400336,0.08235889752874394
11190,0.04879016416943205,0.08895580976774374
11191,0.3364722366212129,0.08382808739350829
11192,0.17395330712343798,0.07557662859473227
11193,0.23901690047049992,0.08492255491717575
11194,-0.040821994520255166,0.06945519098192862
11195,0.03922071315328133,0.12163827726785624
11196,0.02955880224154443,0.08637349821613304
11197,0.23111172096338664,0.13136137441596135
11198,0.131028262406404,0.08247007732470206
11199,0.4054651081081644,0.1042349303636377
11200,0.1823215567939546,0.09302120244589523
11201,0.25464221837358075,0.08705383521977722
11202,0.34358970439007686,0.07083492084398772
11203,0.2468600779315258,0.08431100657923836
11204,0.3364722366212129,0.11964658671659434
11205,0.37843643572024505,0.05619570362164585
11206,0.01980262729617973,0.07864830603431543
11207,0.06765864847381486,0.1260980057990912
11208,0.09531017980432493,0.06522110791320655
11209,0.17395330712343798,0.06436290067698988
11210,0.12221763272424911,0.090758652921474
11211,-0.05129329438755058,0.13178952233259014
11212,0.1823215567939546,0.07499091344318659
11213,0.131028262406404,0.08626343369588478
11214,0.1906203596086497,0.07804558407215671
11215,0.02955880224154443,0.09053845262386821
11216,0.27763173659827955,0.11999586215835928
11217,0.1906203596086497,0.08523167584855418
11218,-0.030459207484708574,0.07336116979168972
11219,0.10436001532424286,0.07667459339251934
11220,0.17395330712343798,0.09373527405529485
11221,0.009950330853168092,0.09637782035305974
11222,0.16551443847757333,0.07988217382221423
11223,-0.06187540371808753,0.0939250185930289
11224,0.09531017980432493,0.07732137659551065
11225,0.13976194237515863,0.07419234686658359
11226,0.04879016416943205,0.08895580976774374
11227,0.03922071315328133,0.0814439518325938
11228,0.03922071315328133,0.08974013595084906
11229,0.11332868530700327,0.10279696659848486
11230,0,0.1531145879848664
11231,0.058268908123975824,0.08818510859153614
11232,-0.18632957819149348,0.119959052224962
11233,0.0769610411361284,0.07458291335616396
11234,0.13976194237515863,0.08931061095146682
11235,0.1570037488096647,0.10238300788885264
11236,-0.08338160893905101,0.08650984958168542
11237,-0.040821994520255166,0.07407245400229491
11238,-0.1743533871447778,0.1089663777030914
11239,-0.15082288973458366,0.09696102188156377
11240,-0.1743533871447778,0.09905919104130487
11241,-0.07257069283483537,0.10387701798022418
11242,-0.13926206733350766,0.11031791248450819
11243,-0.11653381625595151,0.09397574731110529
11244,-0.19845093872383832,0.10632717835561552
11245,-0.08338160893905101,0.08180747452815275
11246,-0.05129329438755058,0.1018945405641958
11247,-0.07257069283483537,0.08099407605912642
11248,-0.13926206733350766,0.10557179377924618
11249,-0.13926206733350766,0.06592435279592153
11250,0.16551443847757333,0.08722336639981611
11251,0.12221763272424911,0.10565618082568938
11252,0.009950330853168092,0.06177445487409995
11253,0.12221763272424911,0.08314352525990477
11254,0,0.06685115428898164
11255,0.20701416938432612,0.05870884172693219
11256,0.28517894223366247,0.08464116179926238
11257,0.28517894223366247,0.06476056560876046
11258,0.131028262406404,0.10481835419122904
11259,0.27763173659827955,0.08195060935350804
11260,0.10436001532424286,0.08840393942552893
11261,0.131028262406404,0.12971129509400048
11262,0.1570037488096647,0.08422436242829007
11263,0.5007752879124892,0.07997179336954335
11264,0.3293037471426003,0.09667859503702408
11265,0.371563556432483,0.0959450160729284
11266,0.4637340162321402,0.0772712361520884
11267,0.19885085874516517,0.08103244159522996
11268,0.26236426446749106,0.12778538875570036
11269,0.23111172096338664,0.08210733000644747
11270,0.3220834991691132,0.08806772585050703
11271,0.1570037488096647,0.06154489172888514
11272,-0.06187540371808753,0.08019672628694513
11273,-0.09431067947124129,0.10593845141747173
11274,-0.16251892949777494,0.10292838910768176
11275,0,0.09725528551461719
11276,0.14842000511827322,0.10676246895588912
11277,-0.18632957819149348,0.08475860758876225
11278,-0.18632957819149348,0.08475860758876225
11279,0.02955880224154443,0.08217426396280882
11280,0.058268908123975824,0.10019046441306373
11281,0,0.08444614208039455
11282,0.058268908123975824,0.08411971591338466
11283,0.08617769624105241,0.0938007351897999
11284,0.009950330853168092,0.07936944266551288
11285,0.13976194237515863,0.10036239502349707
11286,-0.06187540371808753,0.08938984133933205
11287,0.02955880224154443,0.10283312179685827
11288,-0.01005033585350145,0.07643483583094902
11289,0.01980262729617973,0.07864830603431543
11290,0.02955880224154443,0.06936512052858618
11291,0.23901690047049992,0.07113241594374752
11292,0.22314355131420976,0.065057816479061
11293,0.09531017980432493,0.06928650059135802
11294,0.23111172096338664,0.08895580976774375
11295,0.11332868530700327,0.07209874136049872
11296,0.04879016416943205,0.07656157886516997
11297,0.17395330712343798,0.060569544305807174
11298,0.12221763272424911,0.10197238083921638
11299,0.0769610411361284,0.09459348129151157
11300,0.19885085874516517,0.06655759612114037
11301,0.10436001532424286,0.08840393942552893
11302,0.2468600779315258,0.08092093376359111
11303,0.01980262729617973,0.08291782117233411
11304,-0.040821994520255166,0.07864830603431554
11305,0,0.07572449240728225
11306,-0.13926206733350766,0.08613309672196534
11307,0.1906203596086497,0.06707303038799159
11308,0,0.07130711345671359
11309,0.04879016416943205,0.08895580976774374
11310,0.058268908123975824,0.08818510859153614
11311,0.02955880224154443,0.08217426396280882
11312,0.01980262729617973,0.07000057220075763
11313,-0.08338160893905101,0.08650984958168542
11314,-0.11653381625595151,0.09872186601636729
11315,-0.08338160893905101,0.09116927997111017
11316,-0.07257069283483537,0.08565350644855117
11317,-0.09431067947124129,0.08263741221686538
11318,-0.06187540371808753,0.08938984133933205
11319,-0.16251892949777494,0.08291782117233415
11320,0.058268908123975824,0.14917753239244566
11321,0,0.10561947417567659
11322,-0.020202707317519466,0.0726634387968207
11323,0.03922071315328133,0.08560890624032898
11325,0,0.11384875067051518
11326,-0.16251892949777494,0.07261031743890585
11327,-0.020202707317519466,0.08603199614071055
11328,-0.01005033585350145,0.09387940968211196
11329,0.16551443847757333,0.09804081928277682
11330,0.04879016416943205,0.093021202445895207
11331,-0.05129329438755058,0.09302120244589519
11332,0.03922071315328133,0.07724471757926958
11333,0.20701416938432612,0.08042293071611384
11334,0.01980262729617973,0.0955160929021155
11335,0,0.07572449240728225
11336,0,0.09725528551461719
11337,0.12221763272424911,0.07929291013981145
11338,-0.05129329438755058,0.0839908059666091
11339,0.23111172096338664,0.08554306071121487
11340,0.12221763272424911,0.08696529655029128
11341,0.13976194237515863,0.07801411815697011
11343,0.28517894223366247,0.06137049279311323
11344,0.13976194237515863,0.10759945369286261
11345,0.1570037488096647,0.07301063451054769
11346,0.30010459245033816,0.08348439988867452
11347,0.22314355131420976,0.10312458371945629
11348,0.25464221837358075,0.07353770488968726
11349,0.0769610411361284,0.07458291335616396
11350,0.10436001532424286,0.08061441282818786
11351,0.06765864847381486,0.07109975556658737
11352,0.17395330712343798,0.07557662859473227
11353,-0.31471074483970024,0.07764888537853332
11354,-0.2484613592984996,0.07301063451054762
11355,-0.2876820724517809,0.1042349303636377
11356,-0.18632957819149348,0.08475860758876225
11357,-0.31471074483970024,0.07764888537853332
11358,0.03922071315328133,0.08974013595084906
11359,0.03922071315328133,0.06874111937252891
11360,-0.13926206733350766,0.09106264310550458
11361,-0.2744368457017603,0.08056277012541266
11362,-0.3011050927839216,0.07667459339251936
11363,-0.2613647641344075,0.07959400432478635
11364,-0.12783337150988489,0.06522110791320658
11365,-0.3856624808119846,0.09551609290211546
11366,-0.2876820724517809,0.08155545966423267
11367,-0.19845093872383832,0.08042293071611385
11368,-0.09431067947124129,0.07784672836490669
11369,0.0769610411361284,0.07458291335616396
11370,-0.07257069283483537,0.07629170100559375
11371,0.3074846997479607,0.08925584157976126
11372,0.22314355131420976,0.08617272268459894
11373,-0.040821994520255166,0.08767870251360162
11374,0.01980262729617973,0.07000057220075763
11375,-0.08338160893905101,0.07227067197093207
11376,-0.08338160893905101,0.07227067197093207
11377,-0.01005033585350145,0.08085221478151769
11378,-0.12783337150988489,0.0997408265222958
11379,-0.09431067947124129,0.08263741221686538
11380,0.12221763272424911,0.08314352525990477
11381,-0.07257069283483537,0.090270769468917475
11382,0.2151113796169455,0.07982253919160077
11383,-0.06187540371808753,0.07553729589752038
11384,-0.2744368457017603,0.1029929351361862
11385,-0.12783337150988489,0.13207226220218823
11386,-0.2231435513142097,0.07682288697927263
11387,0.2468600779315258,0.08092093376359111
11388,0.058268908123975824,0.07172548501081089
11389,0.04879016416943205,0.10105607845004784
11390,-0.2613647641344075,0.07959400432478635
11391,-0.2613647641344075,0.0852316758485542
11392,-0.11653381625595151,0.09397574731110529
11393,-0.2613647641344075,0.0852316758485542
11394,-0.12783337150988489,0.08030212946501496
11395,-0.16251892949777494,0.08799452058721584
11396,-0.31471074483970024,0.0953455986376609
11397,-0.2744368457017603,0.06896672365727176
11398,0,0.07572449240728225
11399,-0.05129329438755058,0.08852598322030597
11400,0.058268908123975824,0.07589043941854608
11401,0.1906203596086497,0.09231795756318026
11402,0.17395330712343798,0.06812826154312385
11403,0.1570037488096647,0.07301063451054769
11404,0.03922071315328133,0.10990893123484664
11405,0.058268908123975824,0.07172548501081089
11406,0.06765864847381486,0.07523098527710746
11407,0.11332868530700327,0.06812826154312375
11408,0.08617769624105241,0.06578249151831278
11409,0.1906203596086497,0.081651281634959
11410,0.1570037488096647,0.06539550684897846
11411,0.14842000511827322,0.0659243527959216
11412,0.04879016416943205,0.07236234461184575
11413,0.23111172096338664,0.07516567079431552
11414,0.19885085874516517,0.08103244159522996
11415,0.29266961396282004,0.06765210277628779
11416,0.20701416938432612,0.08395376890212086
11417,0.3293037471426003,0.10868395085855174
11418,0.16551443847757333,0.07617158232778586
11419,-0.020202707317519466,0.09041145720774703
11420,0.131028262406404,0.07479769091422223
11421,0.1906203596086497,0.09582452862836498
11422,0.09531017980432493,0.09687181756598853
11423,0.06765864847381486,0.07109975556658737
11424,-0.030459207484708574,0.0823915662709758
11425,0.058268908123975824,0.08818510859153614
11426,-0.06187540371808753,0.08481398930731142
11427,0.13976194237515863,0.07801411815697011
11428,0.12221763272424911,0.05959146313584225
11429,0.06765864847381486,0.08339442473957744
11430,0.08617769624105241,0.07394593098078278
11431,0.058268908123975824,0.08002166912906615
11432,0.131028262406404,0.10116096160010016
11433,0.35065687161316933,0.07659102872414277
11434,0.3220834991691132,0.09116927997111017
11435,0.35065687161316933,0.07348947460353963
11436,0.0769610411361284,0.08268156088488343
11437,0.2700271372130602,0.07249107837437387
11438,0.26236426446749106,0.07976840326055816
11440,0.08617769624105241,0.0698805383026313
11441,0.29266961396282004,0.0742782229430282
11442,0.058268908123975824,0.08818510859153614
11443,0.1823215567939546,0.08946575891727616
11444,0.25464221837358075,0.07695045394621614
11445,0.3852624007906449,0.10332870617932356
11446,0.20701416938432612,0.07686748718749478
11447,0.16551443847757333,0.07617158232778586
11448,0.17395330712343798,0.07557662859473227
11449,0.058268908123975824,0.09221836344210414
11450,0.08617769624105241,0.08595128680231037
11451,0.06765864847381486,0.09142930074373008
11452,-0.16251892949777494,0.08799452058721584
11453,0.02955880224154443,0.0946696823343883
11454,0.08617769624105241,0.06578249151831278
11455,0.17395330712343798,0.0972907175839139
11456,0.058268908123975824,0.06752625075748667
11457,-0.06187540371808753,0.08938984133933205
11458,0.03922071315328133,0.07301063451054758
11459,0.10436001532424286,0.07270411357514436
11460,-0.020202707317519466,0.09905919104130483
11461,-0.01005033585350145,0.08085221478151769
11462,-0.12783337150988489,0.09011404881597802
11463,-0.08338160893905101,0.07706135582289075
11464,-0.020202707317519466,0.09041145720774703
11465,0.12221763272424911,0.10931357341681826
11466,0.13976194237515863,0.09670500243236821
11467,0.0769610411361284,0.09065366185584305
11468,0.06765864847381486,0.09142930074373008
11469,-0.11653381625595151,0.10808367145932471
11470,-0.08338160893905101,0.10036239502349709
11471,-0.10536051565782628,0.0688363866833524
11472,-0.35667494393873245,0.08072653327290517
11473,-0.2744368457017603,0.09190110521965257
11474,-0.2744368457017603,0.07479769091422216
11475,-0.2876820724517809,0.13123615559544505
11476,-0.05129329438755058,0.07013826052479745
11477,-0.21072103131565253,0.08134068210617447
11478,-0.2484613592984996,0.0897401359508491
11479,-0.2744368457017603,0.08056277012541266
11480,-0.2484613592984996,0.08422436242829011
11481,-0.2613647641344075,0.09080773224252883
11482,0.11332868530700327,0.06412664038953911
11483,-0.2744368457017603,0.08626343369588471
11484,-0.21072103131565253,0.08134068210617447
11485,-0.13926206733350766,0.07612877458503865
11486,-0.10536051565782628,0.12060651942052565
11487,-0.18632957819149348,0.13433194863654177
11488,-0.040821994520255166,0.07407245400229491
11489,-0.13926206733350766,0.07612877458503865
11490,0.08617769624105241,0.0898911062379789
11491,-0.06187540371808753,0.08019672628694513
11492,-0.16251892949777494,0.07779009879809871
11493,0.12221763272424911,0.07541301249429137
11494,0.25464221837358075,0.08370822269622667
11495,0,0.07130711345671359
11496,0,0.06685115428898164
11497,-0.2613647641344075,0.0738933407543143
11498,-0.08338160893905101,0.09578654299147647
11499,0.13976194237515863,0.10399375613006032
11500,-0.05129329438755058,0.07479769091422221
11501,-0.040821994520255166,0.07864830603431554
11502,-0.2231435513142097,0.07130711345671363
11503,-0.2484613592984996,0.10059595148517807
11504,-0.2484613592984996,0.0897401359508491
11505,-0.030459207484708574,0.07789634704538657
11506,0.1823215567939546,0.07864830603431547
11507,-0.16251892949777494,0.07261031743890585
11508,-0.01005033585350145,0.09814892482013064
11509,-0.2876820724517809,0.08732053887542317
11510,-0.08338160893905101,0.07227067197093207
11511,-0.2484613592984996,0.08422436242829011
11512,-0.19845093872383832,0.08042293071611385
11513,-0.23572233352106983,0.07214880308664721
11514,-0.23572233352106983,0.10995899296099508
11515,-0.19845093872383832,0.08042293071611385
11516,-0.18632957819149348,0.08993838894795511
11517,-0.18632957819149348,0.08993838894795511
11518,-0.08338160893905101,0.10036239502349709
11519,-0.15082288973458366,0.07695045394621615
11520,-0.15082288973458366,0.08705383521977725
11521,-0.05129329438755058,0.11492173546479009
11522,-0.030459207484708574,0.08684752543870776
11523,0.009950330853168092,0.07502725405943704
11524,0.09531017980432493,0.07732137659551065
11525,-0.1743533871447778,0.06812826154312379
11526,-0.08338160893905101,0.07227067197093207
11527,0.43178241642553783,0.06812826154312379
11528,0.36464311358790924,0.06009338553897119
11529,0.4252677354043441,0.06854492476075437
11530,0.371563556432483,0.07511746784830842
11531,0.4762341789963717,0.06534785094742747
11532,0.4252677354043441,0.06268044546190996
11533,0.4574248470388755,0.09140407246565077
11534,0.3293037471426003,0.09667859503702408
11535,0.35065687161316933,0.06722922328118544
11536,0.5247285289349821,0.07038747150012992
11537,0.3852624007906449,0.10332870617932356
11538,0.3364722366212129,0.07130711345671369
21001,-0.13926206733350766,0.09106264310550458
21002,-0.10536051565782628,0.08827508374063324
21003,-0.15082288973458366,0.08202715336109784
21004,-0.13926206733350766,0.07612877458503865
21005,-0.06187540371808753,0.11167303700395521
21006,-0.16251892949777494,0.11743753978142338
21007,-0.16251892949777494,0.10292838910768176
21008,-0.08338160893905101,0.09116927997111017
21009,-0.3011050927839216,0.08257297216857855
21010,-0.21072103131565253,0.08134068210617447
21011,-0.23572233352106983,0.0886974131647869
21012,-0.16251892949777494,0.08799452058721584
21013,-0.21072103131565253,0.09197031828109387
21014,-0.23572233352106983,0.0886974131647869
21015,-0.16251892949777494,0.09302120244589525
21016,-0.10536051565782628,0.12060651942052565
21017,-0.19845093872383832,0.09094297520730553
21018,-0.05129329438755058,0.07941495393458849
21019,-0.05129329438755058,0.09747716161362714
21020,0.13976194237515863,0.08180747452815282
21021,-0.05129329438755058,0.09302120244589519
21022,0.09531017980432493,0.07732137659551065
21023,0.009950330853168092,0.104674004471315
21024,-0.020202707317519466,0.10756278924804549
21025,-0.020202707317519466,0.09905919104130483
21026,-0.030459207484708574,0.0823915662709758
21027,-0.11653381625595151,0.10808367145932471
21028,-0.1743533871447778,0.07341539778574961
21029,0,0.08875168730787653
21030,-0.11653381625595151,0.0891850634591466
21031,-0.11653381625595151,0.09872186601636729
21032,0.03922071315328133,0.07724471757926958
21033,-0.10536051565782628,0.07864830603431548
21034,-0.19845093872383832,0.10125047894073384
21035,-0.2484613592984996,0.07864830603431548
21036,-0.21072103131565253,0.08134068210617447
21037,-0.12783337150988489,0.09011404881597802
21038,-0.4155154439616658,0.09173117879622243
21039,-0.23572233352106983,0.0886974131647869
21040,-0.2613647641344075,0.07959400432478635
21041,-0.13926206733350766,0.07612877458503865
21042,-0.16251892949777494,0.07261031743890585
21043,-0.37106368139083207,0.08806772585050701
21044,-0.2613647641344075,0.10178028592669387
21045,-0.3285040669720361,0.09655204063190227
21046,-0.21072103131565253,0.09720322652965972
21047,-0.2876820724517809,0.09302120244589522
21048,-0.19845093872383832,0.0961227565664984
21049,-0.2876820724517809,0.1097507038861967
21050,-0.21072103131565253,0.07594164673345154
21051,-0.19845093872383832,0.11633150049254222
21052,-0.19845093872383832,0.11135386021429493
21053,-0.19845093872383832,0.0961227565664984
21054,-0.030459207484708574,0.0823915662709758
21055,0.01980262729617973,0.07434276080683347
21056,0.11332868530700327,0.09150047380398815
21057,-0.18632957819149348,0.08475860758876225
21058,0.009950330853168092,0.09217858609973552
21059,-0.07257069283483537,0.12577755099911905
21060,0.02955880224154443,0.07794018089408683
21061,-0.06187540371808753,0.12459028597553169
21062,0.03922071315328133,0.09383818273516757
21063,0.01980262729617973,0.1037453693969541
21064,-0.06187540371808753,0.09842023781861813
21065,-0.15082288973458366,0.10667948870334668
21066,-0.13926206733350766,0.08115545644371806
21067,-0.12783337150988489,0.07029780732808825
21068,-0.11653381625595151,0.11270093447969101
21069,-0.2613647641344075,0.09080773224252883
21070,-0.05129329438755058,0.0839908059666091
21071,-0.1743533871447778,0.1089663777030914
21072,-0.05129329438755058,0.0839908059666091
21073,0,0.093021202445895207
21074,-0.040821994520255166,0.07407245400229491
21075,-0.020202707317519466,0.09905919104130483
21076,-0.10536051565782628,0.07864830603431548
21077,-0.12783337150988489,0.07532448918676767
21078,-0.16251892949777494,0.09302120244589525
21079,-0.15082288973458366,0.08202715336109784
21081,-0.2484613592984996,0.10059595148517807
21082,-0.2484613592984996,0.07864830603431548
21084,-0.19845093872383832,0.09094297520730553
21085,-0.07257069283483537,0.09484662150093809
21086,-0.342490308946776,0.1095188456310669
21087,-0.18632957819149348,0.09506611132219056
21088,0.3293037471426003,0.2365759022382965
21089,-0.10536051565782628,0.08827508374063324
21090,-0.10536051565782628,0.07864830603431548
21091,0.058268908123975824,0.13828308113195126
21092,-0.18632957819149348,0.24818069930705697
21093,-0.05129329438755058,0.07013826052479745
21094,-0.13926206733350766,0.08115545644371806
21095,-0.13926206733350766,0.08115545644371806
21096,-0.2231435513142097,0.09302120244589518
21097,-0.13926206733350766,0.08115545644371806
21098,-0.18632957819149348,0.09506611132219056
21099,-0.19845093872383832,0.10632717835561552
21100,-0.23572233352106983,0.09409644853750983
21101,-0.2484613592984996,0.07301063451054762
21102,-0.21072103131565253,0.08668318203846805
21103,-0.2484613592984996,0.09519691611245515
21104,-0.21072103131565253,0.10238300788885259
21105,-0.2744368457017603,0.08626343369588471
21106,-0.18632957819149348,0.09506611132219056
21107,-0.2613647641344075,0.0852316758485542
21108,-0.2876820724517809,0.07572449240728227
21109,-0.1743533871447778,0.09905919104130487
21110,-0.16251892949777494,0.1078107620751056
21111,-0.2484613592984996,0.07864830603431548
21112,-0.2484613592984996,0.08422436242829011
21113,-0.23572233352106983,0.0886974131647869
21114,-0.08338160893905101,0.07227067197093207
21115,-0.2613647641344075,0.1071793212994168
21116,-0.18632957819149348,0.09506611132219056
21117,-0.11653381625595151,0.0891850634591466
21118,-0.19845093872383832,0.12126104687608145
21119,-0.01005033585350145,0.08523167584855416
21120,-0.2613647641344075,0.13842606887121206
21121,-0.2484613592984996,0.11645849590866333
21122,-0.2231435513142097,0.10354124693708686
21123,-0.23572233352106983,0.09409644853750983
21124,-0.21072103131565253,0.09197031828109387
21125,-0.01005033585350145,0.09814892482013064
21126,-0.08338160893905101,0.08650984958168542
21128,-0.01005033585350145,0.08523167584855416
21129,-0.05129329438755058,0.1018945405641958
21130,-0.18632957819149348,0.10014281073707224
21131,-0.1743533871447778,0.11384875067051523
21132,-0.23572233352106983,0.10472608471242922
21133,-0.13926206733350766,0.08115545644371806
21134,-0.18632957819149348,0.08993838894795511
21135,-0.07257069283483537,0.09484662150093809
21136,-0.10536051565782628,0.08348439988867455
21137,-0.030459207484708574,0.0823915662709758
21138,0.01980262729617973,0.07434276080683347
21139,-0.12783337150988489,0.0997408265222958
21140,-0.10536051565782628,0.09302120244589525
21141,-0.15082288973458366,0.09696102188156377
21142,-0.11653381625595151,0.09397574731110529
21143,-0.12783337150988489,0.08523167584855419
21144,-0.10536051565782628,0.07376593306689164
21145,-0.11653381625595151,0.08434896960478752
21146,-0.040821994520255166,0.11384875067051518
21147,-0.030459207484708574,0.07789634704538657
21148,-0.08338160893905101,0.06743457811657298
21149,-0.06187540371808753,0.08019672628694513
21150,-0.07257069283483537,0.08099407605912642
21151,0.04879016416943205,0.08072653327290515
21152,0.058268908123975824,0.08411971591338466
21153,0,0.062355935063392404
21154,-0.06187540371808753,0.09842023781861813
21155,0.058268908123975824,0.07589043941854608
21156,-0.2231435513142097,0.08227966714087867
21157,-0.10536051565782628,0.07376593306689164
21158,-0.05129329438755058,0.06543588547126479
21159,-0.06187540371808753,0.07553729589752038
21160,-0.1743533871447778,0.08382808739350833
21161,0,0.06685115428898164
21162,-0.07257069283483537,0.090270769468917475
21163,-0.07257069283483537,0.08565350644855117
21164,-0.040821994520255166,0.07407245400229491
21165,-0.08338160893905101,0.07227067197093207
21166,-0.07257069283483537,0.08099407605912642
21167,0.009950330853168092,0.08794450303101352
21168,0.1823215567939546,0.08227966714087871
21169,0.14842000511827322,0.06977496791601492
21170,0,0.07130711345671359
21171,0.03922071315328133,0.08974013595084906
21172,0.12221763272424911,0.06756356410680185
21173,0.10436001532424286,0.08840393942552893
21174,-0.06187540371808753,0.07553729589752038
21175,-0.08338160893905101,0.06743457811657298
21176,-0.1743533871447778,0.08895580976774378
21177,-0.16251892949777494,0.06737740919033999
21178,-0.21072103131565253,0.08668318203846805
21179,-0.12783337150988489,0.08523167584855419
21180,-0.09431067947124129,0.11047362867116857
21181,-0.05129329438755058,0.10627400163123228
21182,-0.07257069283483537,0.090270769468917475
21183,-0.05129329438755058,0.10627400163123228
21184,-0.040821994520255166,0.11384875067051518
21185,0.13976194237515863,0.07801411815697011
21186,0.11332868530700327,0.08767870251360163
21187,-0.020202707317519466,0.09905919104130483
21188,0.09531017980432493,0.07331975544192601
21189,0.06765864847381486,0.09142930074373008
21190,0.0769610411361284,0.09459348129151157
21191,-0.030459207484708574,0.0823915662709758
21193,0.02955880224154443,0.09053845262386821
21194,0.009950330853168092,0.07064779299240058
21195,-0.09431067947124129,0.06812826154312379
21196,-0.08338160893905101,0.09116927997111017
21197,0.0769610411361284,0.07458291335616396
21198,-0.18632957819149348,0.08993838894795511
21199,-0.2744368457017603,0.08056277012541266
21200,-0.12783337150988489,0.07532448918676767
21201,-0.020202707317519466,0.09041145720774703
21202,-0.07257069283483537,0.08099407605912642
21203,-0.13926206733350766,0.07105207517015696
21204,-0.11653381625595151,0.09397574731110529
21205,-0.18632957819149348,0.09506611132219056
21206,-0.3011050927839216,0.07667459339251936
21207,-0.2484613592984996,0.07301063451054762
21208,-0.3011050927839216,0.07667459339251936
21209,-0.020202707317519466,0.0726634387968207
21210,-0.01005033585350145,0.11487842626043211
21211,0.02955880224154443,0.0987677291187068
21212,0.009950330853168092,0.07502725405943704
21213,-0.09431067947124129,0.07784672836490669
21214,0.04879016416943205,0.10105607845004784
21215,0.03922071315328133,0.09383818273516757
21216,-0.2744368457017603,0.0974771616136272
21217,-0.31471074483970024,0.0953455986376609
21218,-0.16251892949777494,0.06737740919033999
21219,-0.342490308946776,0.07348947460353965
21220,-0.21072103131565253,0.09197031828109387
21221,-0.2613647641344075,0.09080773224252883
21222,-0.12783337150988489,0.07532448918676767
21223,-0.37106368139083207,0.0754694541207257
21224,0.0769610411361284,0.09065366185584305
21225,-0.11653381625595151,0.0891850634591466
21226,-0.2744368457017603,0.0974771616136272
21228,-0.13926206733350766,0.07612877458503865
21229,-0.2876820724517809,0.06982611363122308
21230,-0.2231435513142097,0.10872102829627972
21231,-0.11653381625595151,0.0891850634591466
21232,-0.09431067947124129,0.08263741221686538
21233,-0.06187540371808753,0.11601522561003105
21234,0.08617769624105241,0.1015312479554133
21235,0.058268908123975824,0.07589043941854608
21236,-0.35667494393873245,0.09905919104130485
21237,-0.4155154439616658,0.09173117879622243
21238,-0.3011050927839216,0.06466923757099174
21239,-0.342490308946776,0.07967384222208293
21240,0.1906203596086497,0.08523167584855418
21241,0.01980262729617973,0.07000057220075763
21242,-0.35667494393873245,0.09905919104130485
21243,-0.342490308946776,0.07348947460353965
21244,-0.01005033585350145,0.07197887666321708
21245,-0.19845093872383832,0.07508043078382028
21246,-0.10536051565782628,0.07376593306689164
21247,-0.342490308946776,0.10368787837411651
21248,-0.16251892949777494,0.12218365848668537
21249,-0.23572233352106983,0.08324063300318084
21250,-0.1743533871447778,0.10403683131955216
21251,0.058268908123975824,0.08818510859153614
21252,0.06765864847381486,0.06273556690552798
21253,0.12221763272424911,0.0635930842894269
21254,0.02955880224154443,0.06936512052858618
21255,-0.020202707317519466,0.08603199614071055
21256,-0.030459207484708574,0.09564436545631289
21257,0.12221763272424911,0.10197238083921638
21258,-0.11653381625595151,0.08434896960478752
21259,0.13976194237515863,0.07801411815697011
21260,0.08617769624105241,0.0698805383026313
21261,0.131028262406404,0.06700816431688116
21262,0.06765864847381486,0.07523098527710746
21263,0.04879016416943205,0.093021202445895207
21264,0.11332868530700327,0.06009338553897111
21265,0.1570037488096647,0.07677599537668164
21266,0.09531017980432493,0.06928650059135802
21267,0.03922071315328133,0.07724471757926958
21268,0,0.10145451976794141
21269,-0.030459207484708574,0.08684752543870776
21270,0.25464221837358075,0.08034052676186339
21271,0.10436001532424286,0.08840393942552893
21272,0.1570037488096647,0.0805137709338617
21273,-0.020202707317519466,0.07715865802240994
21274,-0.01005033585350145,0.09387940968211196
21275,0.06765864847381486,0.08742767959014544
21276,0.0769610411361284,0.07458291335616396
21277,0.06765864847381486,0.08339442473957744
21278,0.12221763272424911,0.07150338354247038
21279,0.12221763272424911,0.09452401378760796
21280,0.06765864847381486,0.09539978056110504
21281,0.1823215567939546,0.07499091344318659
21282,0.06765864847381486,0.07523098527710746
21283,0.08617769624105241,0.0898911062379789
21284,-0.07257069283483537,0.10387701798022418
21285,0.06765864847381486,0.09539978056110504
21286,0,0.07572449240728225
21287,-0.08338160893905101,0.08180747452815275
21288,-0.05129329438755058,0.09302120244589519
21289,0.02955880224154443,0.06936512052858618
21290,-0.030459207484708574,0.07789634704538657
21291,-0.11653381625595151,0.09872186601636729
21292,-0.09431067947124129,0.09208590597566005
21293,-0.040821994520255166,0.07864830603431554
21294,-0.15082288973458366,0.08705383521977725
21295,-0.37106368139083207,0.10036239502349707
21296,-0.23572233352106983,0.07772485948062184
21297,-0.2744368457017603,0.09190110521965257
21298,-0.1743533871447778,0.07341539778574961
21299,-0.08338160893905101,0.08180747452815275
21300,0.01980262729617973,0.08291782117233411
21301,-0.030459207484708574,0.09126490438927642
21302,-0.13926206733350766,0.08613309672196534
21303,0.06765864847381486,0.09142930074373008
21304,-0.030459207484708574,0.09126490438927642
21305,-0.1743533871447778,0.07864830603431548
21306,-0.13926206733350766,0.09594501607292842
21307,-0.19845093872383832,0.08571006695873967
21308,0.19885085874516517,0.09856695358717271
21309,-0.12783337150988489,0.08030212946501496
21310,-0.16251892949777494,0.08799452058721584
21311,-0.1743533871447778,0.05738672623810728
21312,-0.31471074483970024,0.07764888537853332
21313,-0.09431067947124129,0.08263741221686538
21314,-0.2231435513142097,0.07130711345671363
21315,-0.40047756659712525,0.07097591962383558
21316,-0.3011050927839216,0.09416901863671945
21317,-0.31471074483970024,0.07764888537853332
21318,-0.35667494393873245,0.09302120244589523
21319,-0.08338160893905101,0.07706135582289075
21320,-0.19845093872383832,0.08042293071611385
21321,-0.040821994520255166,0.06945519098192862
21322,-0.11653381625595151,0.06955940997557716
21323,-0.020202707317519466,0.07715865802240994
21324,-0.07257069283483537,0.08099407605912642
21325,-0.11653381625595151,0.06453272811689775
21326,-0.13926206733350766,0.07612877458503865
21327,-0.020202707317519466,0.0726634387968207
21328,-0.31471074483970024,0.1011106778488514
21329,-0.3285040669720361,0.11384875067051521
21330,-0.21072103131565253,0.07594164673345154
21331,-0.2744368457017603,0.09190110521965257
21332,-0.21072103131565253,0.08134068210617447
21333,-0.2613647641344075,0.0852316758485542
21334,-0.2484613592984996,0.0897401359508491
21335,-0.37106368139083207,0.08180747452815282
21336,-0.3285040669720361,0.10238300788885267
21337,-0.37106368139083207,0.08806772585050701
21338,-0.31471074483970024,0.08361625260465132
21339,-0.2231435513142097,0.098308338688521
21340,-0.16251892949777494,0.07779009879809871
21341,-0.1743533871447778,0.08895580976774378
21342,-0.21072103131565253,0.09197031828109387
21343,-0.2744368457017603,0.08056277012541266
21344,-0.1743533871447778,0.09403250918262546
21345,-0.10536051565782628,0.14677656757743923
21346,-0.19845093872383832,0.10125047894073384
21347,-0.4155154439616658,0.09173117879622243
21348,-0.342490308946776,0.09182213237193933
21349,-0.2613647641344075,0.09080773224252883
21350,-0.2876820724517809,0.13123615559544505
21351,-0.3285040669720361,0.08468629462972509
21352,-0.2484613592984996,0.09519691611245515
21353,-0.2744368457017603,0.08626343369588471
21354,-0.2484613592984996,0.08422436242829011
21355,-0.2744368457017603,0.08626343369588471
21356,-0.23572233352106983,0.08324063300318084
21357,-0.2613647641344075,0.07959400432478635
21358,-0.2744368457017603,0.10844971529779224
21359,-0.3011050927839216,0.0998696822071915
21360,-0.31471074483970024,0.10681134141932346
21361,-0.2613647641344075,0.0852316758485542
21362,-0.3011050927839216,0.08840393942552895
21363,-0.2876820724517809,0.09302120244589522
21364,-0.2613647641344075,0.09080773224252883
21365,-0.3285040669720361,0.09065366185584309
21366,-0.3011050927839216,0.10550735373095936
21367,-0.2231435513142097,0.07682288697927263
21368,-0.2231435513142097,0.09302120244589518
21369,-0.31471074483970024,0.0953455986376609
21370,0.1570037488096647,0.07677599537668164
21371,0.3148107398400336,0.07598126346536052
21372,0.23111172096338664,0.0716590997291308
21373,0.412109650826833,0.07233441959163503
21374,0.30010459245033816,0.06385874640510507
21375,0.22314355131420976,0.08271369871246691
21376,0.08617769624105241,0.09768063283531997
21377,0.5068176023684519,0.0768889798716032
21378,0.494696241836107,0.07775867358287318
21379,0.3293037471426003,0.07178565413425272
21380,0.5481214085096876,0.05050093548410756
21381,0.4637340162321402,0.06892983921253254
21382,0.494696241836107,0.07775867358287318
21383,0.3074846997479607,0.06671950570571153
21384,0.5187937934151675,0.04917951309952346
21385,0.44468582126144574,0.06443557414504697
21386,-0.2231435513142097,0.11892545008539684
21387,-0.2484613592984996,0.0897401359508491
21388,-0.15082288973458366,0.1018433948489876
21389,-0.1743533871447778,0.09905919104130487
21390,-0.08338160893905101,0.09116927997111017
21391,-0.21072103131565253,0.09720322652965972
21392,-0.21072103131565253,0.08668318203846805
21393,-0.05129329438755058,0.09302120244589519
21394,-0.1743533871447778,0.08895580976774378
21395,0.009950330853168092,0.09637782035305974
21396,0.01980262729617973,0.11981611789663317
21397,0.04879016416943205,0.06812826154312375
21398,-0.040821994520255166,0.06479576059250386
21399,-0.020202707317519466,0.11176202350136971
21400,-0.05129329438755058,0.08852598322030597
21401,0.01980262729617973,0.08715190424105611
21402,-0.05129329438755058,0.1481174463561482
21403,-0.08338160893905101,0.14399615698174295
21404,0,0.10561947417567659
21405,0.01980262729617973,0.08291782117233411
21406,0.02955880224154443,0.07794018089408683
21407,0,0.08444614208039455
21408,0.09531017980432493,0.09687181756598853
21409,0.16551443847757333,0.10159626281139587
21410,-0.030459207484708574,0.09126490438927642
21411,-0.08338160893905101,0.10939279150278318
21412,-0.05129329438755058,0.07941495393458849
21413,0.009950330853168092,0.07064779299240058
21414,-0.030459207484708574,0.10856161442788936
21415,0.10436001532424286,0.10363504307332544
21416,0.02955880224154443,0.08217426396280882
21417,-0.030459207484708574,0.0823915662709758
21418,0.01980262729617973,0.09135113849438033
21419,0.009950330853168092,0.07502725405943704
21420,-0.16251892949777494,0.08291782117233415
21421,-0.18632957819149348,0.12479514607932109
21422,0.04879016416943205,0.12822164708209496
21423,-0.18632957819149348,0.08475860758876225
21424,-0.2484613592984996,0.14677656757743926
21425,-0.13926206733350766,0.13790322945913858
21426,-0.2613647641344075,0.09632350576508783
21427,-0.23572233352106983,0.0886974131647869
21428,-0.2744368457017603,0.1029929351361862
21429,-0.16251892949777494,0.08799452058721584
21430,-0.16251892949777494,0.09302120244589525
21431,-0.3856624808119846,0.13154546392964273
21432,-0.11653381625595151,0.0891850634591466
21433,-0.2484613592984996,0.10593845141747166
31001,-0.030459207484708574,0.0823915662709758
31002,0,0.08010395347431873
31003,-0.07257069283483537,0.08565350644855117
31004,-0.030459207484708574,0.07336116979168972
31005,-0.16251892949777494,0.18017310668695136
31006,0.02955880224154443,0.10283312179685827
31007,-0.030459207484708574,0.08684752543870776
31008,0,0.11384875067051518
31009,-0.07257069283483537,0.090270769468917475
31010,-0.09431067947124129,0.0967453363650848
31011,-0.07257069283483537,0.08099407605912642
31012,-0.020202707317519466,0.09041145720774703
31013,-0.09431067947124129,0.08738353092212739
31014,-0.020202707317519466,0.17831961962251008
31015,0.04879016416943205,0.10896637770309134
31016,-0.05129329438755058,0.09302120244589519
31017,-0.020202707317519466,0.12005820761962498
31018,-0.09431067947124129,0.08263741221686538
31019,0,0.12194739819923466
31020,0.0769610411361284,0.09459348129151157
31021,-0.11653381625595151,0.09397574731110529
31022,0.12221763272424911,0.07929291013981145
31023,0.1823215567939546,0.085885364703681
31024,0.09531017980432493,0.09302120244589522
31025,0.08617769624105241,0.08595128680231037
31026,0.12221763272424911,0.08696529655029128
31027,0.0769610411361284,0.07458291335616396
31028,0.06765864847381486,0.08742767959014544
31029,0.03922071315328133,0.09383818273516757
31030,0.0769610411361284,0.09850311024333255
31031,0.058268908123975824,0.08002166912906615
31032,0.03922071315328133,0.10193683026388704
31033,0.08617769624105241,0.0938007351897999
31034,0.058268908123975824,0.09621998459568877
31035,0.09531017980432493,0.08523167584855415
31036,0.09531017980432493,0.11938447313177315
31037,0.13976194237515863,0.15883350866584595
31038,0.03922071315328133,0.09790357541331904
31039,-0.01005033585350145,0.10238300788885263
31040,0.12221763272424911,0.08314352525990477
31041,0.13976194237515863,0.08557283539428678
31042,0.1570037488096647,0.09519691611245519
31043,0.131028262406404,0.11205541286059456
31044,0.13976194237515863,0.09670500243236821
31045,0.04879016416943205,0.08485776298342522
31046,0.01980262729617973,0.0955160929021155
31047,-0.06187540371808753,0.0939250185930289
31048,0.01980262729617973,0.1158456380792582
31049,-0.01005033585350145,0.09387940968211196
31050,-0.040821994520255166,0.09655204063190224
31051,0.02955880224154443,0.07367066575606815
31052,-0.07257069283483537,0.09484662150093809
31053,-0.040821994520255166,0.08767870251360162
31054,0.009950330853168092,0.10877205125563351
31055,-0.030459207484708574,0.09564436545631289
31056,-0.05129329438755058,0.09747716161362714
31057,-0.020202707317519466,0.1033287061793235
31058,-0.08338160893905101,0.10036239502349709
31059,0.009950330853168092,0.09217858609973552
31060,-0.1743533871447778,0.07341539778574961
31061,-0.19845093872383832,0.10632717835561552
31062,-0.07257069283483537,0.08565350644855117
31063,-0.10536051565782628,0.07376593306689164
31064,-0.030459207484708574,0.0823915662709758
31065,-0.13926206733350766,0.09106264310550458
31066,-0.10536051565782628,0.09302120244589525
31067,-0.19845093872383832,0.12126104687608145
31068,-0.030459207484708574,0.09564436545631289
31069,-0.2744368457017603,0.11919125060280875
31070,-0.10536051565782628,0.08348439988867455
31071,-0.01005033585350145,0.08957386445462999
31072,-0.21072103131565253,0.09720322652965972
31073,-0.19845093872383832,0.08042293071611385
31074,-0.16251892949777494,0.10292838910768176
31075,-0.12783337150988489,0.0997408265222958
31076,-0.08338160893905101,0.07706135582289075
31077,-0.2744368457017603,0.10844971529779224
31078,-0.23572233352106983,0.0994389484698034
31079,-0.19845093872383832,0.09094297520730553
31080,-0.19845093872383832,0.08571006695873967
31081,0.04879016416943205,0.11287600665491233
31082,0,0.10561947417567659
31083,-0.07257069283483537,0.1214720057716371
31084,0.08617769624105241,0.09768063283531997
31085,0.009950330853168092,0.12484279975531258
31086,0.03922071315328133,0.11384875067051517
31087,0.25464221837358075,0.09037765206732504
31088,0.2151113796169455,0.09370650017368484
31089,0.1570037488096647,0.12676599964209168
31090,0.17395330712343798,0.09015487984169966
31091,0.14842000511827322,0.09957637717949165
31092,0.20701416938432612,0.12776054982374968
31093,0.04879016416943205,0.12060651942052572
31094,0.131028262406404,0.09376657011919878
31095,0.03922071315328133,0.11384875067051517
31096,0.131028262406404,0.12622865985400053
31097,0.13976194237515863,0.11473529143507684
31098,0.13976194237515863,0.08931061095146682
31099,0.1570037488096647,0.13352376839210223
31100,0.1570037488096647,0.09880261367525747
31101,0.11332868530700327,0.10650755809291325
31103,0.2151113796169455,0.07629170100559375
31104,0.11332868530700327,0.09905919104130483
31105,0.02955880224154443,0.10283312179685827
31106,0.058268908123975824,0.12338555322773588
31107,0.058268908123975824,0.13088868965104988
31108,-0.040821994520255166,0.11384875067051518
31109,0.09531017980432493,0.10448694522755778
31110,0.009950330853168092,0.11283744393378498
31111,0.01980262729617973,0.1158456380792582
31112,0.058268908123975824,0.13459928114547826
31113,0.04879016416943205,0.13943537499983732
31114,0.009950330853168092,0.1287826191909811
31115,-0.020202707317519466,0.12005820761962498
31116,-0.030459207484708574,0.12938916265250938
31117,0.009950330853168092,0.08794450303101352
31118,-0.06187540371808753,0.10729357593691875
31119,0.1906203596086497,0.10620191854526433
31120,0.12221763272424911,0.10197238083921638
31121,0.17395330712343798,0.10082155576992094
31122,0.28517894223366247,0.09109952755024375
31123,0.10436001532424286,0.09986968220719149
31124,0.19885085874516517,0.12214493478877048
31125,0.13976194237515863,0.11473529143507684
31126,0.02955880224154443,0.0946696823343883
31127,0.02955880224154443,0.10686637664742628
31128,0.01980262729617973,0.09964732261263559
31129,0.009950330853168092,0.12484279975531258
31130,0.10436001532424286,0.09986968220719149
31131,0.131028262406404,0.09002879456201873
31132,0.19885085874516517,0.08811872330985604
31133,0.1823215567939546,0.1272759487916241
31134,0.27763173659827955,0.09814892482013066
31135,0.1823215567939546,0.10700027090921892
31136,0.11332868530700327,0.10279696659848486
31137,0.11332868530700327,0.11748011177707836
31138,-0.11653381625595151,0.11727678651171163
31139,-0.18632957819149348,0.10014281073707224
31140,-0.13926206733350766,0.11031791248450819
31141,-0.19845093872383832,0.08571006695873967
31142,-0.2484613592984996,0.11645849590866333
31143,-0.2484613592984996,0.1216382772678562
31144,-0.21072103131565253,0.15147894263097192
31145,-0.2231435513142097,0.10354124693708686
31146,-0.01005033585350145,0.10238300788885263
31147,-0.1743533871447778,0.1186848445248743
31148,-0.23572233352106983,0.0994389484698034
31149,-0.05129329438755058,0.09302120244589519
31151,-0.12783337150988489,0.127577042976599
31152,-0.15082288973458366,0.11147017255530538
31153,-0.16251892949777494,0.11743753978142338
31154,-0.1743533871447778,0.08895580976774378
31155,-0.19845093872383832,0.11135386021429493
31156,-0.08338160893905101,0.09578654299147647
31157,-0.18632957819149348,0.119959052224962
31158,-0.2484613592984996,0.1216382772678562
31159,-0.18632957819149348,0.11507667925753817
31160,-0.2613647641344075,0.09632350576508783
31161,-0.21072103131565253,0.10238300788885259
31163,-0.2876820724517809,0.18604240489179047
31164,-0.3011050927839216,0.12205596380909903
31165,-0.342490308946776,0.12098458841272945
31166,-0.11653381625595151,0.09872186601636729
31167,-0.21072103131565253,0.08668318203846805
31168,-0.21072103131565253,0.10751073026308804
31169,-0.2744368457017603,0.09190110521965257
31170,-0.21072103131565253,0.09720322652965972
31171,-0.12783337150988489,0.0949501426703371
31172,-0.08338160893905101,0.08180747452815275
31173,0,0.13385931860586278
31174,-0.040821994520255166,0.07864830603431554
31175,-0.030459207484708574,0.11279569749661136
31176,-0.10536051565782628,0.1593748393072206
31177,-0.07257069283483537,0.08565350644855117
31178,-0.15082288973458366,0.09203147549802453
31179,-0.06187540371808753,0.08019672628694513
31180,-0.09431067947124129,0.08738353092212739
31181,-0.11653381625595151,0.09397574731110529
31182,-0.040821994520255166,0.1009315016989387
31183,-0.12783337150988489,0.07532448918676767
31184,-0.030459207484708574,0.09564436545631289
31185,-0.08338160893905101,0.10939279150278318
31186,-0.07257069283483537,0.07629170100559375
31187,-0.2744368457017603,0.1450954982423104
31188,-0.19845093872383832,0.11135386021429493
31189,0.009950330853168092,0.09637782035305974
31190,-0.020202707317519466,0.1033287061793235
31191,0.06765864847381486,0.08339442473957744
31192,0.13976194237515863,0.13556283965969684
31193,0.08617769624105241,0.1015312479554133
31194,0.01980262729617973,0.07000057220075763
31195,0.058268908123975824,0.1563133701346599
31196,0.16551443847757333,0.11901106197948697
31197,0.20701416938432612,0.14051631625508504
31198,0.20701416938432612,0.1012504789407338
31199,0.3148107398400336,0.10710091280354517
31200,0.1823215567939546,0.07499091344318659
31201,0.1906203596086497,0.1263441690420947
31203,0.23901690047049992,0.10819322392332491
31204,0.12221763272424911,0.1129449345233815
31205,0.16551443847757333,0.09804081928277682
31206,0.04879016416943205,0.093021202445895207
31207,0.11332868530700327,0.11748011177707836
31208,0.131028262406404,0.09747716161362716
31209,0.23901690047049992,0.11143262580019161
31210,0.22314355131420976,0.10644840056700412
31211,-0.030459207484708574,0.11279569749661136
31212,0.06765864847381486,0.11859486937577719
31213,0.1570037488096647,0.08790816241476307
31214,0.131028262406404,0.10116096160010016
31215,0.13976194237515863,0.10036239502349707
31216,0.13976194237515863,0.08931061095146682
31217,0.04879016416943205,0.0970544572964632
31218,0.058268908123975824,0.08818510859153614
31219,0.04879016416943205,0.08485776298342522
31220,0.1823215567939546,0.085885364703681
31221,0.02955880224154443,0.24960968937429748
31222,-0.06187540371808753,0.12032077083751302
31223,0.12221763272424911,0.08314352525990477
31224,0.06765864847381486,0.08742767959014544
31225,0.10436001532424286,0.08061441282818786
31226,0.06765864847381486,0.07932903206142597
31227,0.009950330853168092,0.09217858609973552
31228,0.01980262729617973,0.08291782117233411
31229,0.01980262729617973,0.1037453693969541
31230,-0.13926206733350766,0.11967971792746561
31231,0.131028262406404,0.09002879456201873
31232,-0.030459207484708574,0.08684752543870776
31233,-0.06187540371808753,0.0939250185930289
31234,0.11332868530700327,0.07994818974798823
31235,0.01980262729617973,0.08291782117233411
31236,-0.05129329438755058,0.1018945405641958
31237,-0.030459207484708574,0.09126490438927642
31238,-0.07257069283483537,0.08565350644855117
31239,0.17395330712343798,0.09373527405529485
31240,0.09531017980432493,0.08914130480037515
31241,0.058268908123975824,0.08002166912906615
31242,0.02955880224154443,0.07367066575606815
31243,-0.01005033585350145,0.07643483583094902
31244,0.08617769624105241,0.07797918583135077
31245,0.03922071315328133,0.09790357541331904
31246,0.0769610411361284,0.07458291335616396
31247,0.01980262729617973,0.10781076207510557
31248,-0.040821994520255166,0.07407245400229491
31249,-0.12783337150988489,0.09011404881597802
31250,0.10436001532424286,0.08840393942552893
31251,-0.020202707317519466,0.10756278924804549
31252,0.06765864847381486,0.07932903206142597
31253,0.02955880224154443,0.0987677291187068
31254,0.04879016416943205,0.10502655826742281
31255,-0.040821994520255166,0.08318348328801238
31256,0.06765864847381486,0.08339442473957744
31257,-0.020202707317519466,0.12005820761962498
31258,-0.030459207484708574,0.07336116979168972
31259,0.09531017980432493,0.09687181756598853
31260,0.009950330853168092,0.09637782035305974
31261,0.02955880224154443,0.06936512052858618
31262,0.08617769624105241,0.0938007351897999
31263,0.03922071315328133,0.08560890624032898
31264,-0.06187540371808753,0.10287619698635009
31265,-0.07257069283483537,0.10387701798022418
31266,0.02955880224154443,0.06502293192251035
31267,0.058268908123975824,0.10019046441306373
31268,0.12221763272424911,0.10197238083921638
31269,-0.08338160893905101,0.14399615698174295
31270,0.01980262729617973,0.07000057220075763
31271,-0.09431067947124129,0.10593845141747173
31272,-0.2744368457017603,0.11384875067051516
31273,-0.2231435513142097,0.08767870251360159
31274,-0.3285040669720361,0.09655204063190227
31275,-0.12783337150988489,0.09011404881597802
31276,-0.1743533871447778,0.09905919104130487
31277,0.009950330853168092,0.07064779299240058
31278,0.02955880224154443,0.08217426396280882
31280,-0.030459207484708574,0.06878531775966909
31281,-0.01005033585350145,0.08085221478151769
31282,-0.020202707317519466,0.07715865802240994
31283,0.01980262729617973,0.09964732261263559
31284,0.10436001532424286,0.09225455454562226
31285,0.10436001532424286,0.10363504307332544
31286,0.06765864847381486,0.09142930074373008
31287,0.22314355131420976,0.07923106347246699
31288,0.06765864847381486,0.09539978056110504
31289,0.10436001532424286,0.09607632583600877
31290,0.058268908123975824,0.10413028384873226
31291,0.09531017980432493,0.09687181756598853
31292,0.11332868530700327,0.09150047380398815
31293,0.12221763272424911,0.08696529655029128
31294,0.009950330853168092,0.10054277476079491
31295,-0.020202707317519466,0.12005820761962498
31296,-0.09431067947124129,0.10593845141747173
31297,-0.06187540371808753,0.09842023781861813
31298,-0.15082288973458366,0.14825756740292975
31299,-0.11653381625595151,0.12181196376540848
31300,-0.13926206733350766,0.10557179377924618
31302,-0.15082288973458366,0.10667948870334668
31303,-0.18632957819149348,0.1436937540794992
31304,-0.08338160893905101,0.10036239502349709
31305,-0.06187540371808753,0.08938984133933205
31306,-0.040821994520255166,0.09655204063190224
31307,-0.030459207484708574,0.08684752543870776
31308,-0.06187540371808753,0.11167303700395521
31309,-0.08338160893905101,0.10939279150278318
31310,-0.08338160893905101,0.09116927997111017
31311,-0.12783337150988489,0.09011404881597802
31312,-0.2231435513142097,0.08767870251360159
31313,-0.16251892949777494,0.10292838910768176
31314,-0.09431067947124129,0.0967453363650848
31316,-0.19845093872383832,0.10125047894073384
31317,-0.2231435513142097,0.098308338688521
31318,-0.10536051565782628,0.11157612294123957
31319,-0.21072103131565253,0.09720322652965972
31320,-0.11653381625595151,0.08434896960478752
31321,-0.040821994520255166,0.07407245400229491
31322,-0.05129329438755058,0.09302120244589519
31323,-0.15082288973458366,0.08705383521977725
31324,-0.12783337150988489,0.09011404881597802
31325,-0.15082288973458366,0.08202715336109784
31326,-0.2484613592984996,0.09519691611245515
31327,-0.07257069283483537,0.09484662150093809
31328,-0.16251892949777494,0.1078107620751056
31329,-0.1743533871447778,0.09905919104130487
31330,-0.3011050927839216,0.10550735373095936
31331,-0.3011050927839216,0.10550735373095936
31332,-0.09431067947124129,0.08263741221686538
31333,-0.2484613592984996,0.07864830603431548
31334,-0.15082288973458366,0.1018433948489876
31335,-0.18632957819149348,0.09506611132219056
31336,-0.2231435513142097,0.09302120244589518
31337,0.08617769624105241,0.10914637561698252
31338,0.009950330853168092,0.07936944266551288
31339,-0.08338160893905101,0.10036239502349709
31340,0.09531017980432493,0.09302120244589522
31341,-0.10536051565782628,0.15101065064616123
31342,0.09531017980432493,0.09302120244589522
31343,0.17395330712343798,0.13154546392964278
31344,0.19885085874516517,0.10200268429194011
31346,0.08617769624105241,0.1385187489952875
31347,0.0769610411361284,0.15030740576344623
31348,0.13976194237515863,0.08557283539428678
31349,0.11332868530700327,0.11748011177707836
31350,0.14842000511827322,0.10676246895588912
31351,0.16551443847757333,0.10863367206258762
31352,-0.08338160893905101,0.10939279150278318
31353,0.1906203596086497,0.07804558407215671
31354,0.12221763272424911,0.144514018053018
31355,0.12221763272424911,0.13072387907958977
31356,0.058268908123975824,0.11191981044607333
31357,0.06765864847381486,0.08742767959014544
31358,0.1906203596086497,0.11637243635180375
31359,-0.030459207484708574,0.12938916265250938
31361,0.10436001532424286,0.09986968220719149
31362,-0.08338160893905101,0.07706135582289075
31363,0.01980262729617973,0.10781076207510557
31364,0.009950330853168092,0.104674004471315
31365,0,0.07130711345671359
31366,-0.040821994520255166,0.08318348328801238
31367,-0.030459207484708574,0.10856161442788936
31368,0.04879016416943205,0.10502655826742281
31369,-0.07257069283483537,0.10833297714795613
31370,-0.05129329438755058,0.0839908059666091
31371,0,0.07572449240728225
31372,-0.01005033585350145,0.08523167584855416
31373,0.08617769624105241,0.0698805383026313
31374,-0.020202707317519466,0.1159269779091049
31375,0.058268908123975824,0.08002166912906615
31376,-0.01005033585350145,0.09814892482013064
31377,-0.040821994520255166,0.11808283373923718
31378,0.009950330853168092,0.09637782035305974
31379,0.11332868530700327,0.09529383017517086
31380,0.10436001532424286,0.07667459339251934
31381,0.0769610411361284,0.09850311024333255
31382,0.10436001532424286,0.08452404178000886
31383,0.009950330853168092,0.08794450303101352
31384,0.08617769624105241,0.07394593098078278
31385,0.04879016416943205,0.10105607845004784
31386,0.06765864847381486,0.07109975556658737
31387,0.058268908123975824,0.08002166912906615
31388,0.10436001532424286,0.07270411357514436
31389,0.1906203596086497,0.08878711937717323
31390,0.2700271372130602,0.08252820367983552
31391,-0.01005033585350145,0.11074719654991204
31392,0.04879016416943205,0.08485776298342522
31393,0.1570037488096647,0.11297586066866344
31394,0.058268908123975824,0.08002166912906615
31395,-0.4620354595965587,0.19870651365394046
31396,-0.4462871026284195,0.10743100464660696
31397,-0.18632957819149348,0.11507667925753817
31398,-0.4462871026284195,0.16247639342782377
31399,-0.527632742082372,0.19224992466723892
31400,-0.2613647641344075,0.07959400432478635
31401,-0.4620354595965587,0.17627634864316694
31402,-0.6733445532637656,0.24229266047955475
31403,-0.4942963218147801,0.22062291739627174
31404,-0.35667494393873245,0.09302120244589523
31405,-0.2744368457017603,0.11919125060280875
31406,-0.23572233352106983,0.10995899296099508
31407,-0.08338160893905101,0.10036239502349709
31408,-0.06187540371808753,0.08019672628694513
31409,0.06765864847381486,0.11480151300459449
31410,-0.2484613592984996,0.0897401359508491
31411,-0.08338160893905101,0.08650984958168542
31412,-0.040821994520255166,0.1264470224002966
31413,-0.09431067947124129,0.07301063451054762
31414,-0.01005033585350145,0.08523167584855416
31415,-0.05129329438755058,0.10627400163123228
31416,-0.08338160893905101,0.09578654299147647
31417,0.01980262729617973,0.0955160929021155
31418,-0.020202707317519466,0.10756278924804549
31419,0.08617769624105241,0.09768063283531997
31420,-0.08338160893905101,0.07227067197093207
31421,0.03922071315328133,0.08560890624032898
31422,-0.09431067947124129,0.1149688478967578
31423,-0.08338160893905101,0.09578654299147647
31424,-0.05129329438755058,0.1106161902373081
31425,0.06765864847381486,0.09142930074373008
31426,-0.040821994520255166,0.08767870251360162
31427,-0.12783337150988489,0.08030212946501496
31428,-0.01005033585350145,0.08523167584855416
31429,-0.09431067947124129,0.10593845141747173
31430,-0.12783337150988489,0.0997408265222958
31431,0.009950330853168092,0.08367498789299484
31432,-0.06187540371808753,0.08019672628694513
31433,0.058268908123975824,0.06329216768876468
31434,0.23901690047049992,0.10493312285252338
31435,0.10436001532424286,0.08452404178000886
31436,0.06765864847381486,0.09142930074373008
31437,0.09531017980432493,0.10825230609369173
31438,0.2468600779315258,0.09102431503715219
31439,-0.05129329438755058,0.08852598322030597
31440,-0.020202707317519466,0.07715865802240994
31441,-0.06187540371808753,0.12032077083751302
31442,-0.020202707317519466,0.08603199614071055
31443,-0.030459207484708574,0.0823915662709758
31444,-0.10536051565782628,0.08348439988867455
31445,0.009950330853168092,0.10054277476079491
31446,-0.11653381625595151,0.0891850634591466
31447,-0.10536051565782628,0.09302120244589525
31448,0,0.1259490193528193
31449,0,0.10561947417567659
31450,0,0.08875168730787653
31451,-0.020202707317519466,0.06812826154312385
31452,-0.10536051565782628,0.10700027090921894
31453,-0.07257069283483537,0.09484662150093809
31454,-0.08338160893905101,0.09578654299147647
31455,0.131028262406404,0.09747716161362716
31456,-0.08338160893905101,0.08180747452815275
31457,-0.08338160893905101,0.09116927997111017
31458,-0.040821994520255166,0.08318348328801238
31459,0.03922071315328133,0.08560890624032898
31460,0.371563556432483,0.10461724891403612
31461,0.11332868530700327,0.09150047380398815
31462,0.4252677354043441,0.10510410277424166
31463,0.04879016416943205,0.07236234461184575
31464,0.3364722366212129,0.11675590430043244
31465,0.04879016416943205,0.08895580976774374
31466,-0.10536051565782628,0.22176748102062582
31467,0.2468600779315258,0.09434813188470001
31468,0.14842000511827322,0.08860382349532653
31469,-0.020202707317519466,0.10756278924804549
31470,0.2700271372130602,0.09561107644174249
31471,0.22314355131420976,0.08271369871246691
31472,0.20701416938432612,0.08746033996730557
31473,0.1570037488096647,0.09519691611245519
31474,0.2151113796169455,0.09711924923021373
31475,0.1906203596086497,0.08523167584855418
31476,0.1906203596086497,0.08878711937717323
31477,0.23901690047049992,0.09834975303828465
31478,0.20701416938432612,0.09783772988420493
31479,0.19885085874516517,0.10880550616411623
31480,0.28517894223366247,0.09747716161362717
31481,0.22314355131420976,0.08960845338936634
31482,0.1906203596086497,0.0993071638683649
31483,-0.2876820724517809,0.18129628618652846
31484,0.17395330712343798,0.09015487984169966
31485,0.20701416938432612,0.10464055175638105
31486,0.131028262406404,0.09376657011919878
31487,0.16551443847757333,0.11901106197948697
31488,0.14842000511827322,0.09957637717949165
31489,0.12221763272424911,0.090758652921474
31490,-0.01005033585350145,0.11487842626043211
31491,0.2468600779315258,0.10093150169893873
31492,0.13976194237515863,0.10759945369286261
31493,0.03922071315328133,0.07301063451054758
31494,0.03922071315328133,0.10193683026388704
31495,0.04879016416943205,0.0970544572964632
31496,0.0769610411361284,0.10623362300894595
31497,0.058268908123975824,0.09221836344210414
31498,0.03922071315328133,0.0814439518325938
31499,0.06765864847381486,0.07109975556658737
31500,-0.020202707317519466,0.09475364581382285
31501,0,0.10561947417567659
31502,0.08617769624105241,0.08595128680231037
31503,0.0769610411361284,0.08268156088488343
31504,0.02955880224154443,0.09053845262386821
31505,0,0.12194739819923466
31506,-0.19845093872383832,0.0961227565664984
31507,-0.18632957819149348,0.10516949259575165
31508,0.01980262729617973,0.0955160929021155
31509,-0.1743533871447778,0.08382808739350833
31510,0.0769610411361284,0.13240367116585944
31511,0,0.09725528551461719
31512,-0.01005033585350145,0.09814892482013064
31513,-0.15082288973458366,0.1255780967035248
31514,0.01980262729617973,0.07000057220075763
31515,-0.06187540371808753,0.0939250185930289
31516,0.08617769624105241,0.1015312479554133
31517,0.1823215567939546,0.11723882348616245
31518,-0.040821994520255166,0.08318348328801238
31519,-0.06187540371808753,0.1330236032975779
31520,0.02955880224154443,0.08637349821613304
31521,0.02955880224154443,0.08637349821613304
31522,0.10436001532424286,0.08061441282818786
31523,0.09531017980432493,0.12667322682946527
31524,0.2468600779315258,0.0706134300301628
31525,0.09531017980432493,0.06928650059135802
31526,0.3074846997479607,0.11384875067051513
41001,-0.13926206733350766,0.07612877458503865
41002,-0.040821994520255166,0.09655204063190224
41003,-0.020202707317519466,0.0726634387968207
41004,0.09531017980432493,0.06928650059135802
41005,0.08617769624105241,0.09768063283531997
41006,0.058268908123975824,0.08002166912906615
41007,0.13976194237515863,0.08931061095146682
41008,0.06765864847381486,0.08339442473957744
41009,0.09531017980432493,0.13027892439226754
41010,0.058268908123975824,0.08002166912906615
41011,-0.18632957819149348,0.07423856309757057
41012,-0.030459207484708574,0.07336116979168972
41013,-0.040821994520255166,0.07864830603431554
41014,-0.040821994520255166,0.09655204063190224
41015,-0.10536051565782628,0.07864830603431548
41016,0.02955880224154443,0.07367066575606815
41017,-0.16251892949777494,0.08799452058721584
41018,-0.07257069283483537,0.08099407605912642
41019,-0.10536051565782628,0.08348439988867455
41020,-0.1743533871447778,0.1089663777030914
41021,-0.08338160893905101,0.08180747452815275
41022,-0.040821994520255166,0.08767870251360162
41023,-0.10536051565782628,0.07376593306689164
41024,-0.020202707317519466,0.07715865802240994
41025,-0.11653381625595151,0.09397574731110529
41026,-0.09431067947124129,0.07784672836490669
41027,-0.12783337150988489,0.11384875067051521
41028,-0.09431067947124129,0.08738353092212739
41029,-0.15082288973458366,0.09203147549802453
41030,-0.06187540371808753,0.08481398930731142
41031,-0.10536051565782628,0.09302120244589525
41032,-0.11653381625595151,0.09397574731110529
41033,-0.040821994520255166,0.08318348328801238
41034,-0.07257069283483537,0.090270769468917475
41035,-0.07257069283483537,0.09938179875463495
41036,-0.08338160893905101,0.07706135582289075
41037,0,0.08010395347431873
41038,-0.05129329438755058,0.07013826052479745
41040,0.11332868530700327,0.07994818974798823
41041,0,0.07572449240728225
41042,-0.06187540371808753,0.11167303700395521
41043,-0.16251892949777494,0.09302120244589525
41044,-0.13926206733350766,0.09594501607292842
41045,-0.07257069283483537,0.08099407605912642
41046,-0.06187540371808753,0.07083492084398772
41047,-0.030459207484708574,0.06878531775966909
41048,-0.06187540371808753,0.0939250185930289
41049,-0.020202707317519466,0.08161461719014189
41050,-0.020202707317519466,0.12005820761962498
41051,0,0.08010395347431873
41052,-0.030459207484708574,0.07336116979168972
41053,0.02955880224154443,0.07794018089408683
41054,0,0.08444614208039455
41055,-0.05129329438755058,0.0839908059666091
41056,0.131028262406404,0.08247007732470206
41057,0.11332868530700327,0.07209874136049872
41058,-0.09431067947124129,0.08738353092212739
41059,0.14842000511827322,0.09228762348179953
41060,0.1823215567939546,0.08227966714087871
41061,0.04879016416943205,0.07236234461184575
41062,-0.040821994520255166,0.08318348328801238
41063,0.01980262729617973,0.0955160929021155
41064,0.06765864847381486,0.08339442473957744
41065,0.01980262729617973,0.0955160929021155
41066,-0.01005033585350145,0.08957386445462999
41067,0.02955880224154443,0.08217426396280882
41068,0.01980262729617973,0.08291782117233411
41069,-0.020202707317519466,0.0726634387968207
41070,-0.01005033585350145,0.08523167584855416
41071,0.13976194237515863,0.093021202445895207
41072,-0.09431067947124129,0.0967453363650848
41073,0.02955880224154443,0.09053845262386821
41074,-0.01005033585350145,0.10238300788885263
41075,0.04879016416943205,0.07656157886516997
41076,0.01980262729617973,0.11184401692567357
41077,0.01980262729617973,0.07864830603431543
41078,0.03922071315328133,0.08560890624032898
41079,-0.19845093872383832,0.11135386021429493
41080,0.03922071315328133,0.08560890624032898
41082,0.03922071315328133,0.12163827726785624
41083,-0.01005033585350145,0.09387940968211196
41084,-0.06187540371808753,0.08481398930731142
41085,0,0.093021202445895207
41086,0.058268908123975824,0.08002166912906615
41087,0.04879016416943205,0.08072653327290515
41088,0.04879016416943205,0.11287600665491233
41089,0.01980262729617973,0.09135113849438033
41090,-0.08338160893905101,0.10036239502349709
41091,-0.020202707317519466,0.07715865802240994
41092,0.058268908123975824,0.08002166912906615
41093,-0.08338160893905101,0.07227067197093207
41094,-0.06187540371808753,0.09842023781861813
41095,0.09531017980432493,0.07331975544192601
41096,0.1823215567939546,0.08227966714087871
41097,-0.12783337150988489,0.08523167584855419
41099,0.08617769624105241,0.0898911062379789
41100,0.16551443847757333,0.07617158232778586
41101,-0.040821994520255166,0.09213466168133358
41102,-0.18632957819149348,0.08475860758876225
41103,-0.05129329438755058,0.2530505692086716
41105,0.08617769624105241,0.1240439035211979
41106,-0.040821994520255166,0.08767870251360162
41107,-0.13926206733350766,0.07612877458503865
41108,-0.10536051565782628,0.07864830603431548
41109,0.16551443847757333,0.10863367206258762
41110,0.01980262729617973,0.08715190424105611
41111,-0.07257069283483537,0.07629170100559375
41112,-0.040821994520255166,0.09213466168133358
41113,-0.09431067947124129,0.10593845141747173
41114,-0.10536051565782628,0.11611130019493643
41115,-0.030459207484708574,0.12115988615767076
41116,0.058268908123975824,0.1563133701346599
41117,-0.020202707317519466,0.1033287061793235
41118,-0.09431067947124129,0.09208590597566005
41119,-0.07257069283483537,0.07629170100559375
41120,-0.16251892949777494,0.09799884272414253
41121,-0.15082288973458366,0.1018433948489876
41122,0.02955880224154443,0.0946696823343883
41123,-0.09431067947124129,0.11047362867116857
41124,-0.15082288973458366,0.11147017255530538
41125,-0.06187540371808753,0.11601522561003105
41126,-0.15082288973458366,0.12091866631410003
41127,-0.12783337150988489,0.09011404881597802
41128,-0.11653381625595151,0.14390217078241063
41129,-0.21072103131565253,0.19195687234348258
41130,-0.21072103131565253,0.11258742967796971
41131,-0.09431067947124129,0.1013625993854511
41132,-0.18632957819149348,0.119959052224962
41133,-0.2876820724517809,0.1097507038861967
41134,-0.2231435513142097,0.11384875067051516
41135,-0.2231435513142097,0.11892545008539684
41136,-0.1743533871447778,0.07864830603431548
41138,-0.31471074483970024,0.12899762302123097
41139,-0.1743533871447778,0.1777074970756203
41140,-0.18632957819149348,0.119959052224962
41141,-0.15082288973458366,0.06664295021278785
41142,-0.16251892949777494,0.12688603354021802
41143,-0.2876820724517809,0.20913250264083166
41144,0.14842000511827322,0.07359673920640145
41145,0.02955880224154443,0.14553670285637202
41146,0.10436001532424286,0.11108341012493386
41147,0.02955880224154443,0.07794018089408683
41148,0.09531017980432493,0.11570067314530015
41149,0.04879016416943205,0.093021202445895207
41150,-0.07257069283483537,0.10387701798022418
41151,0.04879016416943205,0.10896637770309134
41152,0.1906203596086497,0.13612473848480908
41153,-0.020202707317519466,0.09041145720774703
41154,0.22314355131420976,0.13542676709411283
41155,0.06765864847381486,0.10324922894859456
41156,0.06765864847381486,0.10712912659411464
41157,0.01980262729617973,0.08715190424105611
41158,0.09531017980432493,0.10825230609369173
41159,-0.020202707317519466,0.1033287061793235
41160,-0.10536051565782628,0.14677656757743923
41161,-0.06187540371808753,0.08481398930731142
41162,0,0.1259490193528193
41163,-0.06187540371808753,0.0939250185930289
41164,-0.12783337150988489,0.09011404881597802
41165,-0.31471074483970024,0.11802506933706594
41166,-0.09431067947124129,0.0967453363650848
41167,0.25464221837358075,0.12557809670352468
41168,-0.040821994520255166,0.09655204063190224
41169,-0.030459207484708574,0.09126490438927642
41170,-0.09431067947124129,0.08738353092212739
51001,-0.030459207484708574,0.11279569749661136
51002,-0.09431067947124129,0.1013625993854511
51003,-0.01005033585350145,0.08957386445462999
51004,0.06765864847381486,0.13349239727999257
51005,0.1823215567939546,0.08946575891727616
51006,0.10436001532424286,0.08452404178000886
51007,-0.030459207484708574,0.09126490438927642
51008,0,0.10145451976794141
51009,0.12221763272424911,0.08314352525990477
51010,0.03922071315328133,0.08974013595084906
51011,0.009950330853168092,0.13657214578832216
51012,0.058268908123975824,0.10413028384873226
51013,-0.040821994520255166,0.1222820679925614
51014,0.11332868530700327,0.09150047380398815
51015,0.04879016416943205,0.0970544572964632
51016,0.131028262406404,0.11205541286059456
51017,0.10436001532424286,0.09225455454562226
51018,-0.01005033585350145,0.09387940968211196
51019,-0.01005033585350145,0.1506271826975326
51020,0.01980262729617973,0.08715190424105611
51021,0.23901690047049992,0.11143262580019161
51022,0.3852624007906449,0.09186296339766101
51023,0.17395330712343798,0.08654918227889738
51024,0.412109650826833,0.05745861127966793
51025,0.2151113796169455,0.09027076946891745
51026,0.14842000511827322,0.09594501607292841
51027,0.23111172096338664,0.07864830603431543
51028,0.131028262406404,0.09376657011919878
51029,0.14842000511827322,0.08489323200089816
51030,0.30010459245033816,0.09302120244589522
51031,0.3852624007906449,0.08895580976774377
51032,0.2151113796169455,0.10387701798022426
51033,0.23111172096338664,0.09234588258339099
51034,0.2468600779315258,0.09102431503715219
51035,0.35065687161316933,0.07348947460353963
51036,0.2700271372130602,0.08583050699902811
51037,0.1823215567939546,0.1435777854276457
51038,-0.01005033585350145,0.08957386445462999
51039,-0.030459207484708574,0.0823915662709758
51040,-0.040821994520255166,0.09655204063190224
51041,-0.01005033585350145,0.07197887666321708
51042,0.19885085874516517,0.0738463498188325
51043,0.131028262406404,0.07864830603431555
51044,-0.09431067947124129,0.09208590597566005
51045,-0.12783337150988489,0.08030212946501496
51046,-0.13926206733350766,0.11967971792746561
51047,-0.10536051565782628,0.07376593306689164
51048,-0.05129329438755058,0.09747716161362714
51049,0.009950330853168092,0.10877205125563351
51050,-0.09431067947124129,0.09208590597566005
51051,-0.08338160893905101,0.10939279150278318
51052,0.02955880224154443,0.1187782970540544
51053,0.01980262729617973,0.07864830603431543
51054,-0.23572233352106983,0.09409644853750983
51056,-0.13926206733350766,0.09106264310550458
51057,-0.08338160893905101,0.08180747452815275
51058,0.01980262729617973,0.1037453693969541
51059,0.009950330853168092,0.09217858609973552
51060,0.01980262729617973,0.09964732261263559
51061,-0.040821994520255166,0.09655204063190224
51062,-0.08338160893905101,0.10036239502349709
51063,-0.09431067947124129,0.10593845141747173
51065,-0.09431067947124129,0.08738353092212739
51066,-0.030459207484708574,0.09126490438927642
51067,-0.07257069283483537,0.09938179875463495
51068,0,0.10561947417567659
51070,0.009950330853168092,0.08367498789299484
51071,-0.06187540371808753,0.0939250185930289
51072,0.058268908123975824,0.07589043941854608
51073,0.009950330853168092,0.0662304140418319
51074,-0.07257069283483537,0.09484662150093809
51075,0.09531017980432493,0.08914130480037515
51076,-0.05129329438755058,0.1106161902373081
51077,-0.06187540371808753,0.08938984133933205
51078,-0.020202707317519466,0.07715865802240994
51079,-0.01005033585350145,0.09387940968211196
51080,-0.040821994520255166,0.09655204063190224
51081,0.03922071315328133,0.0814439518325938
51082,0.12221763272424911,0.090758652921474
51083,0.04879016416943205,0.093021202445895207
51084,-0.05129329438755058,0.07013826052479745
51085,-0.13926206733350766,0.08115545644371806
51086,-0.10536051565782628,0.06385874640510511
51088,-0.040821994520255166,0.08767870251360162
51089,0.12221763272424911,0.06756356410680185
51090,-0.09431067947124129,0.08738353092212739
51091,0.02955880224154443,0.1187782970540544
51092,0.131028262406404,0.08626343369588478
51093,-0.030459207484708574,0.07789634704538657
51094,0.0769610411361284,0.09459348129151157
51095,-0.08338160893905101,0.08650984958168542
51096,0.131028262406404,0.07864830603431555
51097,-0.11653381625595151,0.0794665966373637
51098,-0.11653381625595151,0.08434896960478752
51099,-0.05129329438755058,0.09747716161362714
51100,-0.01005033585350145,0.11897647304475062
51101,-0.07257069283483537,0.1127503560985248
51102,-0.13926206733350766,0.10557179377924618
51103,0.02955880224154443,0.07794018089408683
51104,-0.10536051565782628,0.09302120244589525
51105,-0.06187540371808753,0.10287619698635009
51107,-0.07257069283483537,0.10833297714795613
51108,-0.10536051565782628,0.07376593306689164
51109,0,0.08875168730787653
51110,0,0.08010395347431873
51112,-0.05129329438755058,0.10627400163123228
51113,0.01980262729617973,0.09964732261263559
51114,-0.08338160893905101,0.08650984958168542
51115,0.01980262729617973,0.09135113849438033
51116,-0.05129329438755058,0.1018945405641958
51117,-0.09431067947124129,0.1149688478967578
51118,0.058268908123975824,0.10019046441306373
51119,-0.020202707317519466,0.09041145720774703
51121,-0.040821994520255166,0.11808283373923718
51122,-0.01005033585350145,0.08523167584855416
51123,0.02955880224154443,0.0987677291187068
51124,-0.10536051565782628,0.07376593306689164
51125,-0.01005033585350145,0.11487842626043211
51127,-0.12783337150988489,0.1044869452275578
51128,-0.040821994520255166,0.08318348328801238
51129,0.1823215567939546,0.08227966714087871
51130,-0.06187540371808753,0.10729357593691875
51131,0.1570037488096647,0.0805137709338617
51132,-0.06187540371808753,0.08019672628694513
51133,0.009950330853168092,0.08367498789299484
51134,-0.020202707317519466,0.07715865802240994
51135,-0.020202707317519466,0.09905919104130483
51136,-0.040821994520255166,0.07864830603431554
51137,-0.07257069283483537,0.07629170100559375
51138,-0.09431067947124129,0.07784672836490669
51139,-0.08338160893905101,0.10036239502349709
51140,-0.11653381625595151,0.07453705025382446
51141,-0.030459207484708574,0.07336116979168972
51142,0.14842000511827322,0.11031791248450817
51143,0.13976194237515863,0.08180747452815282
51144,0.16551443847757333,0.10159626281139587
51145,-0.13926206733350766,0.1007811099272875
51146,-0.10536051565782628,0.11611130019493643
51147,-0.07257069283483537,0.090270769468917475
51148,-0.020202707317519466,0.08161461719014189
51149,0.04879016416943205,0.10896637770309134
51150,0.058268908123975824,0.10803991280055325
51152,0.11332868530700327,0.08767870251360163
51153,0.03922071315328133,0.09790357541331904
51154,0.02955880224154443,0.09053845262386821
51155,0.0769610411361284,0.13964072983522496
51156,0.08617769624105241,0.10914637561698252
51157,0.03922071315328133,0.1331040200495188
51158,-0.020202707317519466,0.12822164708209496
51159,0.009950330853168092,0.08367498789299484
51160,0.03922071315328133,0.08560890624032898
51161,0.04879016416943205,0.0970544572964632
51162,0.06765864847381486,0.11097974171420796
51163,0.131028262406404,0.10481835419122904
51164,0.11332868530700327,0.11748011177707836
51165,0.04879016416943205,0.08485776298342522
51166,0,0.08444614208039455
51168,0.058268908123975824,0.10413028384873226
51169,0.06765864847381486,0.10324922894859456
51170,0.06765864847381486,0.09142930074373008
51171,0.13976194237515863,0.1252553359262685
51172,0.058268908123975824,0.11191981044607333
51173,0.0769610411361284,0.13964072983522496
51174,0.058268908123975824,0.10413028384873226
51175,0.2468600779315258,0.09102431503715219
51176,0.06765864847381486,0.09933959999677357
51177,0.06765864847381486,0.08742767959014544
51178,0.20701416938432612,0.0732870929738996
51179,0.19885085874516517,0.08458788512384902
51180,0.08617769624105241,0.0819808069849354
51181,0.13976194237515863,0.07801411815697011
51182,0.09531017980432493,0.07331975544192601
51183,0.14842000511827322,0.1138487506705152
51184,0.11332868530700327,0.09529383017517086
51185,0.1823215567939546,0.07130711345671359
51186,0.20701416938432612,0.09094297520730549
51187,0.11332868530700327,0.09529383017517086
51188,0.12221763272424911,0.07541301249429137
51189,0.14842000511827322,0.09957637717949165
51190,0.3576744442718159,0.08824173815834413
51191,0.29266961396282004,0.09681455881707793
51192,0.25464221837358075,0.09037765206732504
51193,0.11332868530700327,0.10650755809291325
51194,0,0.12194739819923466
51195,-0.020202707317519466,0.1159269779091049
51196,-0.18632957819149348,0.15742204638558296
51197,-0.1743533871447778,0.1186848445248743
51198,-0.18632957819149348,0.13903432369007446
51199,-0.15082288973458366,0.11621629126056737
51200,0.131028262406404,0.1331703190661325
51202,-0.12783337150988489,0.09011404881597802
51203,-0.31471074483970024,0.0953455986376609
51205,-0.05129329438755058,0.13592075204311024
51206,-0.40047756659712525,0.1273748351339498
51207,-0.4942963218147801,0.1254260012838166
51208,-0.4462871026284195,0.13874169157328656
51209,-0.3285040669720361,0.14677656757743926
51210,0,0.09725528551461719
51211,-0.07257069283483537,0.1127503560985248
51212,-0.16251892949777494,0.11743753978142338
51213,-0.06187540371808753,0.11601522561003105
51214,-0.12783337150988489,0.13652822136992018
51215,-0.2613647641344075,0.09080773224252883
51216,0.06765864847381486,0.10712912659411464
51217,-0.10536051565782628,0.09302120244589525
51218,-0.4780358009429998,0.12362932011322958
51219,-0.4620354595965587,0.09571357851775428
51220,-0.4307829160924542,0.16033117338597078
51221,-0.4155154439616658,0.20686995311641038
51222,-0.37106368139083207,0.16849065656662088
51223,-0.4462871026284195,0.13874169157328656
51224,-0.3856624808119846,0.1651974883132128
51225,0.20701416938432612,0.08395376890212086
51226,0.04879016416943205,0.10105607845004784
51227,0.16551443847757333,0.12242381103601585
51228,0.08617769624105241,0.11291173648311648
51229,0.11332868530700327,0.11019135807938624
51230,0.08617769624105241,0.11291173648311648
51231,0.058268908123975824,0.10019046441306373
51232,0.02955880224154443,0.1265678236513955
51233,-0.05129329438755058,0.10627400163123228
51234,0.04879016416943205,0.10896637770309134
51236,0.131028262406404,0.10116096160010016
51237,0.08617769624105241,0.09768063283531997
51238,0.0769610411361284,0.09850311024333255
51239,0.058268908123975824,0.09221836344210414
51240,-0.040821994520255166,0.10527369030501454
51241,0.009950330853168092,0.09217858609973552
51242,-0.07257069283483537,0.090270769468917475
51243,0.06765864847381486,0.08339442473957744
51244,0.06765864847381486,0.09142930074373008
51245,0.01980262729617973,0.09964732261263559
51246,0.04879016416943205,0.093021202445895207
51247,0.02955880224154443,0.09053845262386821
51248,0.10436001532424286,0.09607632583600877
51249,-0.12783337150988489,0.166675627681148
51250,0,0.08010395347431873
61001,-0.10536051565782628,0.10700027090921894
61002,0,0.11791414334866665
61003,0.01980262729617973,0.11981611789663317
61004,0.13976194237515863,0.11117984790645778
61005,0.058268908123975824,0.08818510859153614
61006,-0.13926206733350766,0.1511560286444757
61007,0.0769610411361284,0.09459348129151157
61008,0.03922071315328133,0.09790357541331904
61009,-0.020202707317519466,0.11176202350136971
61010,-0.07257069283483537,0.11712981716556127
61011,-0.10536051565782628,0.14677656757743923
61012,0.14842000511827322,0.15765553159214402
61013,-0.01005033585350145,0.1428966699319192
61014,-0.16251892949777494,0.11264685592946468
61015,-0.16251892949777494,0.12218365848668537
61016,-0.21072103131565253,0.1324036711658595
61017,-0.12783337150988489,0.0949501426703371
61018,-0.11653381625595151,0.1395599821763348
61019,-0.18632957819149348,0.11507667925753817
61020,-0.08338160893905101,0.10489757227719394
61021,-0.08338160893905101,0.13129332452167805
61022,-0.01005033585350145,0.08957386445462999
61023,0.14842000511827322,0.10318207474229393
61024,-0.11653381625595151,0.10342424106989996
61026,0.04879016416943205,0.12822164708209496
61027,0.009950330853168092,0.09637782035305974
61028,-0.08338160893905101,0.09116927997111017
61029,0.009950330853168092,0.10877205125563351
61030,-0.15082288973458366,0.11147017255530538
61031,0.10436001532424286,0.09607632583600877
61032,0.009950330853168092,0.104674004471315
61033,-0.05129329438755058,0.127624567924855
61034,0,0.11384875067051518
61035,-0.020202707317519466,0.08603199614071055
61036,-0.11653381625595151,0.20110487390521992
61037,-0.13926206733350766,0.11031791248450819
61038,-0.07257069283483537,0.13004706613713773
61039,-0.2744368457017603,0.1450954982423104
61040,-0.21072103131565253,0.15147894263097192
61041,-0.21072103131565253,0.12259175181489641
61042,-0.11653381625595151,0.11270093447969101
61043,-0.21072103131565253,0.11761411153664912
61044,-0.21072103131565253,0.10751073026308804
61045,-0.15082288973458366,0.1255780967035248
61046,-0.2613647641344075,0.10178028592669387
61047,-0.15082288973458366,0.11147017255530538
61048,-0.07257069283483537,0.09484662150093809
61049,-0.18632957819149348,0.12479514607932109
61050,-0.1743533871447778,0.11384875067051523
61051,-0.06187540371808753,0.12459028597553169
61052,-0.2231435513142097,0.10354124693708686
61053,-0.2876820724517809,0.13646906384401095
61054,-0.1743533871447778,0.08382808739350833
61055,-0.23572233352106983,0.0994389484698034
61056,-0.2613647641344075,0.12304186572290207
61057,-0.1743533871447778,0.08895580976774378
61058,-0.23572233352106983,0.09409644853750983
61059,-0.342490308946776,0.13219831633047194
61060,-0.09431067947124129,0.1013625993854511
61061,-0.15082288973458366,0.09203147549802453
61062,-0.2231435513142097,0.10354124693708686
61063,-0.3011050927839216,0.11659918364749298
61064,-0.21072103131565253,0.10238300788885259
61065,-0.1743533871447778,0.09905919104130487
61066,-0.15082288973458366,0.09696102188156377
61067,-0.11653381625595151,0.0891850634591466
61069,-0.23572233352106983,0.14515943759719485
61070,-0.19845093872383832,0.13097951369786434
61071,0,0.16061772440818042
61072,-0.030459207484708574,0.09998655406238872
61073,-0.05129329438755058,0.16781889336011743
61074,-0.10536051565782628,0.09772357749942791
61075,-0.21072103131565253,0.14203044887217725
61076,-0.31471074483970024,0.08361625260465132
61077,-0.23572233352106983,0.13036987796798447
61078,-0.2484613592984996,0.11645849590866333
61079,-0.3285040669720361,0.14143406764514568
61080,-0.1743533871447778,0.12822164708209502
61081,-0.2876820724517809,0.12060651942052567
61082,-0.342490308946776,0.1266222599364973
61083,-0.4155154439616658,0.14677656757743923
61084,-0.31471074483970024,0.1343966583939539
61085,-0.09431067947124129,0.11047362867116857
61086,-0.2231435513142097,0.13385931860586278
61087,-0.1743533871447778,0.10403683131955216
61088,-0.1743533871447778,0.13758345252505244
61089,-0.2613647641344075,0.10178028592669387
61090,-0.21072103131565253,0.12752129819843563
61091,-0.2231435513142097,0.09302120244589518
61092,-0.23572233352106983,0.10995899296099508
61093,-0.09431067947124129,0.20123228159264256
61094,-0.16251892949777494,0.1407385789820297
61095,-0.12783337150988489,0.17497181179940324
61096,-0.2484613592984996,0.11122558766009748
61097,-0.19845093872383832,0.11135386021429493
71001,-0.3011050927839216,0.12205596380909903
71002,-0.35667494393873245,0.15040792868400252
71003,-0.35667494393873245,0.1970580337654474
71004,-0.37106368139083207,0.13556283965969684
71005,-0.37106368139083207,0.17377779280924668
71006,-0.35667494393873245,0.128221647082095
71007,-0.35667494393873245,0.1449511485223965
71008,-0.37106368139083207,0.13556283965969684
71009,-0.2876820724517809,0.12594901935281924
71010,-0.18632957819149348,0.12958582993127976
71011,-0.21072103131565253,0.13723976502021853
71012,-0.2876820724517809,0.1042349303636377
71013,-0.19845093872383832,0.13577019754982306
71015,-0.3011050927839216,0.17363561527408314
71016,-0.342490308946776,0.13219831633047194
71017,-0.31471074483970024,0.17067008782442855
71018,-0.18632957819149348,0.12958582993127976
71019,-0.11653381625595151,0.15671131421663326
71020,-0.2231435513142097,0.14357778542764568
71021,-0.3011050927839216,0.17363561527408314
71022,-0.23572233352106983,0.10472608471242922
71023,-0.2876820724517809,0.13123615559544505
71024,-0.18632957819149348,0.12479514607932109
71025,-0.2231435513142097,0.15781696303839904
71026,-0.2876820724517809,0.12594901935281924
71027,-0.3285040669720361,0.15729661206863096
71028,-0.19845093872383832,0.11633150049254222
71029,-0.2613647641344075,0.13334936945633036
71030,-0.18632957819149348,0.12958582993127976
71031,-0.342490308946776,0.1095188456310669
71032,-0.4307829160924542,0.1308313923202431
71033,-0.4155154439616658,0.12907985431831165
71034,-0.3856624808119846,0.13731054314083324
71035,-0.4155154439616658,0.12304186572290203
71036,-0.37106368139083207,0.14677656757743932
71037,-0.37106368139083207,0.1412005111834647
71038,-0.3856624808119846,0.12571449667269233
71039,-0.3856624808119846,0.15974070815160676
71040,-0.37106368139083207,0.14677656757743932
71041,-0.342490308946776,0.13219831633047194
71042,-0.37106368139083207,0.12409709687803427
71043,-0.3856624808119846,0.15974070815160676
71044,-0.4155154439616658,0.14677656757743923
71045,-0.5108256237659907,0.1467765675774393
71046,-0.579818495252942,0.13525905633328664
71047,-0.5978370007556204,0.13741476213448178
71048,-0.5447271754416722,0.1511560286444758
71049,-0.5621189181535413,0.1331703190661325
71050,-0.342490308946776,0.11528392484225741
71051,-0.6733445532637656,0.1615661272066496
71052,-0.5108256237659907,0.10005861169708698
71053,-0.4780358009429998,0.10387701798022424
71054,-0.527632742082372,0.1489338819190317
71055,-0.4942963218147801,0.09162529437504076
71056,-0.7339691750802004,0.20686995311641038
71057,-0.5447271754416722,0.12429698094783191
71058,-0.5621189181535413,0.1400187988274288
71059,-0.579818495252942,0.2587998991929116
71060,-0.4780358009429998,0.23876809443341754
71061,-0.5978370007556204,0.1582423103591018
71062,-0.4620354595965587,0.2408090767600647
71063,-0.5978370007556204,0.14445217138567357
71064,-0.35667494393873245,0.21649673082272822
71065,-0.5447271754416722,0.11031791248450819
71066,-0.5447271754416722,0.1311454607091282
71067,-0.6348782724359695,0.14194047372308013
71068,-0.5447271754416722,0.11735532173569996
81001,0.04879016416943205,0.10896637770309134
81002,0.009950330853168092,0.09637782035305974
81003,0,0.09725528551461719
81004,0.06765864847381486,0.11480151300459449
81005,0,0.12194739819923466
81006,0.08617769624105241,0.1053530192457998
81007,0.12221763272424911,0.10931357341681826
81008,0.03922071315328133,0.09790357541331904
81009,0.10436001532424286,0.11476721011140686
81010,0.12221763272424911,0.11655063208618378
81011,-0.09431067947124129,0.13686938091565268
81013,0.11332868530700327,0.11384875067051511
81014,0.04879016416943205,0.10896637770309134
81015,0.14842000511827322,0.1138487506705152
81016,-0.07257069283483537,0.09484662150093809
81017,0.09531017980432493,0.09302120244589522
81019,0.08617769624105241,0.10914637561698252
81020,0.009950330853168092,0.104674004471315
81021,0,0.1377689475576838
81022,0.131028262406404,0.10116096160010016
81023,0.009950330853168092,0.104674004471315
81024,0.02955880224154443,0.1187782970540544
81025,0.20701416938432612,0.13735714776124777
81026,0.009950330853168092,0.104674004471315
81027,-0.040821994520255166,0.07864830603431554
81028,0.03922071315328133,0.07724471757926958
81029,0.009950330853168092,0.104674004471315
81030,-0.11653381625595151,0.0794665966373637
81031,-0.08338160893905101,0.1269877792941961
81032,-0.10536051565782628,0.14677656757743923
81033,-0.10536051565782628,0.09302120244589525
81034,-0.030459207484708574,0.12529111586819083
81035,-0.05129329438755058,0.16002936676277635
81036,-0.07257069283483537,0.1589732618904772
81037,-0.08338160893905101,0.12264559068812027
81038,-0.040821994520255166,0.1264470224002966
81039,-0.10536051565782628,0.15520988489948545
81040,-0.09431067947124129,0.1013625993854511
81041,-0.06187540371808753,0.0939250185930289
81042,-0.01005033585350145,0.10658224214217685
81043,0.16551443847757333,0.1771985652811686
81044,-0.06187540371808753,0.1330236032975779
81045,-0.08338160893905101,0.10489757227719394
81046,-0.09431067947124129,0.1149688478967578
81047,-0.06187540371808753,0.10287619698635009
81048,-0.09431067947124129,0.12384218601505843
81049,-0.01005033585350145,0.1270751205734701
81050,-0.11653381625595151,0.10342424106989996
81051,-0.08338160893905101,0.10939279150278318
81052,-0.09431067947124129,0.11942480706448977
81053,-0.07257069283483537,0.14264533786691913
81054,-0.07257069283483537,0.10833297714795613
81055,-0.06187540371808753,0.12459028597553169
81056,-0.09431067947124129,0.1149688478967578
81057,-0.07257069283483537,0.08565350644855117
81058,0.058268908123975824,0.09621998459568877
81059,-0.07257069283483537,0.12577755099911905
81060,0,0.10975070388619668
81061,-0.12783337150988489,0.10918932028109046
81062,0,0.11384875067051518
81063,-0.08338160893905101,0.13129332452167805
81064,-0.16251892949777494,0.11743753978142338
81065,-0.10536051565782628,0.13820150721193858
81067,-0.19845093872383832,0.13097951369786434
81069,-0.08338160893905101,0.09578654299147647
81070,0.058268908123975824,0.12715091409386983
81071,-0.020202707317519466,0.14022700290362256
81072,0.058268908123975824,0.10803991280055325
81073,-0.01005033585350145,0.10238300788885263
81074,-0.11653381625595151,0.11727678651171163
81075,0,0.11384875067051518
81076,-0.12783337150988489,0.11384875067051521
81077,-0.16251892949777494,0.13616272695000908
81078,-0.05129329438755058,0.1018945405641958
81079,-0.09431067947124129,0.11047362867116857
81080,-0.030459207484708574,0.09564436545631289
81081,-0.030459207484708574,0.1042920992898707
81082,-0.06187540371808753,0.09842023781861813
81083,-0.1743533871447778,0.181977012213639
81084,-0.040821994520255166,0.1009315016989387
81086,-0.06187540371808753,0.1454178342001517
81087,-0.020202707317519466,0.09905919104130483
81088,0.03922071315328133,0.12931066367833607
81089,-0.030459207484708574,0.0823915662709758
81090,-0.10536051565782628,0.09772357749942791
81091,-0.08338160893905101,0.11826612962108381
81092,-0.1743533871447778,0.1186848445248743
81093,-0.06187540371808753,0.12459028597553169
81094,-0.11653381625595151,0.11270093447969101
81095,-0.09431067947124129,0.1149688478967578
81096,-0.10536051565782628,0.11157612294123957
81097,-0.11653381625595151,0.11270093447969101
81098,-0.07257069283483537,0.09484662150093809
81099,-0.10536051565782628,0.11157612294123957
81100,-0.06187540371808753,0.0939250185930289
81101,-0.040821994520255166,0.13467629889513516
81102,-0.09431067947124129,0.11047362867116857
81103,-0.06187540371808753,0.11167303700395521
81104,-0.01005033585350145,0.1230418657229021
81105,-0.09431067947124129,0.11942480706448977
81106,-0.08338160893905101,0.11384875067051513
81107,-0.07257069283483537,0.11712981716556127
81108,-0.12783337150988489,0.127577042976599
81109,-0.09431067947124129,0.1013625993854511
81110,-0.09431067947124129,0.14957221337571758
91003,0.058268908123975824,0.15275792660604084
