SA2_code,y.uterine.female,sd.uterine.female
11001,0.0769610411361284,0.13964072983522496
11002,-0.01005033585350145,0.06748365743762784
11003,-0.06187540371808753,0.1846836715145029
11004,-0.030459207484708574,0.06878531775966909
11005,-0.01005033585350145,0.16945603827684422
11006,-0.040821994520255166,0.08767870251360162
11007,-0.030459207484708574,0.09564436545631289
11008,0.0769610411361284,0.12135188709382919
11009,0.058268908123975824,0.10803991280055325
11010,0.01980262729617973,0.1037453693969541
11011,0,0.06685115428898164
11012,0.03922071315328133,0.11384875067051517
11013,-0.08338160893905101,0.10939279150278318
11014,-0.08338160893905101,0.1764009558196643
11015,-0.05129329438755058,0.0839908059666091
11016,-0.06187540371808753,0.12032077083751302
11017,-0.09431067947124129,0.14537297912239336
11018,-0.05129329438755058,0.13592075204311024
11019,-0.11653381625595151,0.15671131421663326
11020,-0.12783337150988489,0.10918932028109046
11021,-0.05129329438755058,0.1481174463561482
11022,-0.08338160893905101,0.10489757227719394
11023,-0.13926206733350766,0.16407327761605214
11024,-0.06187540371808753,0.0939250185930289
11025,-0.1743533871447778,0.14220071554541872
11026,0.009950330853168092,0.1518032494361187
11027,-0.11653381625595151,0.12181196376540848
11028,-0.18632957819149348,0.13903432369007446
11029,-0.18632957819149348,0.119959052224962
11030,-0.08338160893905101,0.07706135582289075
11031,-0.1743533871447778,0.08895580976774378
11032,-0.10536051565782628,0.09772357749942791
11033,-0.08338160893905101,0.12264559068812027
11034,-0.1743533871447778,0.11384875067051523
11035,-0.08338160893905101,0.11826612962108381
11036,-0.12783337150988489,0.0949501426703371
11037,-0.08338160893905101,0.13129332452167805
11038,-0.19845093872383832,0.15449538471840876
11039,-0.2231435513142097,0.11892545008539684
11040,-0.11653381625595151,0.10808367145932471
11041,-0.2613647641344075,0.1178089574743362
11042,-0.08338160893905101,0.10489757227719394
11043,-0.1743533871447778,0.11384875067051523
11044,-0.31471074483970024,0.12354084285962494
11045,-0.09431067947124129,0.1013625993854511
11046,-0.15082288973458366,0.1255780967035248
11047,-0.1743533871447778,0.09403250918262546
11048,-0.13926206733350766,0.1242969809478319
11049,-0.11653381625595151,0.09397574731110529
11050,-0.13926206733350766,0.11031791248450819
11051,-0.10536051565782628,0.11157612294123957
11052,-0.030459207484708574,0.1908412815687681
11053,-0.2484613592984996,0.14677656757743926
11054,-0.08338160893905101,0.1522923410999982
11055,-0.10536051565782628,0.12947985753882627
11056,-0.12783337150988489,0.1184660136908815
11057,-0.15082288973458366,0.11621629126056737
11058,-0.09431067947124129,0.13256383568817073
11059,0.009950330853168092,0.1518032494361187
11060,-0.01005033585350145,0.08085221478151769
11061,0.009950330853168092,0.104674004471315
11062,0.009950330853168092,0.08794450303101352
11063,-0.2231435513142097,0.17620468573390757
11064,-0.07257069283483537,0.090270769468917475
11065,-0.07257069283483537,0.09484662150093809
11066,-0.040821994520255166,0.11808283373923718
11067,-0.09431067947124129,0.1411388960536714
11068,-0.05129329438755058,0.09302120244589519
11069,-0.030459207484708574,0.09126490438927642
11070,0.23901690047049992,0.15474866854839886
11071,0.06765864847381486,0.10712912659411464
11072,0.058268908123975824,0.16683341462585155
11073,-0.040821994520255166,0.10527369030501454
11074,-0.040821994520255166,0.08767870251360162
11076,-0.07257069283483537,0.1214720057716371
11077,-0.040821994520255166,0.1264470224002966
11078,-0.09431067947124129,0.1411388960536714
11079,-0.06187540371808753,0.08019672628694513
11080,0.009950330853168092,0.1404227609084155
11081,-0.05129329438755058,0.07941495393458849
11082,-0.11653381625595151,0.11270093447969101
11083,-0.020202707317519466,0.09475364581382285
11084,-0.09431067947124129,0.12384218601505843
11085,-0.09431067947124129,0.1282216470820949
11086,-0.040821994520255166,0.1009315016989387
11087,-0.040821994520255166,0.11808283373923718
11088,-0.07257069283483537,0.13848038345918395
11089,-0.01005033585350145,0.11074719654991204
11090,-0.01005033585350145,0.1350472215444297
11091,-0.07257069283483537,0.12577755099911905
11092,0.01980262729617973,0.09964732261263559
11093,0.02955880224154443,0.10283312179685827
11094,-0.05129329438755058,0.09747716161362714
11095,-0.01005033585350145,0.10238300788885263
11096,-0.01005033585350145,0.09387940968211196
11097,0.16551443847757333,0.14569448004216498
11098,0.03922071315328133,0.0814439518325938
11099,-0.08338160893905101,0.08650984958168542
11100,-0.030459207484708574,0.13345455533066083
11101,-0.020202707317519466,0.13225490193266295
11102,-0.030459207484708574,0.13748781018122883
11103,-0.05129329438755058,0.0839908059666091
11104,-0.01005033585350145,0.11487842626043211
11105,-0.030459207484708574,0.09564436545631289
11106,-0.05129329438755058,0.127624567924855
11107,-0.030459207484708574,0.09998655406238872
11108,0.01980262729617973,0.1158456380792582
11109,-0.06187540371808753,0.07083492084398772
11110,-0.09431067947124129,0.08263741221686538
11111,-0.05129329438755058,0.1018945405641958
11112,0,0.14164884520320387
11113,-0.030459207484708574,0.08684752543870776
11114,-0.040821994520255166,0.10527369030501454
11115,-0.040821994520255166,0.09213466168133358
11116,-0.06187540371808753,0.11167303700395521
11117,-0.05129329438755058,0.09747716161362714
11118,-0.07257069283483537,0.10387701798022418
11119,-0.16251892949777494,0.1407385789820297
11120,-0.19845093872383832,0.14051631625508504
11121,-0.21072103131565253,0.1324036711658595
11122,-0.05129329438755058,0.11492173546479009
11123,-0.08338160893905101,0.10489757227719394
11124,-0.11653381625595151,0.1482077160098926
11125,-0.10536051565782628,0.09302120244589525
11126,0.009950330853168092,0.144244532198802
11127,-0.040821994520255166,0.1222820679925614
11128,-0.040821994520255166,0.18515586412722876
11129,-0.06187540371808753,0.07083492084398772
11130,0.13976194237515863,0.10036239502349707
11131,0.06765864847381486,0.09539978056110504
11132,0.09531017980432493,0.11938447313177315
11133,0.06765864847381486,0.1260980057990912
11134,0.03922071315328133,0.09383818273516757
11135,0.01980262729617973,0.07434276080683347
11136,-0.020202707317519466,0.09475364581382285
11137,0.06765864847381486,0.11859486937577719
11138,0.02955880224154443,0.14553670285637202
11139,-0.09431067947124129,0.1411388960536714
11140,-0.030459207484708574,0.09564436545631289
11141,-0.01005033585350145,0.10658224214217685
11142,0.0769610411361284,0.13240367116585944
11143,-0.040821994520255166,0.13467629889513516
11144,0.01980262729617973,0.09964732261263559
11145,-0.030459207484708574,0.11279569749661136
11146,0.03922071315328133,0.09790357541331904
11147,-0.07257069283483537,0.10387701798022418
11148,0.009950330853168092,0.12087231993793761
11149,0.0769610411361284,0.10623362300894595
11150,0.0769610411361284,0.11761411153664915
11151,-0.12783337150988489,0.0997408265222958
11152,-0.3011050927839216,0.14849732496450008
11153,-0.12783337150988489,0.11384875067051521
11154,-0.08338160893905101,0.1522923410999982
11155,0.12221763272424911,0.15127178680302852
11156,-0.020202707317519466,0.09475364581382285
11157,-0.12783337150988489,0.1453250613875253
11158,-0.1743533871447778,0.15131174483113619
11159,-0.09431067947124129,0.1149688478967578
11160,0.06765864847381486,0.18245361578088226
11162,-0.15082288973458366,0.11147017255530538
11163,-0.2484613592984996,0.11645849590866333
11164,-0.31471074483970024,0.12354084285962494
11165,-0.13926206733350766,0.1007811099272875
11166,-0.21072103131565253,0.11761411153664912
11167,-0.09431067947124129,0.1013625993854511
11168,-0.10536051565782628,0.12506247858825761
11169,-0.020202707317519466,0.1159269779091049
11170,-0.07257069283483537,0.08565350644855117
11171,-0.09431067947124129,0.14537297912239336
11172,-0.12783337150988489,0.0997408265222958
11173,-0.12783337150988489,0.1184660136908815
11174,-0.08338160893905101,0.10489757227719394
11175,-0.08338160893905101,0.08180747452815275
11176,-0.11653381625595151,0.12630718299099772
11177,0.01980262729617973,0.11184401692567357
11178,0,0.10561947417567659
11179,0.03922071315328133,0.07724471757926958
11180,-0.09431067947124129,0.1411388960536714
11181,-0.05129329438755058,0.0839908059666091
11182,-0.06187540371808753,0.17321792873284036
11183,0.01980262729617973,0.07434276080683347
11184,0.02955880224154443,0.1265678236513955
11185,-0.030459207484708574,0.08684752543870776
11186,0.13976194237515863,0.1252553359262685
11187,-0.030459207484708574,0.0823915662709758
11188,-0.030459207484708574,0.09998655406238872
11189,-0.06187540371808753,0.08481398930731142
11190,-0.07257069283483537,0.10387701798022418
11191,-0.020202707317519466,0.14022700290362256
11192,-0.030459207484708574,0.0823915662709758
11193,-0.040821994520255166,0.10527369030501454
11194,-0.040821994520255166,0.07407245400229491
11195,-0.040821994520255166,0.17770749707562034
11196,-0.040821994520255166,0.08767870251360162
11197,-0.1743533871447778,0.19041032953568518
11198,-0.07257069283483537,0.090270769468917475
11199,-0.11653381625595151,0.18540504805483538
11200,-0.09431067947124129,0.10593845141747173
11201,-0.040821994520255166,0.11384875067051518
11202,-0.21072103131565253,0.12752129819843563
11203,-0.16251892949777494,0.12688603354021802
11204,-0.16251892949777494,0.13616272695000908
11205,-0.09431067947124129,0.07301063451054762
11206,-0.020202707317519466,0.11176202350136971
11207,0,0.19307981414298217
11208,0.03922071315328133,0.09383818273516757
11209,0.01980262729617973,0.08291782117233411
11210,0.009950330853168092,0.104674004471315
11211,0.04879016416943205,0.15759402046039991
11212,-0.3011050927839216,0.1687060688905439
11213,-0.10536051565782628,0.12947985753882627
11214,-0.05129329438755058,0.11492173546479009
11215,-0.05129329438755058,0.1018945405641958
11216,0.04879016416943205,0.17856426315711008
11217,-0.07257069283483537,0.09938179875463495
11218,-0.07257069283483537,0.090270769468917475
11219,-0.12783337150988489,0.10918932028109046
11220,-0.12783337150988489,0.1453250613875253
11221,-0.08338160893905101,0.10036239502349709
11222,0.06765864847381486,0.10324922894859456
11223,-0.09431067947124129,0.1013625993854511
11224,0.009950330853168092,0.09637782035305974
11225,-0.05129329438755058,0.09302120244589519
11226,-0.09431067947124129,0.09208590597566005
11227,0,0.10561947417567659
11228,-0.020202707317519466,0.1159269779091049
11229,-0.030459207484708574,0.12938916265250938
11230,-0.020202707317519466,0.15195634893663215
11231,-0.07257069283483537,0.09938179875463495
11232,-0.01005033585350145,0.1506271826975326
11233,-0.09431067947124129,0.0967453363650848
11234,-0.06187540371808753,0.11601522561003105
11235,-0.040821994520255166,0.1264470224002966
11236,-0.11653381625595151,0.13076314215872967
11237,0,0.10561947417567659
11238,-0.020202707317519466,0.11176202350136971
11239,0.04879016416943205,0.12442829071091224
11240,-0.020202707317519466,0.1159269779091049
11241,-0.09431067947124129,0.1149688478967578
11242,-0.05129329438755058,0.13592075204311024
11243,-0.040821994520255166,0.10527369030501454
11244,-0.040821994520255166,0.16632700854791715
11245,-0.05129329438755058,0.08852598322030597
11246,-0.15082288973458366,0.14825756740292975
11247,-0.07257069283483537,0.08565350644855117
11248,-0.15082288973458366,0.13930638900960854
11249,-0.08338160893905101,0.08650984958168542
11250,-0.06187540371808753,0.12032077083751302
11251,0.04879016416943205,0.17166950848021065
11252,-0.08338160893905101,0.07706135582289075
11253,-0.030459207484708574,0.11279569749661136
11254,-0.11653381625595151,0.09397574731110529
11255,-0.08338160893905101,0.10036239502349709
11256,0.10436001532424286,0.15362504733873547
11257,0.04879016416943205,0.08072653327290515
11258,0.0769610411361284,0.13964072983522496
11259,0.02955880224154443,0.08637349821613304
11260,-0.06187540371808753,0.09842023781861813
11261,-0.16251892949777494,0.19266852505853083
11262,-0.020202707317519466,0.08603199614071055
11263,0.01980262729617973,0.09964732261263559
11264,-0.01005033585350145,0.10658224214217685
11265,0,0.11791414334866665
11266,-0.020202707317519466,0.09475364581382285
11267,-0.09431067947124129,0.11942480706448977
11268,-0.08338160893905101,0.13979692272841873
11269,-0.030459207484708574,0.12115988615767076
11270,-0.030459207484708574,0.12529111586819083
11271,-0.020202707317519466,0.0726634387968207
11272,0,0.093021202445895207
11273,0.009950330853168092,0.12484279975531258
11274,0.06765864847381486,0.11859486937577719
11275,-0.020202707317519466,0.09041145720774703
11276,0.058268908123975824,0.13088868965104988
11277,0.02955880224154443,0.11086799780101092
11278,0,0.11384875067051518
11279,-0.040821994520255166,0.1222820679925614
11280,-0.030459207484708574,0.12529111586819083
11281,0.009950330853168092,0.09217858609973552
11282,-0.1743533871447778,0.16026292322445737
11283,-0.030459207484708574,0.10856161442788936
11284,0.01980262729617973,0.10781076207510557
11285,0.02955880224154443,0.10686637664742628
11286,-0.01005033585350145,0.10238300788885263
11287,-0.040821994520255166,0.1222820679925614
11288,-0.01005033585350145,0.08085221478151769
11289,-0.01005033585350145,0.08523167584855416
11290,-0.05129329438755058,0.09302120244589519
11291,-0.07257069283483537,0.090270769468917475
11292,-0.030459207484708574,0.08684752543870776
11293,0.01980262729617973,0.08291782117233411
11294,-0.01005033585350145,0.09814892482013064
11295,-0.040821994520255166,0.09213466168133358
11296,0.02955880224154443,0.0946696823343883
11297,-0.040821994520255166,0.06945519098192862
11298,0.009950330853168092,0.11687069878435297
11299,-0.020202707317519466,0.09041145720774703
11300,-0.020202707317519466,0.08603199614071055
11301,-0.030459207484708574,0.09564436545631289
11302,-0.020202707317519466,0.09041145720774703
11303,-0.020202707317519466,0.09041145720774703
11304,0.02955880224154443,0.0946696823343883
11305,0.04879016416943205,0.08895580976774374
11306,0.0769610411361284,0.09850311024333255
11307,-0.08338160893905101,0.09116927997111017
11308,-0.01005033585350145,0.08085221478151769
11309,0.04879016416943205,0.0970544572964632
11310,0.04879016416943205,0.10105607845004784
11311,0.10436001532424286,0.09225455454562226
11312,0.0769610411361284,0.07048486657184545
11313,0.131028262406404,0.10844971529779228
11314,0.0769610411361284,0.10238300788885263
11315,0.17395330712343798,0.10432812683510564
11316,0.131028262406404,0.09747716161362716
11317,0.14842000511827322,0.09957637717949165
11318,0.058268908123975824,0.08411971591338466
11319,0.0769610411361284,0.09065366185584305
11320,-0.020202707317519466,0.14022700290362256
11321,0.03922071315328133,0.12163827726785624
11322,0.13976194237515863,0.093021202445895207
11323,-0.030459207484708574,0.09998655406238872
11325,0.06765864847381486,0.11097974171420796
11326,-0.030459207484708574,0.08684752543870776
11327,-0.07257069283483537,0.10387701798022418
11328,0.09531017980432493,0.10448694522755778
11329,-0.01005033585350145,0.1270751205734701
11330,0.0769610411361284,0.10623362300894595
11331,-0.01005033585350145,0.10658224214217685
11332,0.009950330853168092,0.08794450303101352
11333,-0.020202707317519466,0.11176202350136971
11334,-0.020202707317519466,0.1159269779091049
11335,0.009950330853168092,0.08794450303101352
11336,0.01980262729617973,0.1237559373323017
11337,-0.020202707317519466,0.10756278924804549
11338,0.0769610411361284,0.10623362300894595
11339,-0.07257069283483537,0.10833297714795613
11340,-0.11653381625595151,0.11727678651171163
11341,-0.05129329438755058,0.1018945405641958
11343,0,0.08875168730787653
11344,-0.15082288973458366,0.1526749463534984
11345,0.02955880224154443,0.08637349821613304
11346,-0.10536051565782628,0.13385931860586273
11347,0.04879016416943205,0.12822164708209496
11348,-0.15082288973458366,0.10667948870334668
11349,0.02955880224154443,0.0946696823343883
11350,-0.08338160893905101,0.11826612962108381
11351,-0.11653381625595151,0.09872186601636729
11352,-0.11653381625595151,0.10342424106989996
11353,0,0.08444614208039455
11354,0,0.08010395347431873
11355,0.009950330853168092,0.10054277476079491
11356,-0.020202707317519466,0.09041145720774703
11357,0.03922071315328133,0.09383818273516757
11358,-0.09431067947124129,0.1013625993854511
11359,0.01980262729617973,0.0955160929021155
11360,-0.07257069283483537,0.10833297714795613
11361,-0.040821994520255166,0.08767870251360162
11362,0.009950330853168092,0.08367498789299484
11363,0,0.09725528551461719
11364,-0.01005033585350145,0.07643483583094902
11365,0.01980262729617973,0.10781076207510557
11366,-0.01005033585350145,0.09814892482013064
11367,0,0.093021202445895207
11368,-0.07257069283483537,0.090270769468917475
11369,-0.12783337150988489,0.0949501426703371
11370,-0.09431067947124129,0.08738353092212739
11371,-0.11653381625595151,0.11727678651171163
11372,-0.12783337150988489,0.11384875067051521
11373,-0.05129329438755058,0.1018945405641958
11374,-0.11653381625595151,0.09397574731110529
11375,0.009950330853168092,0.08794450303101352
11376,0.01980262729617973,0.0955160929021155
11377,-0.08338160893905101,0.10036239502349709
11378,0.04879016416943205,0.10502655826742281
11379,-0.01005033585350145,0.10238300788885263
11380,0.058268908123975824,0.10803991280055325
11381,0.03922071315328133,0.11384875067051517
11382,0,0.11791414334866665
11383,-0.05129329438755058,0.10627400163123228
11384,-0.040821994520255166,0.10957923553249652
11385,-0.21072103131565253,0.15613837302039665
11386,-0.05129329438755058,0.09747716161362714
11387,-0.09431067947124129,0.17406671296059545
11388,-0.08338160893905101,0.09116927997111017
11389,-0.15082288973458366,0.1255780967035248
11390,-0.05129329438755058,0.08852598322030597
11391,-0.030459207484708574,0.09998655406238872
11392,0.03922071315328133,0.09790357541331904
11393,-0.01005033585350145,0.09387940968211196
11394,-0.040821994520255166,0.08767870251360162
11395,-0.030459207484708574,0.1042920992898707
11396,0.04879016416943205,0.10502655826742281
11397,-0.020202707317519466,0.07715865802240994
11398,0.009950330853168092,0.09637782035305974
11399,-0.040821994520255166,0.10527369030501454
11400,0.02955880224154443,0.10686637664742628
11401,0.009950330853168092,0.104674004471315
11402,-0.01005033585350145,0.10238300788885263
11403,0,0.093021202445895207
11404,0.01980262729617973,0.1467765675774393
11405,-0.07257069283483537,0.09938179875463495
11406,-0.05129329438755058,0.09302120244589519
11407,-0.06187540371808753,0.08938984133933205
11408,-0.07257069283483537,0.08565350644855117
11409,-0.07257069283483537,0.10387701798022418
11410,-0.11653381625595151,0.09397574731110529
11411,-0.06187540371808753,0.08019672628694513
11412,-0.06187540371808753,0.08938984133933205
11413,-0.040821994520255166,0.10527369030501454
11414,0.02955880224154443,0.11086799780101092
11415,-0.3285040669720361,0.15206370382006507
11416,0.0769610411361284,0.12135188709382919
11417,0.2151113796169455,0.15189400347536647
11418,-0.10536051565782628,0.11611130019493643
11419,-0.13926206733350766,0.11502028753804086
11420,-0.2231435513142097,0.18515586412722873
11421,-0.08338160893905101,0.14816111138947813
11422,-0.15082288973458366,0.16139659602661072
11423,-0.09431067947124129,0.1411388960536714
11424,-0.01005033585350145,0.11074719654991204
11425,-0.09431067947124129,0.11047362867116857
11426,-0.030459207484708574,0.11699493174993558
11427,-0.10536051565782628,0.09772357749942791
11428,-0.09431067947124129,0.08738353092212739
11429,-0.09431067947124129,0.1149688478967578
11430,-0.11653381625595151,0.09872186601636729
11431,-0.040821994520255166,0.1264470224002966
11432,-0.10536051565782628,0.10700027090921894
11433,0.01980262729617973,0.09964732261263559
11434,0.009950330853168092,0.12087231993793761
11435,0.01980262729617973,0.09135113849438033
11436,0.09531017980432493,0.10825230609369173
11437,0.03922071315328133,0.09383818273516757
11438,0.04879016416943205,0.0970544572964632
11440,-0.020202707317519466,0.08161461719014189
11441,0,0.10145451976794141
11442,-0.040821994520255166,0.11384875067051518
11443,0.01980262729617973,0.11184401692567357
11444,0.04879016416943205,0.10896637770309134
11445,0.09531017980432493,0.11199008165087178
11446,0.03922071315328133,0.07724471757926958
11447,0.01980262729617973,0.09135113849438033
11448,0.03922071315328133,0.08974013595084906
11449,0.009950330853168092,0.10054277476079491
11450,0.10436001532424286,0.11108341012493386
11451,0,0.08875168730787653
11452,0.01980262729617973,0.10781076207510557
11453,-0.05129329438755058,0.1106161902373081
11454,0.009950330853168092,0.08367498789299484
11455,0,0.11791414334866665
11456,0.01980262729617973,0.07000057220075763
11457,0,0.10561947417567659
11458,0.009950330853168092,0.07936944266551288
11459,0.04879016416943205,0.08072653327290515
11460,0.02955880224154443,0.11483847761838589
11461,0.02955880224154443,0.10283312179685827
11462,0.0769610411361284,0.10623362300894595
11463,0.04879016416943205,0.07656157886516997
11464,-0.01005033585350145,0.10238300788885263
11465,0.04879016416943205,0.11287600665491233
11466,0.01980262729617973,0.1158456380792582
11467,0.009950330853168092,0.104674004471315
11468,0.02955880224154443,0.09053845262386821
11469,0.0769610411361284,0.10238300788885263
11470,0.131028262406404,0.1191912506028088
11471,0.09531017980432493,0.07732137659551065
11472,-0.040821994520255166,0.09213466168133358
11473,-0.01005033585350145,0.09814892482013064
11474,0.009950330853168092,0.08794450303101352
11475,0.009950330853168092,0.12087231993793761
11476,0.009950330853168092,0.08367498789299484
11477,0.02955880224154443,0.09053845262386821
11478,-0.01005033585350145,0.10658224214217685
11479,0,0.08444614208039455
11480,0.06765864847381486,0.09539978056110504
11481,0.04879016416943205,0.0970544572964632
11482,0.06765864847381486,0.07932903206142597
11483,0.04879016416943205,0.093021202445895207
11484,0.10436001532424286,0.08840393942552893
11485,0.04879016416943205,0.093021202445895207
11486,0.06765864847381486,0.11097974171420796
11487,0.06765864847381486,0.12236023024191116
11488,0.04879016416943205,0.08485776298342522
11489,0.02955880224154443,0.09053845262386821
11490,0,0.09725528551461719
11491,-0.020202707317519466,0.08161461719014189
11492,0,0.08010395347431873
11493,-0.040821994520255166,0.09655204063190224
11494,-0.09431067947124129,0.10593845141747173
11495,0.01980262729617973,0.09135113849438033
11496,0.009950330853168092,0.08367498789299484
11497,0.03922071315328133,0.08974013595084906
11498,0.009950330853168092,0.12484279975531258
11499,-0.040821994520255166,0.14277494642385463
11500,-0.020202707317519466,0.07715865802240994
11501,-0.05129329438755058,0.09302120244589519
11502,-0.01005033585350145,0.08957386445462999
11503,0.04879016416943205,0.11675590430043241
11504,-0.06187540371808753,0.0939250185930289
11505,0.01980262729617973,0.08291782117233411
11506,0.02955880224154443,0.08217426396280882
11507,-0.020202707317519466,0.08603199614071055
11508,0,0.10975070388619668
11509,-0.07257069283483537,0.08565350644855117
11510,0.01980262729617973,0.08291782117233411
11511,0.01980262729617973,0.0955160929021155
11512,-0.06187540371808753,0.0939250185930289
11513,0.01980262729617973,0.08291782117233411
11514,-0.08338160893905101,0.11826612962108381
11515,0.04879016416943205,0.0970544572964632
11516,-0.020202707317519466,0.09905919104130483
11517,-0.040821994520255166,0.09655204063190224
11518,0.06765864847381486,0.09539978056110504
11519,0.058268908123975824,0.08818510859153614
11520,-0.08338160893905101,0.10036239502349709
11521,0.04879016416943205,0.10896637770309134
11522,0.03922071315328133,0.09790357541331904
11523,0.009950330853168092,0.08367498789299484
11524,-0.030459207484708574,0.0823915662709758
11525,-0.020202707317519466,0.08603199614071055
11526,0.01980262729617973,0.08715190424105611
11527,-0.13926206733350766,0.11967971792746561
11528,-0.19845093872383832,0.1261434198435053
11529,-0.13926206733350766,0.1007811099272875
11530,-0.15082288973458366,0.12091866631410003
11531,-0.11653381625595151,0.10342424106989996
11532,-0.13926206733350766,0.10557179377924618
11533,-0.13926206733350766,0.11502028753804086
11534,-0.16251892949777494,0.17593902361822936
11535,-0.08338160893905101,0.09578654299147647
11536,-0.1743533871447778,0.11384875067051523
11537,-0.13926206733350766,0.10557179377924618
11538,-0.13926206733350766,0.1007811099272875
21001,0.19885085874516517,0.10200268429194011
21002,0.26236426446749106,0.10593845141747173
21003,0.26236426446749106,0.09628130351669677
21004,0.20701416938432612,0.09440199917943752
21005,0.1906203596086497,0.11637243635180375
21006,0.20701416938432612,0.12126104687608144
21007,0.20701416938432612,0.10800824769074435
21008,0.26236426446749106,0.10911730333106157
21009,0.09531017980432493,0.07732137659551065
21010,0.131028262406404,0.08247007732470206
21011,0.11332868530700327,0.09150047380398815
21012,0.12221763272424911,0.08696529655029128
21013,0.08617769624105241,0.09768063283531997
21014,0.11332868530700327,0.09150047380398815
21015,0.131028262406404,0.09747716161362716
21016,0.01980262729617973,0.16519748831321282
21017,0.04879016416943205,0.0970544572964632
21018,0.0769610411361284,0.09850311024333255
21019,0.08617769624105241,0.11291173648311648
21020,0.06765864847381486,0.10324922894859456
21021,0.04879016416943205,0.10896637770309134
21022,0.04879016416943205,0.10502655826742281
21023,0.0769610411361284,0.11005539429933248
21024,0.058268908123975824,0.11577042556616665
21025,0.10436001532424286,0.11476721011140686
21026,0.058268908123975824,0.08818510859153614
21027,0.03922071315328133,0.1552903016514263
21028,0.058268908123975824,0.08002166912906615
21029,0.09531017980432493,0.09302120244589522
21030,0.131028262406404,0.09747716161362716
21031,0.13976194237515863,0.093021202445895207
21032,0.06765864847381486,0.07932903206142597
21033,0.03922071315328133,0.0814439518325938
21034,0.09531017980432493,0.09687181756598853
21035,0.08617769624105241,0.07797918583135077
21036,0.058268908123975824,0.08818510859153614
21037,0.10436001532424286,0.11108341012493386
21038,0.131028262406404,0.10116096160010016
21039,0.03922071315328133,0.09383818273516757
21040,0.08617769624105241,0.0938007351897999
21041,0.06765864847381486,0.08742767959014544
21042,0.0769610411361284,0.09065366185584305
21043,0.058268908123975824,0.08818510859153614
21044,-0.020202707317519466,0.12822164708209496
21045,0.02955880224154443,0.11086799780101092
21046,0.08617769624105241,0.11291173648311648
21047,0.0769610411361284,0.11005539429933248
21048,-0.030459207484708574,0.12115988615767076
21049,-0.01005033585350145,0.11487842626043211
21050,-0.01005033585350145,0.09814892482013064
21051,-0.05129329438755058,0.15608954732710784
21052,-0.020202707317519466,0.14022700290362256
21053,0.03922071315328133,0.10593845141747169
21054,0.01980262729617973,0.09135113849438033
21055,0.03922071315328133,0.0814439518325938
21056,0.131028262406404,0.10844971529779228
21057,-0.030459207484708574,0.08684752543870776
21058,0.06765864847381486,0.09933959999677357
21059,0.12221763272424911,0.144514018053018
21060,0.0769610411361284,0.08668318203846807
21061,-0.01005033585350145,0.11487842626043211
21062,0.04879016416943205,0.093021202445895207
21063,-0.07257069283483537,0.1669453628614368
21064,-0.01005033585350145,0.10238300788885263
21065,-0.040821994520255166,0.1009315016989387
21066,-0.06187540371808753,0.14948322687830315
21067,-0.040821994520255166,0.07864830603431554
21068,-0.05129329438755058,0.11919125060280876
21069,-0.040821994520255166,0.09655204063190224
21070,-0.05129329438755058,0.09302120244589519
21071,-0.040821994520255166,0.11384875067051518
21072,-0.07257069283483537,0.090270769468917475
21073,-0.030459207484708574,0.10856161442788936
21074,-0.05129329438755058,0.09747716161362714
21075,-0.030459207484708574,0.09998655406238872
21076,0.04879016416943205,0.093021202445895207
21077,-0.020202707317519466,0.07715865802240994
21078,0.009950330853168092,0.104674004471315
21079,-0.01005033585350145,0.09814892482013064
21081,-0.13926206733350766,0.13790322945913858
21082,-0.08338160893905101,0.08650984958168542
21084,-0.13926206733350766,0.11967971792746561
21085,-0.09431067947124129,0.1013625993854511
21086,-0.16251892949777494,0.12218365848668537
21087,0.009950330853168092,0.11283744393378498
21088,-0.10536051565782628,0.23266193228112023
21089,0.04879016416943205,0.10105607845004784
21090,0.03922071315328133,0.09383818273516757
21091,-0.040821994520255166,0.17770749707562034
21092,0.009950330853168092,0.22180382163687634
21093,0.12221763272424911,0.09452401378760796
21094,0.058268908123975824,0.08818510859153614
21095,0.03922071315328133,0.09383818273516757
21096,0.04879016416943205,0.11287600665491233
21097,0.058268908123975824,0.10019046441306373
21098,0,0.09725528551461719
21099,-0.05129329438755058,0.09747716161362714
21100,-0.06187540371808753,0.0939250185930289
21101,-0.08338160893905101,0.09116927997111017
21102,-0.020202707317519466,0.09905919104130483
21103,-0.09431067947124129,0.11942480706448977
21104,0.009950330853168092,0.11283744393378498
21105,0.1570037488096647,0.09519691611245519
21106,0.1823215567939546,0.09655204063190226
21107,0.1570037488096647,0.08422436242829007
21108,0.19885085874516517,0.07745204738163478
21109,0.17395330712343798,0.10432812683510564
21110,0.131028262406404,0.10481835419122904
21111,0.1570037488096647,0.09156555500589195
21112,0.1570037488096647,0.08790816241476307
21113,0.13976194237515863,0.093021202445895207
21114,0.131028262406404,0.08626343369588478
21115,0.14842000511827322,0.10318207474229393
21116,0.1570037488096647,0.10593845141747171
21117,0.13976194237515863,0.093021202445895207
21118,0.10436001532424286,0.11842460270253574
21119,0.12221763272424911,0.08696529655029128
21120,0.1570037488096647,0.1233532505855628
21121,0.2151113796169455,0.12038991823636289
21122,0.14842000511827322,0.10676246895588912
21123,0.1570037488096647,0.10238300788885264
21124,0.1570037488096647,0.09519691611245519
21125,0.13976194237515863,0.10399375613006032
21126,0.11332868530700327,0.09150047380398815
21128,0.131028262406404,0.10116096160010016
21129,0.04879016416943205,0.11287600665491233
21130,0.01980262729617973,0.1276655662841227
21131,0.08617769624105241,0.1053530192457998
21132,0.12221763272424911,0.11655063208618378
21133,0.09531017980432493,0.09687181756598853
21134,0.131028262406404,0.09376657011919878
21135,0.09531017980432493,0.10448694522755778
21136,0.11332868530700327,0.08767870251360163
21137,0.13976194237515863,0.093021202445895207
21138,0.09531017980432493,0.08914130480037515
21139,0.11332868530700327,0.10279696659848486
21140,0.16551443847757333,0.09446042506918163
21141,0.11332868530700327,0.09529383017517086
21142,0.1570037488096647,0.09880261367525747
21143,0.131028262406404,0.09002879456201873
21144,0.12221763272424911,0.08314352525990477
21145,0.13976194237515863,0.08180747452815282
21146,0.17395330712343798,0.12150833862418113
21147,0.01980262729617973,0.08715190424105611
21148,0.03922071315328133,0.07724471757926958
21149,0,0.08875168730787653
21150,0.131028262406404,0.08247007732470206
21151,0.06765864847381486,0.08742767959014544
21152,0.06765864847381486,0.08742767959014544
21153,0.09531017980432493,0.07331975544192601
21154,0.09531017980432493,0.09687181756598853
21155,0.02955880224154443,0.08637349821613304
21156,0.01980262729617973,0.09135113849438033
21157,-0.030459207484708574,0.08684752543870776
21158,0.009950330853168092,0.07936944266551288
21159,0.02955880224154443,0.08637349821613304
21160,-0.01005033585350145,0.09387940968211196
21161,0.03922071315328133,0.0814439518325938
21162,-0.01005033585350145,0.09814892482013064
21163,0.009950330853168092,0.09637782035305974
21164,0.009950330853168092,0.07936944266551288
21165,0.04879016416943205,0.08072653327290515
21166,0.04879016416943205,0.08485776298342522
21167,0.01980262729617973,0.09135113849438033
21168,-0.06187540371808753,0.11167303700395521
21169,0.009950330853168092,0.10054277476079491
21170,0.08617769624105241,0.08595128680231037
21171,-0.01005033585350145,0.10658224214217685
21172,0.009950330853168092,0.08794450303101352
21173,-0.030459207484708574,0.11279569749661136
21174,0.09531017980432493,0.09302120244589522
21175,0.14842000511827322,0.08115545644371812
21176,0.11332868530700327,0.09529383017517086
21177,0.10436001532424286,0.07667459339251934
21178,0.06765864847381486,0.10324922894859456
21179,0.06765864847381486,0.09539978056110504
21180,0.10436001532424286,0.10737281863050549
21181,0.11332868530700327,0.11019135807938624
21182,0.12221763272424911,0.090758652921474
21183,0.009950330853168092,0.11687069878435297
21184,0.03922071315328133,0.11384875067051517
21185,0.009950330853168092,0.09217858609973552
21186,-0.020202707317519466,0.12005820761962498
21187,0.01980262729617973,0.11184401692567357
21188,0.03922071315328133,0.09790357541331904
21189,0.01980262729617973,0.11184401692567357
21190,-0.020202707317519466,0.12005820761962498
21191,0.06765864847381486,0.08339442473957744
21193,0.04879016416943205,0.11287600665491233
21194,0.09531017980432493,0.08129185641288562
21195,0.14842000511827322,0.08115545644371812
21196,0.09531017980432493,0.10069358885637505
21197,0.058268908123975824,0.08411971591338466
21198,0.12221763272424911,0.09452401378760796
21199,0.11332868530700327,0.08767870251360163
21200,0.13976194237515863,0.07801411815697011
21201,0.0769610411361284,0.10238300788885263
21202,0.03922071315328133,0.09383818273516757
21203,0.058268908123975824,0.08002166912906615
21204,0.03922071315328133,0.09790357541331904
21205,0.0769610411361284,0.09459348129151157
21206,0.1823215567939546,0.07499091344318659
21207,0.12221763272424911,0.08314352525990477
21208,0.12221763272424911,0.08314352525990477
21209,0.0769610411361284,0.09065366185584305
21210,0.06765864847381486,0.11480151300459449
21211,0.03922071315328133,0.09383818273516757
21212,0.04879016416943205,0.07656157886516997
21213,0.0769610411361284,0.07864830603431543
21214,0.058268908123975824,0.10803991280055325
21215,0.06765864847381486,0.10324922894859456
21216,0.14842000511827322,0.09957637717949165
21217,0.10436001532424286,0.09986968220719149
21218,0.16551443847757333,0.08356597380868723
21219,0.23901690047049992,0.08831262773282299
21220,0.19885085874516517,0.09856695358717271
21221,0.17395330712343798,0.09373527405529485
21222,0.08617769624105241,0.0898911062379789
21223,0.17395330712343798,0.08291782117233414
21224,0.058268908123975824,0.09621998459568877
21225,0.04879016416943205,0.093021202445895207
21226,0.058268908123975824,0.10019046441306373
21228,0.0769610411361284,0.08268156088488343
21229,0.09531017980432493,0.08523167584855415
21230,0.10436001532424286,0.11108341012493386
21231,0.12221763272424911,0.090758652921474
21232,0.09531017980432493,0.08914130480037515
21233,0.20701416938432612,0.12126104687608144
21234,0.11332868530700327,0.10650755809291325
21235,0.12221763272424911,0.08696529655029128
21236,0.14842000511827322,0.09228762348179953
21237,0.1823215567939546,0.08946575891727616
21238,0.131028262406404,0.07479769091422223
21239,0.1906203596086497,0.09231795756318026
21240,0.12221763272424911,0.098261789344788
21241,0.09531017980432493,0.08523167584855415
21242,0.20701416938432612,0.10464055175638105
21243,0.17395330712343798,0.07926042858120526
21244,0.10436001532424286,0.08452404178000886
21245,0.1570037488096647,0.08790816241476307
21246,0.12221763272424911,0.07929291013981145
21247,0.1823215567939546,0.11043600161398633
21248,0.11332868530700327,0.10650755809291325
21249,0.1823215567939546,0.09302120244589523
21250,0.12221763272424911,0.10931357341681826
21251,-0.01005033585350145,0.10238300788885263
21252,0.058268908123975824,0.08002166912906615
21253,0.10436001532424286,0.08452404178000886
21254,0.0769610411361284,0.08268156088488343
21255,0.06765864847381486,0.08339442473957744
21256,0.04879016416943205,0.10502655826742281
21257,0.058268908123975824,0.10803991280055325
21258,0.0769610411361284,0.08668318203846807
21259,0.01980262729617973,0.09135113849438033
21260,0.058268908123975824,0.08818510859153614
21261,0.01980262729617973,0.08291782117233411
21262,0.009950330853168092,0.08367498789299484
21263,0.03922071315328133,0.10193683026388704
21264,0.04879016416943205,0.07656157886516997
21265,0.01980262729617973,0.09135113849438033
21266,0.01980262729617973,0.08291782117233411
21267,0,0.09725528551461719
21268,0.0769610411361284,0.12506247858825756
21269,0.06765864847381486,0.09142930074373008
21270,0.02955880224154443,0.10686637664742628
21271,0.04879016416943205,0.10105607845004784
21272,0.04879016416943205,0.093021202445895207
21273,0.058268908123975824,0.08411971591338466
21274,0.03922071315328133,0.10593845141747169
21275,0.04879016416943205,0.08895580976774374
21276,-0.01005033585350145,0.08523167584855416
21277,0.03922071315328133,0.09383818273516757
21278,0.01980262729617973,0.08715190424105611
21279,0.02955880224154443,0.10686637664742628
21280,0.0769610411361284,0.09850311024333255
21281,0.03922071315328133,0.09790357541331904
21282,0.06765864847381486,0.07932903206142597
21283,0.03922071315328133,0.10593845141747169
21284,0.08617769624105241,0.11291173648311648
21285,0,0.10561947417567659
21286,0,0.08444614208039455
21287,0.06765864847381486,0.08742767959014544
21288,0.06765864847381486,0.10712912659411464
21289,0.02955880224154443,0.07367066575606815
21290,0.10436001532424286,0.08840393942552893
21291,0.06765864847381486,0.11480151300459449
21292,0.04879016416943205,0.10896637770309134
21293,0.10436001532424286,0.09986968220719149
21294,0.12221763272424911,0.09452401378760796
21295,0.131028262406404,0.10844971529779228
21296,0.13976194237515863,0.08557283539428678
21297,0.14842000511827322,0.09228762348179953
21298,0.12221763272424911,0.08696529655029128
21299,0.06765864847381486,0.08742767959014544
21300,0.11332868530700327,0.10650755809291325
21301,0.11332868530700327,0.09529383017517086
21302,0.1570037488096647,0.09519691611245519
21303,0.058268908123975824,0.09621998459568877
21304,0.131028262406404,0.10116096160010016
21305,0.1906203596086497,0.09231795756318026
21306,0.11332868530700327,0.09905919104130483
21307,0.14842000511827322,0.10676246895588912
21308,-0.020202707317519466,0.11176202350136971
21309,0.09531017980432493,0.08914130480037515
21310,0.11332868530700327,0.10279696659848486
21311,0.09531017980432493,0.06928650059135802
21312,0.131028262406404,0.08247007732470206
21313,0.0769610411361284,0.09065366185584305
21314,0.04879016416943205,0.08485776298342522
21315,0.14842000511827322,0.08115545644371812
21316,0.1823215567939546,0.10354124693708688
21317,0.17395330712343798,0.09015487984169966
21318,0.09531017980432493,0.09687181756598853
21319,0.09531017980432493,0.08523167584855415
21320,0.14842000511827322,0.08489323200089816
21321,0.058268908123975824,0.08002166912906615
21322,0.06765864847381486,0.07523098527710746
21323,0.058268908123975824,0.09221836344210414
21324,0.058268908123975824,0.09621998459568877
21325,0.12221763272424911,0.07541301249429137
21326,0.1906203596086497,0.08523167584855418
21327,0.03922071315328133,0.08974013595084906
21328,0.11332868530700327,0.09529383017517086
21329,0.12221763272424911,0.11655063208618378
21330,0.08617769624105241,0.0819808069849354
21331,0.12221763272424911,0.09452401378760796
21332,0.10436001532424286,0.08840393942552893
21333,0.16551443847757333,0.09085472750637935
21334,0.131028262406404,0.10481835419122904
21335,0.131028262406404,0.09376657011919878
21336,0.17395330712343798,0.10781076207510557
21337,0.09531017980432493,0.08914130480037515
21338,0.11332868530700327,0.08767870251360163
21339,0.10436001532424286,0.09986968220719149
21340,0.131028262406404,0.08247007732470206
21341,0.02955880224154443,0.11086799780101092
21342,0.0769610411361284,0.11761411153664915
21343,0.06765864847381486,0.08742767959014544
21344,0.04879016416943205,0.10896637770309134
21345,0.06765864847381486,0.16204273077389286
21346,-0.020202707317519466,0.12005820761962498
21347,0.09531017980432493,0.09302120244589522
21348,0.14842000511827322,0.08860382349532653
21349,0.12221763272424911,0.090758652921474
21350,0.14842000511827322,0.12773271165259928
21351,0.13976194237515863,0.08931061095146682
21352,0.11332868530700327,0.09529383017517086
21353,0.09531017980432493,0.09687181756598853
21354,0.131028262406404,0.09376657011919878
21355,0.09531017980432493,0.09302120244589522
21356,0.12221763272424911,0.08696529655029128
21357,0.11332868530700327,0.08767870251360163
21358,0.09531017980432493,0.12304186572290202
21359,0.11332868530700327,0.09150047380398815
21360,0.12221763272424911,0.10565618082568938
21361,0.058268908123975824,0.10019046441306373
21362,0,0.10561947417567659
21363,0.09531017980432493,0.09302120244589522
21364,0.09531017980432493,0.10825230609369173
21365,0.0769610411361284,0.08668318203846807
21366,0.08617769624105241,0.10914637561698252
21367,0.02955880224154443,0.0946696823343883
21368,0.02955880224154443,0.0987677291187068
21369,0.09531017980432493,0.10448694522755778
21370,-0.01005033585350145,0.08957386445462999
21371,-0.09431067947124129,0.1013625993854511
21372,-0.10536051565782628,0.10238300788885267
21373,-0.12783337150988489,0.0997408265222958
21374,-0.040821994520255166,0.07864830603431554
21375,-0.06187540371808753,0.10729357593691875
21376,0.09531017980432493,0.10069358885637505
21377,-0.19845093872383832,0.13097951369786434
21378,-0.13926206733350766,0.10557179377924618
21379,-0.10536051565782628,0.12947985753882627
21380,-0.11653381625595151,0.11270093447969101
21381,-0.12783337150988489,0.1184660136908815
21382,-0.13926206733350766,0.11502028753804086
21383,-0.21072103131565253,0.1324036711658595
21384,-0.16251892949777494,0.11264685592946468
21385,-0.06187540371808753,0.08481398930731142
21386,0.08617769624105241,0.14207419252390655
21387,0.0769610411361284,0.09459348129151157
21388,0.01980262729617973,0.15051434313461934
21389,0.0769610411361284,0.09459348129151157
21390,0.08617769624105241,0.1053530192457998
21391,0.04879016416943205,0.093021202445895207
21392,0.058268908123975824,0.08818510859153614
21393,0.10436001532424286,0.09607632583600877
21394,0.04879016416943205,0.0970544572964632
21395,0.03922071315328133,0.10990893123484664
21396,0.02955880224154443,0.1342402100618753
21397,-0.020202707317519466,0.1033287061793235
21398,0.058268908123975824,0.06752625075748667
21399,0.058268908123975824,0.12338555322773588
21400,0.0769610411361284,0.09459348129151157
21401,0.01980262729617973,0.09964732261263559
21402,0.0769610411361284,0.19411418668507505
21403,0.11332868530700327,0.1558069640567254
21404,0.12221763272424911,0.1376655382917217
21405,0.058268908123975824,0.09621998459568877
21406,0.01980262729617973,0.09135113849438033
21407,0.06765864847381486,0.09933959999677357
21408,0.01980262729617973,0.0955160929021155
21409,0.0769610411361284,0.11005539429933248
21410,0.0769610411361284,0.09850311024333255
21411,-0.06187540371808753,0.11601522561003105
21412,-0.020202707317519466,0.08161461719014189
21413,0,0.08010395347431873
21414,0.009950330853168092,0.1326922481428021
21415,-0.07257069283483537,0.13004706613713773
21416,-0.040821994520255166,0.10527369030501454
21417,-0.020202707317519466,0.11176202350136971
21418,-0.020202707317519466,0.09041145720774703
21419,0.009950330853168092,0.08367498789299484
21420,0.0769610411361284,0.09850311024333255
21421,-0.020202707317519466,0.16718745258442866
21422,-0.01005033585350145,0.16574544678241585
21423,0.0769610411361284,0.08668318203846807
21424,0.06765864847381486,0.1515226862827012
21425,-0.15082288973458366,0.16570214125409266
21426,0,0.09725528551461719
21427,0.0769610411361284,0.08668318203846807
21428,0.06765864847381486,0.11097974171420796
21429,0.03922071315328133,0.09383818273516757
21430,0.04879016416943205,0.10502655826742281
21431,0.058268908123975824,0.13828308113195126
21432,-0.020202707317519466,0.1159269779091049
21433,0.02955880224154443,0.1226879260058754
31001,0.01980262729617973,0.1037453693969541
31002,0.06765864847381486,0.09142930074373008
31003,0.03922071315328133,0.10990893123484664
31004,0.058268908123975824,0.09221836344210414
31005,0.11332868530700327,0.2038239495518676
31006,0.01980262729617973,0.13154546392964278
31007,0.03922071315328133,0.12163827726785624
31008,0.06765864847381486,0.1407811509776847
31009,-0.01005033585350145,0.10238300788885263
31010,-0.030459207484708574,0.14148943133481348
31011,0,0.08444614208039455
31012,-0.01005033585350145,0.10238300788885263
31013,-0.08338160893905101,0.11384875067051513
31014,0.11332868530700327,0.172319864312864
31015,0.08617769624105241,0.13133265721889
31016,0.08617769624105241,0.1015312479554133
31017,0.131028262406404,0.1191912506028088
31018,0.06765864847381486,0.09539978056110504
31019,0.06765864847381486,0.13349239727999257
31020,0.11332868530700327,0.12108580933988064
31021,0.12221763272424911,0.1129449345233815
31022,0.16551443847757333,0.09085472750637935
31023,0.09531017980432493,0.09687181756598853
31024,0.13976194237515863,0.10399375613006032
31025,0.06765864847381486,0.09933959999677357
31026,0.06765864847381486,0.08742767959014544
31027,0.12221763272424911,0.090758652921474
31028,0.09531017980432493,0.10069358885637505
31029,0.06765864847381486,0.10324922894859456
31030,0.11332868530700327,0.09905919104130483
31031,0.09531017980432493,0.09302120244589522
31032,0.10436001532424286,0.10363504307332544
31033,0.08617769624105241,0.1015312479554133
31034,0.04879016416943205,0.10502655826742281
31035,0.14842000511827322,0.10318207474229393
31036,0.0769610411361284,0.11761411153664915
31037,0.08617769624105241,0.1525942370150982
31038,0.08617769624105241,0.1053530192457998
31039,0.13976194237515863,0.11473529143507684
31040,0.0769610411361284,0.09850311024333255
31041,0.1570037488096647,0.10238300788885264
31042,0.19885085874516517,0.11217320209847953
31043,0.23111172096338664,0.12188362667466786
31044,0.1570037488096647,0.11297586066866344
31045,0.22314355131420976,0.10644840056700412
31046,0.1570037488096647,0.10593845141747171
31047,0.09531017980432493,0.10069358885637505
31048,0.14842000511827322,0.11735532173569992
31049,0.09531017980432493,0.09687181756598853
31050,0.11332868530700327,0.09905919104130483
31051,0.06765864847381486,0.08742767959014544
31052,0.11332868530700327,0.09905919104130483
31053,0.14842000511827322,0.10318207474229393
31054,0.09531017980432493,0.11938447313177315
31055,0.09531017980432493,0.10069358885637505
31056,0.10436001532424286,0.09986968220719149
31057,0.10436001532424286,0.10737281863050549
31058,0.09531017980432493,0.10825230609369173
31059,0.11332868530700327,0.10279696659848486
31060,0.10436001532424286,0.08061441282818786
31061,0.12221763272424911,0.10197238083921638
31062,0.10436001532424286,0.09607632583600877
31063,0.11332868530700327,0.07994818974798823
31064,0.058268908123975824,0.08411971591338466
31065,0.13976194237515863,0.10036239502349707
31066,0.11332868530700327,0.09905919104130483
31067,0.09531017980432493,0.11938447313177315
31068,0.1570037488096647,0.10593845141747171
31069,0.08617769624105241,0.1240439035211979
31070,0.131028262406404,0.08626343369588478
31071,0.10436001532424286,0.09986968220719149
31072,0.08617769624105241,0.1015312479554133
31073,0.08617769624105241,0.0898911062379789
31074,0.01980262729617973,0.0955160929021155
31075,0.06765864847381486,0.10712912659411464
31076,0.0769610411361284,0.08268156088488343
31077,0.0769610411361284,0.10238300788885263
31078,0.058268908123975824,0.10413028384873226
31079,0.131028262406404,0.09002879456201873
31080,0.0769610411361284,0.09850311024333255
31081,0.02955880224154443,0.14179892729919197
31082,0.02955880224154443,0.1265678236513955
31083,-0.01005033585350145,0.1350472215444297
31084,0.009950330853168092,0.12484279975531258
31085,0,0.14932123161368369
31086,-0.05129329438755058,0.13592075204311024
31087,-0.06187540371808753,0.10287619698635009
31088,-0.13926206733350766,0.1242969809478319
31089,-0.1743533871447778,0.15131174483113619
31090,-0.12783337150988489,0.12304186572290213
31091,-0.05129329438755058,0.1106161902373081
31092,0.09531017980432493,0.15824231035910177
31093,0.02955880224154443,0.1304184387714888
31094,-0.12783337150988489,0.127577042976599
31095,0.06765864847381486,0.1260980057990912
31096,-0.05129329438755058,0.17549127977059725
31097,-0.07257069283483537,0.15087461436175773
31098,0.04879016416943205,0.093021202445895207
31099,0.01980262729617973,0.1158456380792582
31100,0.02955880224154443,0.10686637664742628
31101,0.03922071315328133,0.11775837962233617
31103,0.03922071315328133,0.09383818273516757
31104,0.03922071315328133,0.10593845141747169
31105,-0.020202707317519466,0.12005820761962498
31106,-0.020202707317519466,0.13625652308624758
31107,0.0769610411361284,0.15030740576344623
31108,0.01980262729617973,0.13921785034012263
31109,-0.01005033585350145,0.1506271826975326
31110,0.08617769624105241,0.13133265721889
31111,0.01980262729617973,0.13154546392964278
31112,0.13976194237515863,0.16207291054271267
31113,0.058268908123975824,0.14917753239244566
31114,0.009950330853168092,0.15554102499329872
31115,0.04879016416943205,0.12822164708209496
31116,0.04879016416943205,0.13572478350540895
31117,0.08617769624105241,0.1015312479554133
31118,0.06765864847381486,0.11480151300459449
31119,0.0769610411361284,0.11005539429933248
31120,0.06765864847381486,0.11480151300459449
31121,0.058268908123975824,0.11959219685655317
31122,0.06765864847381486,0.11480151300459449
31123,0.0769610411361284,0.10238300788885263
31124,0.10436001532424286,0.14677656757743918
31125,0.03922071315328133,0.12931066367833607
31126,0.04879016416943205,0.10896637770309134
31127,0.03922071315328133,0.10990893123484664
31128,0.02955880224154443,0.11086799780101092
31129,0.03922071315328133,0.12931066367833607
31130,0.0769610411361284,0.11005539429933248
31131,0.08617769624105241,0.1015312479554133
31132,0.06765864847381486,0.10324922894859456
31133,-0.030459207484708574,0.14939973058785697
31134,0.02955880224154443,0.1187782970540544
31135,-0.01005033585350145,0.1270751205734701
31136,0.01980262729617973,0.11184401692567357
31137,-0.06187540371808753,0.1454178342001517
31138,0.0769610411361284,0.12506247858825756
31139,0.12221763272424911,0.12721730801440503
31140,0.10436001532424286,0.11842460270253574
31141,0.09531017980432493,0.10825230609369173
31142,0.11332868530700327,0.13874169157328656
31143,0.12221763272424911,0.14110126899648912
31144,0.0769610411361284,0.17436188455206972
31145,0.11332868530700327,0.1282216470820949
31146,0.1570037488096647,0.1233532505855628
31147,0.1570037488096647,0.13686938091565276
31148,0.16551443847757333,0.10863367206258762
31149,0.08617769624105241,0.1053530192457998
31151,0.08617769624105241,0.14560503070991357
31152,0.10436001532424286,0.11842460270253574
31153,0.13976194237515863,0.12871435989840055
31154,0.1906203596086497,0.10620191854526433
31155,0.14842000511827322,0.12429698094783187
31156,0.08617769624105241,0.11664951204029653
31157,0.17395330712343798,0.13812883374388152
31158,0.131028262406404,0.1331703190661325
31159,0.03922071315328133,0.14800154795373416
31160,0.08617769624105241,0.11291173648311648
31161,-0.01005033585350145,0.1230418657229021
31163,0.1570037488096647,0.1722920882787971
31164,0.2151113796169455,0.13322591805072767
31165,0.131028262406404,0.12272208878881583
31166,0.17395330712343798,0.12150833862418113
31167,0.06765864847381486,0.09142930074373008
31168,0.10436001532424286,0.11476721011140686
31169,0.13976194237515863,0.09670500243236821
31170,0.13976194237515863,0.11473529143507684
31171,-0.020202707317519466,0.09041145720774703
31172,0.01980262729617973,0.08291782117233411
31173,-0.11653381625595151,0.1482077160098926
31174,-0.05129329438755058,0.0839908059666091
31175,0.01980262729617973,0.10781076207510557
31176,0.04879016416943205,0.19540421033474786
31177,0.009950330853168092,0.08794450303101352
31178,-0.01005033585350145,0.08957386445462999
31179,0.058268908123975824,0.08411971591338466
31180,-0.01005033585350145,0.09814892482013064
31181,-0.020202707317519466,0.09475364581382285
31182,-0.030459207484708574,0.1042920992898707
31183,0.03922071315328133,0.08560890624032898
31184,0,0.10561947417567659
31185,-0.040821994520255166,0.10957923553249652
31186,-0.030459207484708574,0.07789634704538657
31187,-0.06187540371808753,0.1921868079378169
31188,-0.08338160893905101,0.11826612962108381
31189,-0.020202707317519466,0.13625652308624758
31190,0.058268908123975824,0.10413028384873226
31191,-0.020202707317519466,0.08603199614071055
31192,-0.030459207484708574,0.18720992046220483
31193,-0.030459207484708574,0.12115988615767076
31194,0.058268908123975824,0.08002166912906615
31195,0.22314355131420976,0.18886902753241053
31196,-0.10536051565782628,0.1593748393072206
31197,-0.08338160893905101,0.14399615698174295
31198,-0.12783337150988489,0.13207226220218823
31199,-0.06187540371808753,0.14948322687830315
31200,-0.05129329438755058,0.09747716161362714
31201,-0.11653381625595151,0.15247723114791129
31203,-0.09431067947124129,0.13686938091565268
31204,-0.10536051565782628,0.15520988489948545
31205,0.14842000511827322,0.1138487506705152
31206,0.08617769624105241,0.0938007351897999
31207,0.08617769624105241,0.1525942370150982
31208,0.16551443847757333,0.12242381103601585
31209,0.13976194237515863,0.12177270068626858
31210,0.04879016416943205,0.13572478350540895
31211,0.17395330712343798,0.12487603455854442
31212,0.03922071315328133,0.1331040200495188
31213,0.1823215567939546,0.10354124693708688
31214,0.13976194237515863,0.11826612962108388
31215,0.131028262406404,0.1191912506028088
31216,0.131028262406404,0.10844971529779228
31217,0.17395330712343798,0.1112697860472376
31218,0.131028262406404,0.10116096160010016
31219,0.10436001532424286,0.09607632583600877
31220,0.0769610411361284,0.09459348129151157
31221,0.09531017980432493,0.22509346464808344
31222,0.1570037488096647,0.14349550108239315
31223,0.12221763272424911,0.12368646982839802
31224,-0.23572233352106983,0.09409644853750983
31225,-0.21072103131565253,0.09720322652965972
31226,-0.18632957819149348,0.10516949259575165
31227,-0.2744368457017603,0.11919125060280875
31228,-0.2613647641344075,0.1071793212994168
31229,-0.23572233352106983,0.12026649669442338
31230,-0.1743533871447778,0.15131174483113619
31231,-0.16251892949777494,0.11743753978142338
31232,-0.1743533871447778,0.1089663777030914
31233,-0.18632957819149348,0.11507667925753817
31234,-0.18632957819149348,0.10516949259575165
31235,-0.13926206733350766,0.09106264310550458
31236,-0.16251892949777494,0.12218365848668537
31237,-0.15082288973458366,0.11147017255530538
31238,-0.12783337150988489,0.11384875067051521
31239,-0.18632957819149348,0.15288686913188612
31240,-0.1743533871447778,0.13292402213562765
31241,-0.11653381625595151,0.08434896960478752
31242,-0.08338160893905101,0.09116927997111017
31243,-0.16251892949777494,0.08799452058721584
31244,-0.15082288973458366,0.09696102188156377
31245,-0.18632957819149348,0.11014713287399894
31246,-0.19845093872383832,0.0961227565664984
31247,-0.16251892949777494,0.12688603354021802
31248,-0.12783337150988489,0.09011404881597802
31249,-0.11653381625595151,0.09872186601636729
31250,-0.11653381625595151,0.09872186601636729
31251,-0.12783337150988489,0.10918932028109046
31252,-0.13926206733350766,0.09594501607292842
31253,-0.15082288973458366,0.14825756740292975
31254,-0.01005033585350145,0.11074719654991204
31255,-0.01005033585350145,0.09387940968211196
31256,-0.13926206733350766,0.09594501607292842
31257,-0.08338160893905101,0.11826612962108381
31258,-0.11653381625595151,0.08434896960478752
31259,-0.2231435513142097,0.11384875067051516
31260,-0.18632957819149348,0.11014713287399894
31261,-0.2484613592984996,0.09519691611245515
31262,-0.21072103131565253,0.11761411153664912
31263,-0.1743533871447778,0.09905919104130487
31264,-0.13926206733350766,0.11031791248450819
31265,-0.13926206733350766,0.11031791248450819
31266,-0.15082288973458366,0.09203147549802453
31267,-0.23572233352106983,0.12534319610930508
31268,-0.21072103131565253,0.10751073026308804
31269,-0.3285040669720361,0.20686995311641046
31270,-0.2613647641344075,0.11252182123171038
31271,0.03922071315328133,0.11384875067051517
31272,-0.040821994520255166,0.11384875067051518
31273,-0.030459207484708574,0.1042920992898707
31274,0.009950330853168092,0.10877205125563351
31275,0.03922071315328133,0.09790357541331904
31276,0,0.10975070388619668
31277,-0.020202707317519466,0.07715865802240994
31278,0.06765864847381486,0.07932903206142597
31280,0.03922071315328133,0.08560890624032898
31281,0.02955880224154443,0.0987677291187068
31282,0.0769610411361284,0.08668318203846807
31283,0.14842000511827322,0.11735532173569992
31284,0.10436001532424286,0.10737281863050549
31285,0.13976194237515863,0.11117984790645778
31286,0.22314355131420976,0.11303177038124285
31287,0.19885085874516517,0.11217320209847953
31288,0.06765864847381486,0.09933959999677357
31289,0.01980262729617973,0.1037453693969541
31290,-0.01005033585350145,0.10658224214217685
31291,0.16551443847757333,0.11557533127471957
31292,0.13976194237515863,0.10759945369286261
31293,0.08617769624105241,0.1053530192457998
31294,0.06765864847381486,0.09539978056110504
31295,0.04879016416943205,0.12442829071091224
31296,0.04879016416943205,0.11675590430043241
31297,0.009950330853168092,0.11283744393378498
31298,-0.01005033585350145,0.1467765675774393
31299,0.04879016416943205,0.12442829071091224
31300,0.04879016416943205,0.11287600665491233
31302,0.058268908123975824,0.11577042556616665
31303,0.02955880224154443,0.14179892729919197
31304,0.02955880224154443,0.10686637664742628
31305,-0.07257069283483537,0.10833297714795613
31306,0.03922071315328133,0.10990893123484664
31307,0.03922071315328133,0.09790357541331904
31308,0.03922071315328133,0.11775837962233617
31309,0.0769610411361284,0.12135188709382919
31310,0.03922071315328133,0.09790357541331904
31311,0,0.09725528551461719
31312,0.06765864847381486,0.09142930074373008
31313,0.009950330853168092,0.10054277476079491
31314,0.04879016416943205,0.10502655826742281
31316,0.01980262729617973,0.1037453693969541
31317,0.08617769624105241,0.10914637561698252
31318,0.009950330853168092,0.11687069878435297
31319,0.04879016416943205,0.11287600665491233
31320,-0.020202707317519466,0.08603199614071055
31321,-0.030459207484708574,0.0823915662709758
31322,-0.01005033585350145,0.10238300788885263
31323,0.02955880224154443,0.0946696823343883
31324,0.009950330853168092,0.09637782035305974
31325,0.02955880224154443,0.09053845262386821
31326,0.06765864847381486,0.09933959999677357
31327,0.02955880224154443,0.10283312179685827
31328,0.03922071315328133,0.10593845141747169
31329,0.009950330853168092,0.104674004471315
31330,0.09531017980432493,0.10825230609369173
31331,0.0769610411361284,0.10238300788885263
31332,0,0.093021202445895207
31333,0.058268908123975824,0.08411971591338466
31334,0.04879016416943205,0.11675590430043241
31335,0.058268908123975824,0.09221836344210414
31336,0.0769610411361284,0.10238300788885263
31337,-0.05129329438755058,0.17928463614177997
31338,0.009950330853168092,0.08367498789299484
31339,-0.01005033585350145,0.09814892482013064
31340,-0.01005033585350145,0.09387940968211196
31341,0,0.1531145879848664
31342,-0.01005033585350145,0.1270751205734701
31343,0.12221763272424911,0.16124351949331947
31344,-0.01005033585350145,0.1230418657229021
31346,0.12221763272424911,0.16778468705916716
31347,-0.01005033585350145,0.15824231035910186
31348,0.04879016416943205,0.11287600665491233
31349,0.009950330853168092,0.144244532198802
31350,0.09531017980432493,0.13385931860586273
31351,0.04879016416943205,0.13572478350540895
31352,-0.030459207484708574,0.14939973058785697
31353,0.01980262729617973,0.1037453693969541
31354,-0.020202707317519466,0.15962873534711197
31355,-0.020202707317519466,0.15195634893663215
31356,0.131028262406404,0.15012218010098982
31357,0.02955880224154443,0.10283312179685827
31358,0.1906203596086497,0.15824231035910177
31359,0.009950330853168092,0.20179325370152873
31361,0.04879016416943205,0.13198700794822893
31362,-0.07257069283483537,0.1127503560985248
31363,-0.06187540371808753,0.1371885577053131
31364,-0.020202707317519466,0.11176202350136971
31365,-0.06187540371808753,0.10287619698635009
31366,-0.05129329438755058,0.10627400163123228
31367,-0.040821994520255166,0.10957923553249652
31368,-0.01005033585350145,0.11897647304475062
31369,-0.030459207484708574,0.11279569749661136
31370,0.03922071315328133,0.0814439518325938
31371,0,0.08875168730787653
31372,0,0.10145451976794141
31373,0.02955880224154443,0.08637349821613304
31374,-0.020202707317519466,0.1159269779091049
31375,0.009950330853168092,0.09217858609973552
31376,-0.01005033585350145,0.10238300788885263
31377,-0.08338160893905101,0.15639038788431672
31378,-0.020202707317519466,0.12822164708209496
31379,-0.040821994520255166,0.13467629889513516
31380,-0.05129329438755058,0.10627400163123228
31381,-0.040821994520255166,0.14277494642385463
31382,0.04879016416943205,0.10105607845004784
31383,0.03922071315328133,0.09383818273516757
31384,0.03922071315328133,0.07724471757926958
31385,0.08617769624105241,0.10914637561698252
31386,0.02955880224154443,0.08637349821613304
31387,0.04879016416943205,0.08895580976774374
31388,0.03922071315328133,0.08974013595084906
31389,0.11332868530700327,0.10650755809291325
31390,0.058268908123975824,0.10413028384873226
31391,0.02955880224154443,0.1187782970540544
31392,0.08617769624105241,0.0898911062379789
31393,0.06765864847381486,0.1260980057990912
31394,0.09531017980432493,0.09302120244589522
31395,0.3576744442718159,0.18871130765584784
31396,0.37843643572024505,0.12079040988264717
31397,0.08617769624105241,0.1053530192457998
31398,0.3852624007906449,0.16468030217502602
31399,0.598836501088704,0.19361715393107334
31400,0.1570037488096647,0.08790816241476307
31401,0.7178397931503168,0.18742320162533277
31402,0.62057648772511,0.24389581680765296
31403,0.3364722366212129,0.22124284952799023
31404,0.17395330712343798,0.0972907175839139
31405,0.19885085874516517,0.17226658763745067
31406,0.13976194237515863,0.11826612962108388
31407,0.06765864847381486,0.10324922894859456
31408,0,0.08875168730787653
31409,-0.01005033585350145,0.11074719654991204
31410,0.04879016416943205,0.08485776298342522
31411,0.02955880224154443,0.08217426396280882
31412,0.02955880224154443,0.1265678236513955
31413,-0.09431067947124129,0.09208590597566005
31414,-0.05129329438755058,0.09302120244589519
31415,-0.06187540371808753,0.11167303700395521
31416,-0.08338160893905101,0.10489757227719394
31417,-0.09431067947124129,0.12384218601505843
31418,-0.030459207484708574,0.13345455533066083
31419,-0.030459207484708574,0.12938916265250938
31420,-0.020202707317519466,0.09041145720774703
31421,0.009950330853168092,0.12484279975531258
31422,-0.21072103131565253,0.15613837302039665
31423,-0.05129329438755058,0.1106161902373081
31424,0.009950330853168092,0.13657214578832216
31425,0.009950330853168092,0.12484279975531258
31426,-0.06187540371808753,0.11167303700395521
31427,-0.040821994520255166,0.10957923553249652
31428,-0.08338160893905101,0.10939279150278318
31429,-0.05129329438755058,0.11919125060280876
31430,-0.05129329438755058,0.1106161902373081
31431,-0.030459207484708574,0.09564436545631289
31432,-0.040821994520255166,0.09655204063190224
31433,-0.06187540371808753,0.08481398930731142
31434,-0.10536051565782628,0.13820150721193858
31435,-0.12783337150988489,0.1184660136908815
31436,-0.10536051565782628,0.11157612294123957
31437,-0.09431067947124129,0.1411388960536714
31438,-0.15082288973458366,0.13930638900960854
31439,0,0.09725528551461719
31440,-0.01005033585350145,0.09387940968211196
31441,0,0.13385931860586278
31442,0.01980262729617973,0.09964732261263559
31443,-0.01005033585350145,0.08957386445462999
31444,-0.020202707317519466,0.09475364581382285
31445,-0.020202707317519466,0.1033287061793235
31446,-0.01005033585350145,0.10658224214217685
31447,-0.01005033585350145,0.11074719654991204
31448,0.009950330853168092,0.14803788856998473
31449,0.01980262729617973,0.10781076207510557
31450,0.06765864847381486,0.11097974171420796
31451,0.01980262729617973,0.07000057220075763
31452,0.01980262729617973,0.1158456380792582
31453,0.009950330853168092,0.11283744393378498
31454,0.009950330853168092,0.104674004471315
31455,0.01980262729617973,0.11184401692567357
31456,0.058268908123975824,0.10019046441306373
31457,-0.030459207484708574,0.11279569749661136
31458,-0.01005033585350145,0.09387940968211196
31459,0.04879016416943205,0.10502655826742281
31460,0.10436001532424286,0.17363561527408308
31461,0.009950330853168092,0.12087231993793761
31462,-0.05129329438755058,0.17549127977059725
31463,0,0.08010395347431873
31464,0.10436001532424286,0.1928908846530867
31465,0.009950330853168092,0.11283744393378498
31466,0.09531017980432493,0.21909099445441693
31467,0.01980262729617973,0.11184401692567357
31468,-0.01005033585350145,0.11074719654991204
31469,0.03922071315328133,0.12931066367833607
31470,0,0.09725528551461719
31471,0.01980262729617973,0.10781076207510557
31472,0.009950330853168092,0.104674004471315
31473,-0.020202707317519466,0.1159269779091049
31474,0.03922071315328133,0.10593845141747169
31475,0.03922071315328133,0.10193683026388704
31476,0.01980262729617973,0.11184401692567357
31477,0.04879016416943205,0.10896637770309134
31478,0.02955880224154443,0.11483847761838589
31479,0,0.1259490193528193
31480,0.01980262729617973,0.11981611789663317
31481,0.0769610411361284,0.11761411153664915
31482,0.02955880224154443,0.1187782970540544
31483,0.04879016416943205,0.21490482912056305
31484,0.02955880224154443,0.10283312179685827
31485,0,0.12194739819923466
31486,-0.01005033585350145,0.10238300788885263
31487,0.009950330853168092,0.1326922481428021
31488,0.04879016416943205,0.12060651942052572
31489,0.01980262729617973,0.0955160929021155
31490,0.009950330853168092,0.1404227609084155
31491,0.04879016416943205,0.12060651942052572
31492,-0.020202707317519466,0.12822164708209496
31493,-0.040821994520255166,0.1009315016989387
31494,0.02955880224154443,0.11483847761838589
31495,0.01980262729617973,0.11184401692567357
31496,0.009950330853168092,0.1287826191909811
31497,0.02955880224154443,0.11086799780101092
31498,-0.01005033585350145,0.10238300788885263
31499,0,0.08444614208039455
31500,0.02955880224154443,0.11086799780101092
31501,0.08617769624105241,0.1240439035211979
31502,0,0.10561947417567659
31503,0.058268908123975824,0.08818510859153614
31504,-0.020202707317519466,0.1033287061793235
31505,0.11332868530700327,0.17555926618973072
31506,0.04879016416943205,0.10896637770309134
31507,0.02955880224154443,0.11086799780101092
31508,-0.01005033585350145,0.09814892482013064
31509,0.058268908123975824,0.10019046441306373
31510,-0.030459207484708574,0.12529111586819083
31511,-0.07257069283483537,0.1214720057716371
31512,0.12221763272424911,0.14110126899648912
31513,0.03922071315328133,0.1552903016514263
31514,0.009950330853168092,0.08367498789299484
31515,0.03922071315328133,0.10193683026388704
31516,-0.13926206733350766,0.1242969809478319
31517,-0.11653381625595151,0.14390217078241063
31518,-0.09431067947124129,0.1282216470820949
31519,-0.040821994520255166,0.18883966411370176
31520,-0.18632957819149348,0.12958582993127976
31521,-0.19845093872383832,0.14987812169804246
31522,0,0.10561947417567659
31523,0.03922071315328133,0.14431774796726116
31524,0.03922071315328133,0.11384875067051517
31525,-0.01005033585350145,0.08523167584855416
31526,0.009950330853168092,0.1326922481428021
41001,-0.01005033585350145,0.07643483583094902
41002,-0.01005033585350145,0.09387940968211196
41003,0.058268908123975824,0.07172548501081089
41004,0.04879016416943205,0.08485776298342522
41005,0.01980262729617973,0.1037453693969541
41006,0.02955880224154443,0.09053845262386821
41007,0.03922071315328133,0.10990893123484664
41008,0.03922071315328133,0.0814439518325938
41009,0.02955880224154443,0.1342402100618753
41010,0.03922071315328133,0.0814439518325938
41011,0,0.08444614208039455
41012,0.01980262729617973,0.08715190424105611
41013,0,0.093021202445895207
41014,0.04879016416943205,0.10896637770309134
41015,0.10436001532424286,0.09607632583600877
41016,0.03922071315328133,0.09383818273516757
41017,0.04879016416943205,0.0970544572964632
41018,0.058268908123975824,0.08818510859153614
41019,0.009950330853168092,0.08794450303101352
41020,0.03922071315328133,0.10990893123484664
41021,0.009950330853168092,0.09217858609973552
41022,0,0.093021202445895207
41023,-0.020202707317519466,0.08603199614071055
41024,-0.030459207484708574,0.09126490438927642
41025,0.01980262729617973,0.09964732261263559
41026,-0.01005033585350145,0.09814892482013064
41027,0.009950330853168092,0.12087231993793761
41028,0,0.10145451976794141
41029,0.06765864847381486,0.10324922894859456
41030,0.10436001532424286,0.09986968220719149
41031,0.0769610411361284,0.10238300788885263
41032,0.009950330853168092,0.10054277476079491
41033,0.03922071315328133,0.08974013595084906
41034,0.058268908123975824,0.10413028384873226
41035,0.03922071315328133,0.10593845141747169
41036,0.14842000511827322,0.08489323200089816
41037,0.1823215567939546,0.09302120244589523
41038,0.12221763272424911,0.07929291013981145
41040,0.11332868530700327,0.09150047380398815
41041,0.09531017980432493,0.08914130480037515
41042,0.10436001532424286,0.10363504307332544
41043,0.14842000511827322,0.11031791248450817
41044,0.08617769624105241,0.1053530192457998
41045,0.09531017980432493,0.08523167584855415
41046,0.09531017980432493,0.09302120244589522
41047,0.0769610411361284,0.08268156088488343
41048,0.0769610411361284,0.10238300788885263
41049,0.0769610411361284,0.09065366185584305
41050,0.009950330853168092,0.1287826191909811
41051,0.0769610411361284,0.08668318203846807
41052,0.13976194237515863,0.08931061095146682
41053,0.12221763272424911,0.08696529655029128
41054,0.0769610411361284,0.11005539429933248
41055,0.058268908123975824,0.10019046441306373
41056,-0.01005033585350145,0.11487842626043211
41057,0.01980262729617973,0.09964732261263559
41058,0.04879016416943205,0.093021202445895207
41059,0.06765864847381486,0.11480151300459449
41060,0.06765864847381486,0.09539978056110504
41061,0.009950330853168092,0.08367498789299484
41062,-0.030459207484708574,0.09564436545631289
41063,0.0769610411361284,0.10238300788885263
41064,-0.040821994520255166,0.09655204063190224
41065,0.03922071315328133,0.09383818273516757
41066,0.04879016416943205,0.10502655826742281
41067,0.02955880224154443,0.0946696823343883
41068,0.06765864847381486,0.09933959999677357
41069,0.058268908123975824,0.09221836344210414
41070,0.04879016416943205,0.0970544572964632
41071,0.009950330853168092,0.10877205125563351
41072,-0.01005033585350145,0.11897647304475062
41073,0.01980262729617973,0.1037453693969541
41074,0.058268908123975824,0.12715091409386983
41075,0.02955880224154443,0.07367066575606815
41076,0.009950330853168092,0.11687069878435297
41077,0.03922071315328133,0.09383818273516757
41078,0.03922071315328133,0.09383818273516757
41079,0.058268908123975824,0.11577042556616665
41080,0.03922071315328133,0.10193683026388704
41082,0.03922071315328133,0.11775837962233617
41083,0,0.10145451976794141
41084,0.03922071315328133,0.10593845141747169
41085,0.03922071315328133,0.10990893123484664
41086,0.04879016416943205,0.093021202445895207
41087,0.04879016416943205,0.10502655826742281
41088,-0.01005033585350145,0.1230418657229021
41089,0.06765864847381486,0.09933959999677357
41090,-0.01005033585350145,0.10658224214217685
41091,0,0.093021202445895207
41092,0.02955880224154443,0.10686637664742628
41093,-0.01005033585350145,0.08523167584855416
41094,-0.030459207484708574,0.10856161442788936
41095,0.02955880224154443,0.10283312179685827
41096,0,0.10975070388619668
41097,-0.040821994520255166,0.09655204063190224
41099,0.09531017980432493,0.12667322682946527
41100,0.058268908123975824,0.1563133701346599
41101,0,0.10561947417567659
41102,0,0.08875168730787653
41103,0,0.2235994545567119
41105,0,0.14164884520320387
41106,0.01980262729617973,0.10781076207510557
41107,-0.030459207484708574,0.0823915662709758
41108,0.009950330853168092,0.08367498789299484
41109,-0.01005033585350145,0.11897647304475062
41110,0.06765864847381486,0.09539978056110504
41111,0.09531017980432493,0.08523167584855415
41112,0.058268908123975824,0.09221836344210414
41113,0.058268908123975824,0.11191981044607333
41114,0.058268908123975824,0.13088868965104988
41115,0.10436001532424286,0.13279749911411548
41116,0.12221763272424911,0.20233477586271348
41117,0.10436001532424286,0.11476721011140686
41118,0.10436001532424286,0.09986968220719149
41119,0.16551443847757333,0.09085472750637935
41120,0.08617769624105241,0.1053530192457998
41121,0.03922071315328133,0.10193683026388704
41122,-0.030459207484708574,0.16103987230529135
41123,0.058268908123975824,0.12715091409386983
41124,0.22314355131420976,0.13228703976024644
41125,0.23901690047049992,0.1427433127268712
41126,0.2151113796169455,0.14574689198752228
41127,0.23901690047049992,0.12732811956539336
41128,0.19885085874516517,0.19273597222389216
41129,-0.040821994520255166,0.21040079130241743
41130,0.058268908123975824,0.13828308113195126
41131,0.058268908123975824,0.11191981044607333
41132,0.02955880224154443,0.1187782970540544
41133,0.06765864847381486,0.17235023450732118
41134,-0.01005033585350145,0.11074719654991204
41135,0.009950330853168092,0.10877205125563351
41136,0.1823215567939546,0.1435777854276457
41138,0.02955880224154443,0.1187782970540544
41139,0,0.2000214733551141
41140,0.01980262729617973,0.11981611789663317
41141,0.02955880224154443,0.06064347085547387
41142,0.01980262729617973,0.16880318587601512
41143,-0.020202707317519466,0.19988074681122575
41144,0,0.10975070388619668
41145,0.03922071315328133,0.19361715393107332
41146,-0.01005033585350145,0.13898704098009823
41147,0.009950330853168092,0.08367498789299484
41148,-0.040821994520255166,0.1264470224002966
41149,0,0.10145451976794141
41150,0.13976194237515863,0.11826612962108388
41151,0.09531017980432493,0.12304186572290202
41152,0.1570037488096647,0.19361715393107334
41153,0.3074846997479607,0.12863831029972547
41154,-0.020202707317519466,0.19279446509659967
41155,0.08617769624105241,0.11291173648311648
41156,0.131028262406404,0.11563580707418974
41157,0.09531017980432493,0.09302120244589522
41158,0.12221763272424911,0.12013102629977895
41159,-0.040821994520255166,0.10957923553249652
41160,-0.040821994520255166,0.15859649578230375
41161,0.0769610411361284,0.09065366185584305
41162,-0.020202707317519466,0.15195634893663215
41163,0.02955880224154443,0.09053845262386821
41164,0.06765864847381486,0.09539978056110504
41165,0.1823215567939546,0.1435777854276457
41166,0.06765864847381486,0.09933959999677357
41167,0.009950330853168092,0.1404227609084155
41168,-0.01005033585350145,0.09814892482013064
41169,0.0769610411361284,0.09850311024333255
41170,0.08617769624105241,0.08595128680231037
51001,-0.07257069283483537,0.15087461436175773
51002,-0.18632957819149348,0.12958582993127976
51003,-0.13926206733350766,0.11502028753804086
51004,-0.08338160893905101,0.1644890354130362
51005,-0.19845093872383832,0.12126104687608145
51006,-0.13926206733350766,0.1288728329798525
51007,-0.13926206733350766,0.10557179377924618
51008,-0.12783337150988489,0.12304186572290213
51009,-0.16251892949777494,0.09799884272414253
51010,-0.1743533871447778,0.10403683131955216
51011,-0.15082288973458366,0.1347712117559117
51012,-0.18632957819149348,0.13903432369007446
51013,-0.12783337150988489,0.1453250613875253
51014,-0.1743533871447778,0.11384875067051523
51015,-0.15082288973458366,0.11621629126056737
51016,-0.1743533871447778,0.123475528376833
51017,-0.11653381625595151,0.10808367145932471
51018,-0.16251892949777494,0.1078107620751056
51019,-0.2231435513142097,0.1939527041448339
51020,-0.12783337150988489,0.1044869452275578
51021,-0.19845093872383832,0.17255759239744742
51022,-0.16251892949777494,0.1716695084802107
51023,-0.3285040669720361,0.1305782521108167
51024,-0.2484613592984996,0.18001090541976655
51025,-0.2876820724517809,0.1416488452032038
51026,-0.31471074483970024,0.1343966583939539
51027,-0.2876820724517809,0.1097507038861967
51028,-0.37106368139083207,0.1412005111834647
51029,-0.21072103131565253,0.10238300788885259
51030,-0.2613647641344075,0.12822164708209494
51031,-0.3856624808119846,0.12571449667269233
51032,-0.37106368139083207,0.1412005111834647
51033,-0.2613647641344075,0.1071793212994168
51034,-0.40047756659712525,0.13910418116695936
51035,-0.37106368139083207,0.12409709687803427
51036,-0.342490308946776,0.11528392484225741
51037,-0.2876820724517809,0.1416488452032038
51038,-0.18632957819149348,0.10516949259575165
51039,-0.15082288973458366,0.1018433948489876
51040,-0.19845093872383832,0.10632717835561552
51041,-0.2231435513142097,0.098308338688521
51042,-0.2876820724517809,0.1042349303636377
51043,-0.21072103131565253,0.09720322652965972
51044,-0.10536051565782628,0.12506247858825761
51045,-0.030459207484708574,0.1042920992898707
51046,-0.040821994520255166,0.15074704739481423
51047,-0.15082288973458366,0.09203147549802453
51048,-0.13926206733350766,0.11502028753804086
51049,-0.09431067947124129,0.1149688478967578
51050,-0.13926206733350766,0.10557179377924618
51051,-0.1743533871447778,0.11384875067051523
51052,-0.10536051565782628,0.11611130019493643
51053,-0.11653381625595151,0.10342424106989996
51054,-0.18632957819149348,0.11014713287399894
51056,-0.19845093872383832,0.10125047894073384
51057,-0.16251892949777494,0.09302120244589525
51058,-0.15082288973458366,0.11147017255530538
51059,-0.15082288973458366,0.11621629126056737
51060,-0.11653381625595151,0.10808367145932471
51061,-0.13926206733350766,0.10557179377924618
51062,-0.15082288973458366,0.1018433948489876
51063,-0.15082288973458366,0.10667948870334668
51065,-0.1743533871447778,0.09905919104130487
51066,-0.18632957819149348,0.10516949259575165
51067,-0.1743533871447778,0.1089663777030914
51068,-0.16251892949777494,0.11264685592946468
51070,-0.21072103131565253,0.09720322652965972
51071,-0.23572233352106983,0.12026649669442338
51072,-0.19845093872383832,0.09094297520730553
51073,-0.19845093872383832,0.08571006695873967
51074,-0.21072103131565253,0.11761411153664912
51075,-0.2484613592984996,0.11122558766009748
51076,-0.2613647641344075,0.13842606887121206
51077,-0.2231435513142097,0.10872102829627972
51078,-0.21072103131565253,0.09197031828109387
51079,-0.19845093872383832,0.12126104687608145
51080,-0.21072103131565253,0.12259175181489641
51081,-0.2231435513142097,0.10354124693708686
51082,-0.21072103131565253,0.11761411153664912
51083,-0.1743533871447778,0.10403683131955216
51084,-0.1743533871447778,0.09403250918262546
51085,-0.12783337150988489,0.09011404881597802
51086,-0.12783337150988489,0.08030212946501496
51088,-0.15082288973458366,0.10667948870334668
51089,-0.1743533871447778,0.09403250918262546
51090,-0.21072103131565253,0.10238300788885259
51091,-0.1743533871447778,0.1186848445248743
51092,-0.18632957819149348,0.11014713287399894
51093,-0.13926206733350766,0.09594501607292842
51094,-0.21072103131565253,0.11258742967796971
51095,-0.1743533871447778,0.09905919104130487
51096,-0.1743533871447778,0.09905919104130487
51097,-0.16251892949777494,0.09302120244589525
51098,-0.13926206733350766,0.1007811099272875
51099,-0.2744368457017603,0.1348910764531933
51100,-0.19845093872383832,0.14051631625508504
51101,-0.2876820724517809,0.13123615559544505
51102,-0.11653381625595151,0.11727678651171163
51103,-0.15082288973458366,0.09203147549802453
51104,-0.10536051565782628,0.10700027090921894
51105,-0.31471074483970024,0.1397391583262475
51107,-0.18632957819149348,0.13433194863654177
51108,-0.18632957819149348,0.10014281073707224
51109,-0.19845093872383832,0.10125047894073384
51110,-0.040821994520255166,0.10527369030501454
51112,-0.09431067947124129,0.1149688478967578
51113,-0.10536051565782628,0.09772357749942791
51114,-0.040821994520255166,0.1009315016989387
51115,-0.07257069283483537,0.10833297714795613
51116,-0.07257069283483537,0.1127503560985248
51117,-0.05129329438755058,0.12342533367153076
51118,-0.08338160893905101,0.13129332452167805
51119,-0.07257069283483537,0.10833297714795613
51121,-0.09431067947124129,0.1149688478967578
51122,-0.07257069283483537,0.10387701798022418
51123,-0.06187540371808753,0.1288243690442537
51124,-0.07257069283483537,0.090270769468917475
51125,-0.21072103131565253,0.1324036711658595
51127,-0.030459207484708574,0.11699493174993558
51128,-0.09431067947124129,0.0967453363650848
51129,-0.13926206733350766,0.10557179377924618
51130,-0.05129329438755058,0.1018945405641958
51131,-0.21072103131565253,0.10238300788885259
51132,-0.020202707317519466,0.09905919104130483
51133,-0.08338160893905101,0.10939279150278318
51134,-0.05129329438755058,0.1018945405641958
51135,-0.07257069283483537,0.10387701798022418
51136,-0.05129329438755058,0.09747716161362714
51137,-0.01005033585350145,0.09387940968211196
51138,-0.07257069283483537,0.090270769468917475
51139,-0.12783337150988489,0.12304186572290213
51140,-0.11653381625595151,0.09872186601636729
51141,-0.09431067947124129,0.08738353092212739
51142,-0.07257069283483537,0.13428114920585973
51143,-0.15082288973458366,0.09203147549802453
51144,-0.18632957819149348,0.10516949259575165
51145,-0.08338160893905101,0.1269877792941961
51146,-0.15082288973458366,0.1526749463534984
51147,-0.05129329438755058,0.11492173546479009
51148,-0.18632957819149348,0.08993838894795511
51149,-0.19845093872383832,0.12126104687608145
51150,-0.16251892949777494,0.11743753978142338
51152,-0.15082288973458366,0.10667948870334668
51153,-0.19845093872383832,0.12126104687608145
51154,-0.11653381625595151,0.11727678651171163
51155,-0.18632957819149348,0.13433194863654177
51156,-0.19845093872383832,0.11135386021429493
51157,-0.19845093872383832,0.1261434198435053
51158,-0.15082288973458366,0.13019535972389107
51159,-0.19845093872383832,0.0961227565664984
51160,-0.11653381625595151,0.11270093447969101
51161,-0.21072103131565253,0.10238300788885259
51162,-0.1743533871447778,0.11384875067051523
51163,-0.1743533871447778,0.123475528376833
51164,-0.37106368139083207,0.15774912126160437
51165,-0.342490308946776,0.12098458841272945
51166,-0.23572233352106983,0.10995899296099508
51168,-0.18632957819149348,0.10014281073707224
51169,-0.21072103131565253,0.10751073026308804
51170,-0.21072103131565253,0.10751073026308804
51171,-0.19845093872383832,0.12126104687608145
51172,-0.19845093872383832,0.11135386021429493
51173,-0.21072103131565253,0.1324036711658595
51174,-0.18632957819149348,0.13433194863654177
51175,-0.2484613592984996,0.1516589405448631
51176,-0.2484613592984996,0.11122558766009748
51177,-0.35667494393873245,0.12252098351162294
51178,-0.23572233352106983,0.0994389484698034
51179,-0.23572233352106983,0.0994389484698034
51180,-0.18632957819149348,0.09506611132219056
51181,-0.2876820724517809,0.11520748404780275
51182,-0.2613647641344075,0.09080773224252883
51183,-0.3285040669720361,0.1250624785882577
51184,-0.2876820724517809,0.11520748404780275
51185,-0.2484613592984996,0.08422436242829011
51186,-0.2613647641344075,0.12822164708209494
51187,-0.2744368457017603,0.12447838684543457
51188,-0.2613647641344075,0.1178089574743362
51189,-0.23572233352106983,0.10995899296099508
51190,-0.37106368139083207,0.1412005111834647
51191,-0.3285040669720361,0.13603503227242275
51192,-0.2484613592984996,0.13184269905697332
51193,-0.19845093872383832,0.13577019754982306
51194,-0.09431067947124129,0.18197701221363896
51195,-0.05129329438755058,0.127624567924855
51196,-0.12783337150988489,0.21454233952689028
51197,-0.11653381625595151,0.1395599821763348
51198,0.02955880224154443,0.16740593981136298
51199,0.058268908123975824,0.1455718348296434
51200,-0.020202707317519466,0.1634220917182947
51202,-0.01005033585350145,0.09814892482013064
51203,-0.01005033585350145,0.09387940968211196
51205,0.09531017980432493,0.19750814767345298
51206,0.06765864847381486,0.13349239727999257
51207,0.03922071315328133,0.11775837962233617
51208,0.03922071315328133,0.14060715647283278
51209,0.03922071315328133,0.1552903016514263
51210,-0.1743533871447778,0.14677656757743932
51211,-0.09431067947124129,0.1411388960536714
51212,-0.16251892949777494,0.1497689754613158
51213,-0.15082288973458366,0.14380160823519778
51214,-0.15082288973458366,0.15705440742053486
51215,-0.05129329438755058,0.09302120244589519
51216,-0.05129329438755058,0.11919125060280876
51217,-0.10536051565782628,0.10700027090921894
51218,-0.040821994520255166,0.13057825211081664
51219,-0.020202707317519466,0.09475364581382285
51220,-0.16251892949777494,0.22068676873001794
51221,-0.08338160893905101,0.20686995311641032
51222,-0.05129329438755058,0.17166950848021076
51223,-0.08338160893905101,0.1522923410999982
51224,-0.05129329438755058,0.17549127977059725
51225,0,0.1377689475576838
51226,-0.07257069283483537,0.11712981716556127
51227,-0.05129329438755058,0.15211906750973286
51228,-0.13926206733350766,0.13790322945913858
51229,-0.08338160893905101,0.11384875067051513
51230,-0.10536051565782628,0.12060651942052565
51231,-0.11653381625595151,0.10808367145932471
51232,-0.040821994520255166,0.15859649578230375
51233,-0.01005033585350145,0.1428966699319192
51234,-0.09431067947124129,0.13256383568817073
51236,-0.12783337150988489,0.11384875067051521
51237,-0.08338160893905101,0.10489757227719394
51238,-0.08338160893905101,0.10939279150278318
51239,-0.10536051565782628,0.12060651942052565
51240,-0.08338160893905101,0.11826612962108381
51241,-0.040821994520255166,0.1009315016989387
51242,-0.05129329438755058,0.09302120244589519
51243,-0.11653381625595151,0.10342424106989996
51244,-0.09431067947124129,0.10593845141747173
51245,-0.10536051565782628,0.11157612294123957
51246,-0.10536051565782628,0.09302120244589525
51247,-0.06187540371808753,0.0939250185930289
51248,-0.16251892949777494,0.09799884272414253
51249,-0.13926206733350766,0.19700109452297626
51250,-0.11653381625595151,0.09397574731110529
61001,-0.13926206733350766,0.11502028753804086
61002,-0.11653381625595151,0.13076314215872967
61003,-0.15082288973458366,0.1347712117559117
61004,-0.040821994520255166,0.14677656757743926
61005,-0.08338160893905101,0.12264559068812027
61006,-0.08338160893905101,0.1724611363839958
61007,-0.040821994520255166,0.13874169157328664
61008,-0.06187540371808753,0.12459028597553169
61009,-0.030459207484708574,0.14148943133481348
61010,-0.11653381625595151,0.13076314215872967
61011,-0.030459207484708574,0.1686549999668606
61012,-0.09431067947124129,0.21978720208798683
61013,-0.07257069283483537,0.18252532401453972
61014,-0.07257069283483537,0.13428114920585973
61015,-0.07257069283483537,0.1549400070399092
61016,-0.16251892949777494,0.1497689754613158
61017,-0.16251892949777494,0.12688603354021802
61018,-0.18632957819149348,0.15742204638558296
61019,-0.15082288973458366,0.13930638900960854
61020,-0.09431067947124129,0.1282216470820949
61021,-0.1743533871447778,0.15131174483113619
61022,-0.020202707317519466,0.12005820761962498
61023,-0.020202707317519466,0.15195634893663215
61024,0.04879016416943205,0.13198700794822893
61026,-0.07257069283483537,0.15087461436175773
61027,-0.15082288973458366,0.12091866631410003
61028,-0.15082288973458366,0.12091866631410003
61029,-0.11653381625595151,0.13076314215872967
61030,-0.12783337150988489,0.1409456003204888
61031,-0.11653381625595151,0.1395599821763348
61032,-0.11653381625595151,0.12630718299099772
61033,-0.15082288973458366,0.14825756740292975
61034,-0.2231435513142097,0.14836846927960437
61035,-0.15082288973458366,0.10667948870334668
61036,-0.06187540371808753,0.24182910946169414
61037,-0.12783337150988489,0.12304186572290213
61038,-0.16251892949777494,0.14527375623572655
61039,-0.15082288973458366,0.16139659602661072
61040,-0.11653381625595151,0.17330477937253125
61041,-0.12783337150988489,0.14966724999360115
61042,-0.15082288973458366,0.13019535972389107
61043,-0.12783337150988489,0.1409456003204888
61044,-0.16251892949777494,0.11743753978142338
61045,-0.11653381625595151,0.1395599821763348
61046,-0.13926206733350766,0.11502028753804086
61047,-0.15082288973458366,0.1255780967035248
61048,-0.12783337150988489,0.1044869452275578
61049,-0.1743533871447778,0.12822164708209502
61050,-0.11653381625595151,0.12181196376540848
61051,-0.18632957819149348,0.13433194863654177
61052,-0.12783337150988489,0.10918932028109046
61053,-0.1743533871447778,0.16026292322445737
61054,-0.10536051565782628,0.10238300788885267
61055,-0.13926206733350766,0.11031791248450819
61056,-0.12783337150988489,0.13207226220218823
61057,-0.09431067947124129,0.10593845141747173
61058,-0.11653381625595151,0.10342424106989996
61059,-0.06187540371808753,0.15351648172887117
61060,-0.09431067947124129,0.10593845141747173
61061,-0.09431067947124129,0.0967453363650848
61062,-0.13926206733350766,0.11967971792746561
61063,-0.12783337150988489,0.13652822136992018
61064,-0.13926206733350766,0.11967971792746561
61065,-0.08338160893905101,0.10036239502349709
61066,-0.08338160893905101,0.11384875067051513
61067,-0.12783337150988489,0.1044869452275578
61069,0.09531017980432493,0.18151297936525093
61070,0.0769610411361284,0.1607556360407629
61071,-0.06187540371808753,0.21405604489280786
61072,0.02955880224154443,0.13803356643305803
61073,-0.2744368457017603,0.22877048613530526
61074,-0.16251892949777494,0.11264685592946468
61075,-0.08338160893905101,0.16849065656662082
61076,-0.13926206733350766,0.11031791248450819
61077,-0.07257069283483537,0.1467765675774392
61078,-0.09431067947124129,0.13686938091565268
61079,-0.16251892949777494,0.1673639632527287
61080,-0.040821994520255166,0.15468686683048277
61081,-0.13926206733350766,0.13790322945913858
61082,-0.16251892949777494,0.1497689754613158
61083,-0.18632957819149348,0.1707906037294728
61084,-0.1743533871447778,0.16468030217502602
61085,0.04879016416943205,0.16114946398901897
61086,-0.15082288973458366,0.16570214125409266
61087,-0.13926206733350766,0.1288728329798525
61088,-0.10536051565782628,0.15101065064616123
61089,-0.16251892949777494,0.12218365848668537
61090,-0.13926206733350766,0.14235918862687055
61091,-0.15082288973458366,0.11147017255530538
61092,-0.13926206733350766,0.1242969809478319
61093,-0.18632957819149348,0.24438734293587425
61094,-0.16251892949777494,0.18017310668695136
61095,-0.18632957819149348,0.23283505887987432
61096,-0.12783337150988489,0.11384875067051521
61097,-0.10536051565782628,0.12506247858825761
71001,0,0.1259490193528193
71002,-0.020202707317519466,0.18197701221363896
71003,0,0.1965624493829821
71004,0,0.1531145879848664
71005,-0.05129329438755058,0.20147091774368747
71006,0.009950330853168092,0.1404227609084155
71007,0,0.1531145879848664
71008,0,0.16061772440818042
71009,0,0.13385931860586278
71010,0.02955880224154443,0.14179892729919197
71011,0.01980262729617973,0.15051434313461934
71012,-0.020202707317519466,0.1159269779091049
71013,0.03922071315328133,0.14800154795373416
71015,-0.020202707317519466,0.16718745258442866
71016,0.01980262729617973,0.13921785034012263
71017,-0.030459207484708574,0.16103987230529135
71018,0.009950330853168092,0.144244532198802
71019,0.03922071315328133,0.16956267514244983
71020,0,0.16061772440818042
71021,0.009950330853168092,0.18096570547690874
71022,0,0.12194739819923466
71023,0,0.1377689475576838
71024,0.009950330853168092,0.14803788856998473
71025,0.02955880224154443,0.17449222152598906
71026,0,0.1377689475576838
71027,0.058268908123975824,0.17714091835927986
71028,0.03922071315328133,0.13686938091565273
71029,0.01980262729617973,0.15051434313461934
71030,0,0.14164884520320387
71031,-0.06187540371808753,0.12459028597553169
71032,-0.07257069283483537,0.13848038345918395
71033,-0.020202707317519466,0.13225490193266295
71034,-0.07257069283483537,0.14264533786691913
71035,-0.040821994520255166,0.13057825211081664
71036,-0.07257069283483537,0.1589732618904772
71037,-0.07257069283483537,0.15087461436175773
71038,-0.05129329438755058,0.13178952233259014
71039,-0.08338160893905101,0.1604557805624682
71040,-0.07257069283483537,0.1467765675774392
71041,-0.07257069283483537,0.14264533786691913
71042,-0.06187540371808753,0.1288243690442537
71043,-0.07257069283483537,0.16297488304406182
71044,-0.08338160893905101,0.15639038788431672
71045,0.14842000511827322,0.14787496214942963
71046,0.14842000511827322,0.14124884198268925
71047,0.11332868530700327,0.1422007155454186
71048,0.13976194237515863,0.14899003778080575
71049,0.14842000511827322,0.1345355335247754
71050,0.02955880224154443,0.0987677291187068
71051,0.11332868530700327,0.1558069640567254
71052,0.09531017980432493,0.09687181756598853
71053,0.058268908123975824,0.09621998459568877
71054,0.06765864847381486,0.13714978987112145
71055,0.08617769624105241,0.0898911062379789
71056,0.131028262406404,0.20387754523253387
71057,0.01980262729617973,0.11981611789663317
71058,0.009950330853168092,0.1287826191909811
71059,0.009950330853168092,0.22830332458454458
71060,0.08617769624105241,0.22676048715363162
71061,0.06765864847381486,0.14796724275408216
71062,0.01980262729617973,0.23603240915720056
71063,0.0769610411361284,0.1467765675774392
71064,0.06765864847381486,0.22712498875247392
71065,0.03922071315328133,0.10593845141747169
71066,0.0769610411361284,0.12135188709382919
71067,-0.01005033585350145,0.13898704098009823
71068,0.02955880224154443,0.10283312179685827
81001,-0.040821994520255166,0.10957923553249652
81002,-0.05129329438755058,0.10627400163123228
81003,-0.030459207484708574,0.09998655406238872
81004,-0.040821994520255166,0.1264470224002966
81005,0,0.1259490193528193
81006,-0.07257069283483537,0.11712981716556127
81007,-0.07257069283483537,0.1214720057716371
81008,-0.06187540371808753,0.11167303700395521
81009,-0.05129329438755058,0.13178952233259014
81010,-0.05129329438755058,0.127624567924855
81011,-0.05129329438755058,0.1481174463561482
81013,-0.06187540371808753,0.12032077083751302
81014,-0.040821994520255166,0.11384875067051518
81015,-0.08338160893905101,0.1269877792941961
81016,-0.030459207484708574,0.10856161442788936
81017,-0.06187540371808753,0.11167303700395521
81019,-0.07257069283483537,0.11712981716556127
81020,-0.040821994520255166,0.11384875067051518
81021,-0.06187540371808753,0.1371885577053131
81022,-0.06187540371808753,0.12032077083751302
81023,-0.05129329438755058,0.1106161902373081
81024,-0.07257069283483537,0.13004706613713773
81025,-0.030459207484708574,0.15330935953967798
81026,-0.040821994520255166,0.11384875067051518
81027,-0.030459207484708574,0.0823915662709758
81028,-0.040821994520255166,0.08318348328801238
81029,-0.030459207484708574,0.09564436545631289
81030,0,0.08444614208039455
81031,0,0.11791414334866665
81032,0,0.1377689475576838
81033,0,0.08444614208039455
81034,-0.040821994520255166,0.1264470224002966
81035,-0.05129329438755058,0.15211906750973286
81036,-0.030459207484708574,0.15330935953967798
81037,-0.05129329438755058,0.127624567924855
81038,-0.05129329438755058,0.127624567924855
81039,-0.05129329438755058,0.15211906750973286
81040,-0.05129329438755058,0.10627400163123228
81041,-0.030459207484708574,0.08684752543870776
81042,-0.040821994520255166,0.10957923553249652
81043,-0.020202707317519466,0.15962873534711197
81044,-0.06187540371808753,0.1371885577053131
81045,-0.040821994520255166,0.10527369030501454
81046,-0.040821994520255166,0.1264470224002966
81047,-0.040821994520255166,0.1222820679925614
81048,-0.05129329438755058,0.127624567924855
81049,-0.040821994520255166,0.1222820679925614
81050,-0.020202707317519466,0.10756278924804549
81051,-0.020202707317519466,0.1159269779091049
81052,-0.030459207484708574,0.12115988615767076
81053,-0.030459207484708574,0.13345455533066083
81054,-0.040821994520255166,0.10527369030501454
81055,-0.040821994520255166,0.1264470224002966
81056,-0.020202707317519466,0.1159269779091049
81057,-0.040821994520255166,0.09213466168133358
81058,-0.05129329438755058,0.10627400163123228
81059,-0.040821994520255166,0.11808283373923718
81060,-0.020202707317519466,0.11176202350136971
81061,-0.040821994520255166,0.10957923553249652
81062,-0.020202707317519466,0.1159269779091049
81063,-0.030459207484708574,0.13345455533066083
81064,-0.030459207484708574,0.12529111586819083
81065,-0.01005033585350145,0.1467765675774393
81067,-0.06187540371808753,0.1330236032975779
81069,-0.040821994520255166,0.10527369030501454
81070,-0.030459207484708574,0.13345455533066083
81071,-0.030459207484708574,0.14148943133481348
81072,-0.040821994520255166,0.11384875067051518
81073,-0.05129329438755058,0.1106161902373081
81074,0.009950330853168092,0.12484279975531258
81075,-0.030459207484708574,0.12529111586819083
81076,-0.020202707317519466,0.12415625440394348
81077,-0.01005033585350145,0.13898704098009823
81078,-0.05129329438755058,0.11919125060280876
81079,-0.020202707317519466,0.12005820761962498
81080,-0.030459207484708574,0.09998655406238872
81081,-0.040821994520255166,0.10957923553249652
81082,0,0.12194739819923466
81083,-0.020202707317519466,0.17831961962251008
81084,-0.05129329438755058,0.11492173546479009
81086,-0.040821994520255166,0.14677656757743926
81087,-0.040821994520255166,0.10957923553249652
81088,-0.040821994520255166,0.13057825211081664
81089,-0.030459207484708574,0.09126490438927642
81090,-0.020202707317519466,0.1159269779091049
81091,-0.040821994520255166,0.11808283373923718
81092,-0.030459207484708574,0.12938916265250938
81093,-0.030459207484708574,0.13345455533066083
81094,-0.05129329438755058,0.12342533367153076
81095,-0.040821994520255166,0.13057825211081664
81096,-0.040821994520255166,0.11808283373923718
81097,-0.040821994520255166,0.1222820679925614
81098,-0.030459207484708574,0.1042920992898707
81099,-0.040821994520255166,0.11808283373923718
81100,-0.020202707317519466,0.09905919104130483
81101,0.06765864847381486,0.15505352446870824
81102,-0.040821994520255166,0.11808283373923718
81103,-0.030459207484708574,0.11699493174993558
81104,0.03922071315328133,0.1331040200495188
81105,-0.030459207484708574,0.11699493174993558
81106,0.03922071315328133,0.12548889238794958
81107,0,0.10975070388619668
81108,0.009950330853168092,0.1326922481428021
81109,-0.020202707317519466,0.1033287061793235
81110,0.02955880224154443,0.1529310943372734
91003,-0.01005033585350145,0.15824231035910186
